[
  {
    "Id": "699867",
    "ThreadId": "279906",
    "Html": "\r\n<p>I use the link and browse to the list and nothing the pages is 404. &nbsp;I have checked the content and there is no additional list &nbsp;for&nbsp;ikSPPowerShellTimerJobHistoryList?</p>\r\n<p>I have tried this on two farms now. &nbsp;I install the solution and schedule jobs that run... nothing??</p>\r\n<p>&nbsp;</p>\r\n<p>Help I would love to use this!</p>\r\n",
    "PostedDate": "2011-11-17T14:23:44.57-08:00",
    "UserRole": null,
    "MarkedAsAnswerDate": null
  },
  {
    "Id": "700275",
    "ThreadId": "279906",
    "Html": "<p>sorry got it site collection feature</p>",
    "PostedDate": "2011-11-18T08:55:52.787-08:00",
    "UserRole": null,
    "MarkedAsAnswerDate": null
  }
]