[
  {
    "Id": "832395",
    "ThreadId": "354593",
    "Html": "<p>I have a script that sends emails of some list data.&nbsp; It works fine in a PowerShell window but when I make it into a PS job with this project, it seems to run many times in&nbsp;a row.&nbsp; Not an endless loop mind you, but my last try sent 4 emails 8 times!</p>\n<p>Anyone else run into this?&nbsp; Any ideas?&nbsp; The silly \"Server\" box in the timer definition shows the names of my production server (the one of interest), my incoming and outgoing mail servers, and the SQL server but doesn't retain the selection.&nbsp; Could this be the problem?</p>",
    "PostedDate": "2012-05-04T17:30:58.87-07:00",
    "UserRole": null,
    "MarkedAsAnswerDate": null
  }
]