{
  "WorkItem": {
    "AffectedComponent": {
      "Name": "",
      "DisplayName": ""
    },
    "ClosedComment": "",
    "ClosedDate": null,
    "CommentCount": 0,
    "Custom": null,
    "Description": "When deployed, the solution did not create the ikSPPowerShellTimerJobHistoryList List.\n \nSP2010 SP1 with August CU\n4 server farm, 2 instances of CA\n \nLet me know if you need any more information.",
    "LastUpdatedDate": "2014-06-19T04:13:55.097-07:00",
    "PlannedForRelease": "",
    "ReleaseVisibleToPublic": false,
    "Priority": {
      "Name": "Low",
      "Severity": 50,
      "Id": 1
    },
    "ProjectName": "sppowershelltimerjob",
    "ReportedDate": "2012-03-14T16:39:49.53-07:00",
    "Status": {
      "Name": "Proposed",
      "Id": 1
    },
    "ReasonClosed": {
      "Name": "Unassigned"
    },
    "Summary": "ikSPPowerShellTimerJobHistoryList List was not created",
    "Type": {
      "Name": "Issue",
      "Id": 3
    },
    "VoteCount": 2,
    "Id": 1172
  },
  "FileAttachments": [],
  "Comments": [
    {
      "Message": "You need to go to Site Collection features and activate \"Ingo Karstein's SharePoint PowerShell Timer Job History\"",
      "PostedDate": "2012-08-02T09:12:18.527-07:00",
      "Id": -2147483648
    },
    {
      "Message": "",
      "PostedDate": "2013-02-13T17:29:18.363-08:00",
      "Id": -2147483648
    },
    {
      "Message": "",
      "PostedDate": "2014-06-19T04:13:55.097-07:00",
      "Id": -2147483648
    }
  ]
}