{
  "WorkItem": {
    "AffectedComponent": {
      "Name": "",
      "DisplayName": ""
    },
    "ClosedComment": "",
    "ClosedDate": null,
    "CommentCount": 0,
    "Custom": null,
    "Description": "When saving an existing job SharePoint gives error that a job with same name already exists. It doesn't crash every time.",
    "LastUpdatedDate": "2013-10-10T05:04:29.45-07:00",
    "PlannedForRelease": "",
    "ReleaseVisibleToPublic": false,
    "Priority": {
      "Name": "Unassigned",
      "Severity": 0,
      "Id": 0
    },
    "ProjectName": "sppowershelltimerjob",
    "ReportedDate": "2013-10-10T05:04:20.2-07:00",
    "Status": {
      "Name": "Proposed",
      "Id": 1
    },
    "ReasonClosed": {
      "Name": "Unassigned"
    },
    "Summary": "Saving existing job gives error job with same name already exists",
    "Type": {
      "Name": "Unassigned",
      "Id": 5
    },
    "VoteCount": 1,
    "Id": 1875
  },
  "FileAttachments": [
    {
      "FileId": 935,
      "FileName": "Error.png",
      "DownloadUrl": ".\\935"
    }
  ],
  "Comments": []
}