{
  "WorkItem": {
    "AffectedComponent": {
      "Name": "",
      "DisplayName": ""
    },
    "ClosedComment": "",
    "ClosedDate": null,
    "CommentCount": 0,
    "Custom": null,
    "Description": "Hello, \nWe've observed several incidents of Jobs running more than once, on the same the same server when the expectations and settings say otherwise. \n\nThe history page shows up to 4  results when it executes the timer job. \n\nAre we doing something wrong? \nKnown issue/work around?\n\n-- Kevin",
    "LastUpdatedDate": "2014-07-25T09:17:09.077-07:00",
    "PlannedForRelease": "",
    "ReleaseVisibleToPublic": false,
    "Priority": {
      "Name": "Unassigned",
      "Severity": 0,
      "Id": 0
    },
    "ProjectName": "sppowershelltimerjob",
    "ReportedDate": "2014-07-25T09:17:09.077-07:00",
    "Status": {
      "Name": "Proposed",
      "Id": 1
    },
    "ReasonClosed": {
      "Name": "Unassigned"
    },
    "Summary": "Jobs Are Executing up to 4 Times",
    "Type": {
      "Name": "Unassigned",
      "Id": 5
    },
    "VoteCount": 1,
    "Id": 2338
  },
  "FileAttachments": [],
  "Comments": []
}