[
  {
    "Id": "0",
    "Name": "SharePoint PowerShell Timer Jobs v0.1.0.0",
    "DevelopmentStatus": "Beta",
    "Description": "! SharePoint PowerShell Timer Jobs v0.1.0.0\n\nCorresponding blog article:\n* [url:http://ikarstein.wordpress.com/2011/08/04/sharepoint-powershell-timer-jobs-run-powershell-scripts-in-sharepoint-timer-service-context/]",
    "ReleasedDatge": "0001-01-01T00:00:00",
    "ModifiedDate": "2011-08-03T15:28:59.527-07:00",
    "Files": [
      {
        "Id": "cf65fc35-e5ba-4d8e-8b19-aa8f77ea871e",
        "FileName": "SPPowerShellTimerJob-src-v0.1.0.0.zip",
        "Url": "./0/cf65fc35-e5ba-4d8e-8b19-aa8f77ea871e",
        "Type": "Source Code",
        "UploadDate": "2011-08-03T15:28:38.38-07:00"
      },
      {
        "Id": "2870e265-22d9-41a3-9dfb-db4ea3b94551",
        "FileName": "SPPowerShellTimerJob-bin-v0.1.0.0.zip",
        "Url": "./0/2870e265-22d9-41a3-9dfb-db4ea3b94551",
        "Type": "Application",
        "UploadDate": "2011-08-03T14:56:51.63-07:00"
      }
    ]
  }
]