[
  {
    "Title": "Home",
    "Id": "457802",
    "ParentWikiTitle": "",
    "FileExtension": "html",
    "UpdatedDate": "2011-08-03T15:33:29.627-07:00",
    "FileAttachments": [
      {
        "Id": "03385995-c013-408c-b509-6f6adc1a2962",
        "FileName": "wlEmoticon-smile_2.png",
        "DownloadUri": "./457802/03385995-c013-408c-b509-6f6adc1a2962"
      },
      {
        "Id": "45cdb199-9855-4e85-a0fe-5e91b219ccd4",
        "FileName": "pic01_2.png",
        "DownloadUri": "./457802/45cdb199-9855-4e85-a0fe-5e91b219ccd4"
      },
      {
        "Id": "3c6b3104-6cda-4163-b2fc-705c760a1525",
        "FileName": "pic01_thumb.png",
        "DownloadUri": "./457802/3c6b3104-6cda-4163-b2fc-705c760a1525"
      },
      {
        "Id": "facfdbd6-6662-43f4-b8f3-450364faf1f9",
        "FileName": "pic02_2.png",
        "DownloadUri": "./457802/facfdbd6-6662-43f4-b8f3-450364faf1f9"
      },
      {
        "Id": "75d43b30-97e2-4ad2-bdfe-886daee1b860",
        "FileName": "pic02_thumb.png",
        "DownloadUri": "./457802/75d43b30-97e2-4ad2-bdfe-886daee1b860"
      },
      {
        "Id": "42991c49-1a4c-42b9-b30f-5dd26a52efb9",
        "FileName": "pic03_2.png",
        "DownloadUri": "./457802/42991c49-1a4c-42b9-b30f-5dd26a52efb9"
      },
      {
        "Id": "aa8a7b08-b93f-42db-9a54-f4dc885e5035",
        "FileName": "pic03_thumb.png",
        "DownloadUri": "./457802/aa8a7b08-b93f-42db-9a54-f4dc885e5035"
      },
      {
        "Id": "c96b82bf-9ebc-428c-8b9f-1c99c697cc1f",
        "FileName": "pic04_2.png",
        "DownloadUri": "./457802/c96b82bf-9ebc-428c-8b9f-1c99c697cc1f"
      },
      {
        "Id": "ef442571-37df-491d-93ac-ee8a7ea76e94",
        "FileName": "pic04_thumb.png",
        "DownloadUri": "./457802/ef442571-37df-491d-93ac-ee8a7ea76e94"
      },
      {
        "Id": "868c35f3-9b68-449e-b252-63a2bd63b0a2",
        "FileName": "pic05_2.png",
        "DownloadUri": "./457802/868c35f3-9b68-449e-b252-63a2bd63b0a2"
      },
      {
        "Id": "ec9e54ff-e998-46c0-90f2-2eff3aae0992",
        "FileName": "pic05_thumb.png",
        "DownloadUri": "./457802/ec9e54ff-e998-46c0-90f2-2eff3aae0992"
      },
      {
        "Id": "98e4883b-76c2-48cd-a9a1-6634a5c88e6c",
        "FileName": "pic06_2.png",
        "DownloadUri": "./457802/98e4883b-76c2-48cd-a9a1-6634a5c88e6c"
      },
      {
        "Id": "341b05e9-931b-4e7a-9273-39cf64d764a0",
        "FileName": "pic06_thumb.png",
        "DownloadUri": "./457802/341b05e9-931b-4e7a-9273-39cf64d764a0"
      },
      {
        "Id": "e313bdb8-13c6-4c52-8978-f225f59400f3",
        "FileName": "pic07_2.png",
        "DownloadUri": "./457802/e313bdb8-13c6-4c52-8978-f225f59400f3"
      },
      {
        "Id": "f93095c8-8786-4c72-b0b4-5f998c597ab3",
        "FileName": "pic07_thumb.png",
        "DownloadUri": "./457802/f93095c8-8786-4c72-b0b4-5f998c597ab3"
      },
      {
        "Id": "548aa905-37bb-473d-8049-8f499ab5d2c9",
        "FileName": "pic01_2.png",
        "DownloadUri": "./457802/548aa905-37bb-473d-8049-8f499ab5d2c9"
      },
      {
        "Id": "1e3461d8-a696-4b35-93f8-7fdc23993344",
        "FileName": "pic01_thumb.png",
        "DownloadUri": "./457802/1e3461d8-a696-4b35-93f8-7fdc23993344"
      },
      {
        "Id": "9327213f-1a21-4691-bb52-aec678dd182f",
        "FileName": "pic02_2.png",
        "DownloadUri": "./457802/9327213f-1a21-4691-bb52-aec678dd182f"
      },
      {
        "Id": "51ce4bfe-4836-4f6b-8608-2d47ed5ea367",
        "FileName": "pic02_thumb.png",
        "DownloadUri": "./457802/51ce4bfe-4836-4f6b-8608-2d47ed5ea367"
      },
      {
        "Id": "4d811cb3-c8da-493a-833a-66368a64d7fd",
        "FileName": "pic03_2.png",
        "DownloadUri": "./457802/4d811cb3-c8da-493a-833a-66368a64d7fd"
      },
      {
        "Id": "f2181ac4-2681-44af-8489-4209b708431f",
        "FileName": "pic03_thumb.png",
        "DownloadUri": "./457802/f2181ac4-2681-44af-8489-4209b708431f"
      },
      {
        "Id": "15508a78-8396-4eac-bfe6-d7ed68f4b1c0",
        "FileName": "pic04_2.png",
        "DownloadUri": "./457802/15508a78-8396-4eac-bfe6-d7ed68f4b1c0"
      },
      {
        "Id": "e2dedf28-5f15-4cb4-b2dd-49415e08d8ad",
        "FileName": "pic04_thumb.png",
        "DownloadUri": "./457802/e2dedf28-5f15-4cb4-b2dd-49415e08d8ad"
      },
      {
        "Id": "17f28101-0dcd-4e25-843c-06d7267c975e",
        "FileName": "pic05_2.png",
        "DownloadUri": "./457802/17f28101-0dcd-4e25-843c-06d7267c975e"
      },
      {
        "Id": "4bb65b56-3a67-45ea-95d0-7d8b2fabeabe",
        "FileName": "pic05_thumb.png",
        "DownloadUri": "./457802/4bb65b56-3a67-45ea-95d0-7d8b2fabeabe"
      },
      {
        "Id": "c285f01d-b6a2-442b-a1db-8fc7998022cc",
        "FileName": "pic06_2.png",
        "DownloadUri": "./457802/c285f01d-b6a2-442b-a1db-8fc7998022cc"
      },
      {
        "Id": "9199cd1c-5092-4734-987c-ef592006075b",
        "FileName": "pic06_thumb.png",
        "DownloadUri": "./457802/9199cd1c-5092-4734-987c-ef592006075b"
      },
      {
        "Id": "0eb0e7c6-1816-468d-8095-d2afe4ab804d",
        "FileName": "pic07_2.png",
        "DownloadUri": "./457802/0eb0e7c6-1816-468d-8095-d2afe4ab804d"
      },
      {
        "Id": "89f3a709-c092-42b5-9cf3-2afa662528df",
        "FileName": "pic07_thumb.png",
        "DownloadUri": "./457802/89f3a709-c092-42b5-9cf3-2afa662528df"
      },
      {
        "Id": "9003c6a0-0c77-4576-9d1b-63a7b882de92",
        "FileName": "pic01_4.png",
        "DownloadUri": "./457802/9003c6a0-0c77-4576-9d1b-63a7b882de92"
      },
      {
        "Id": "2dced120-bdcd-4eeb-9436-7d9bba32941f",
        "FileName": "pic01_thumb_1.png",
        "DownloadUri": "./457802/2dced120-bdcd-4eeb-9436-7d9bba32941f"
      }
    ]
  }
]
