[
  {
    "Id": "0",
    "Name": "SPFolderImport",
    "DevelopmentStatus": "Stable",
    "Description": "! v1.0\n\nsee:\n[url:https://ikarstein.wordpress.com/2012/08/05/powershell-script-spfolderimport-for-import-a-whole-file-system-folder-to-a-sharepoint-document-library-using-the-content-migration-api/]",
    "ReleasedDatge": "0001-01-01T00:00:00",
    "ModifiedDate": "2012-08-05T12:08:15.237-07:00",
    "Files": [
      {
        "Id": "7ef7e48c-6140-4cd1-a549-5221652f6172",
        "FileName": "SPFolderImport-v1.0.zip",
        "Url": "./0/7ef7e48c-6140-4cd1-a549-5221652f6172",
        "Type": "Source Code",
        "UploadDate": "2012-08-05T12:07:22.14-07:00"
      }
    ]
  }
]