[
  {
    "Id": "1034465",
    "ThreadId": "441277",
    "Html": "I am trying to create a workflow using SharePoint designer 2010 to move documents from one document library to another. This should happen manually. I am only able to trigger the workflow at item level. Can anyone tell me how to configure the workflow for all the items in the Document library on triggering the workflow manually?<br />\n",
    "PostedDate": "2013-04-23T04:34:22.64-07:00",
    "UserRole": null,
    "MarkedAsAnswerDate": null
  }
]