[
  {
    "Id": "0",
    "Name": "ik.SharePoint2010.Workflow-v0.1.0.0",
    "DevelopmentStatus": "Beta",
    "Description": "WSP, Binaries and Source Code",
    "ReleasedDatge": "0001-01-01T00:00:00",
    "ModifiedDate": "2011-03-30T09:40:21.457-07:00",
    "Files": [
      {
        "Id": "2482fa46-5f79-4777-9844-3ff892c4800c",
        "FileName": "ik.SharePoint2010.Workflow-v0.1.0.0_src.zip",
        "Url": "./0/2482fa46-5f79-4777-9844-3ff892c4800c",
        "Type": "Source Code",
        "UploadDate": "2011-03-30T09:40:21.3-07:00"
      },
      {
        "Id": "ad95181e-d794-437f-b06d-7283dabda4f9",
        "FileName": "ik.SharePoint2010.Workflow-v0.1.0.0_bin.zip",
        "Url": "./0/ad95181e-d794-437f-b06d-7283dabda4f9",
        "Type": "Application",
        "UploadDate": "2011-03-30T09:40:21.27-07:00"
      }
    ]
  },
  {
    "Id": "1",
    "Name": "ik.SharePoint2010.Workflow-v0.2.0.0",
    "DevelopmentStatus": "Beta",
    "Description": "This is version 0.2.0.0. \n\nSee my blog post http://ikarstein.wordpress.com/2011/04/24/walkthrough-create-sharepoint-2010-workflow-association-form-and-initiation-form-in-visual-studio-2010-by-using-application-pages-part-1-of-2/",
    "ReleasedDatge": "0001-01-01T00:00:00",
    "ModifiedDate": "2011-04-24T04:36:04.72-07:00",
    "Files": [
      {
        "Id": "57de5736-7eec-4bfc-8e41-5845b5bb4d1e",
        "FileName": "ik.SharePoint2010.Workflow-v0.2.0.0_src.zip",
        "Url": "./1/57de5736-7eec-4bfc-8e41-5845b5bb4d1e",
        "Type": "Source Code",
        "UploadDate": "2011-04-24T04:34:53.813-07:00"
      },
      {
        "Id": "05286006-201a-4a34-8f89-8f22b1e4911b",
        "FileName": "ik.SharePoint2010.Workflow-v0.2.0.0_bin.zip",
        "Url": "./1/05286006-201a-4a34-8f89-8f22b1e4911b",
        "Type": "Application",
        "UploadDate": "2011-04-24T04:36:04.44-07:00"
      }
    ]
  }
]