[
  {
    "Id": "0",
    "Name": "SPListForms-v0.1",
    "DevelopmentStatus": "Alpha",
    "Description": "Version 0.1 - Alpha",
    "ReleasedDatge": "0001-01-01T00:00:00",
    "ModifiedDate": "2013-06-09T14:14:08.407-07:00",
    "Files": [
      {
        "Id": "fe172a74-66fd-4c49-9554-bfcce2502a41",
        "FileName": "SharePointListForms-src-v0.1.0.0.zip",
        "Url": "./0/fe172a74-66fd-4c49-9554-bfcce2502a41",
        "Type": "Source Code",
        "UploadDate": "2013-06-09T14:14:08.343-07:00"
      }
    ]
  }
]