[
  {
    "Title": "Home",
    "Id": "362465",
    "ParentWikiTitle": "Home",
    "FileExtension": "html",
    "UpdatedDate": "2010-12-30T13:41:27.037-08:00",
    "FileAttachments": [
      {
        "Id": "6d9da592-512d-4954-8cfd-e6c640e12eb3",
        "FileName": "image_thumb_2.png",
        "DownloadUri": "./362465/6d9da592-512d-4954-8cfd-e6c640e12eb3"
      },
      {
        "Id": "7482a143-c163-4328-acbf-6e031dfbfefd",
        "FileName": "image_thumb_thumb.png",
        "DownloadUri": "./362465/7482a143-c163-4328-acbf-6e031dfbfefd"
      },
      {
        "Id": "3657f43d-c365-463c-90a5-2edc5276ef06",
        "FileName": "image_thumb[1]_2.png",
        "DownloadUri": "./362465/3657f43d-c365-463c-90a5-2edc5276ef06"
      },
      {
        "Id": "6a05ac6e-8797-4b16-8202-111f6c0543de",
        "FileName": "image_thumb[1]_thumb.png",
        "DownloadUri": "./362465/6a05ac6e-8797-4b16-8202-111f6c0543de"
      },
      {
        "Id": "c772ffe7-cf07-4fb3-9fdd-eef7f240256d",
        "FileName": "image_thumb[2]_2.png",
        "DownloadUri": "./362465/c772ffe7-cf07-4fb3-9fdd-eef7f240256d"
      },
      {
        "Id": "d883b671-60e1-4c8e-89af-60cc1bc23e16",
        "FileName": "image_thumb[2]_thumb.png",
        "DownloadUri": "./362465/d883b671-60e1-4c8e-89af-60cc1bc23e16"
      },
      {
        "Id": "526c26b0-917b-4600-aa40-d789933d6a39",
        "FileName": "wlEmoticon-winkingsmile_2.png",
        "DownloadUri": "./362465/526c26b0-917b-4600-aa40-d789933d6a39"
      },
      {
        "Id": "08d02f1c-4c13-48c6-a863-c3c7269557ff",
        "FileName": "image_thumb[3]_2.png",
        "DownloadUri": "./362465/08d02f1c-4c13-48c6-a863-c3c7269557ff"
      },
      {
        "Id": "f23ec2ad-d065-44d9-bbd9-2d176aa6a1c7",
        "FileName": "image_thumb[3]_thumb.png",
        "DownloadUri": "./362465/f23ec2ad-d065-44d9-bbd9-2d176aa6a1c7"
      },
      {
        "Id": "1a01068c-0ccd-4d27-9241-811015503a6d",
        "FileName": "wlEmoticon-smile_2.png",
        "DownloadUri": "./362465/1a01068c-0ccd-4d27-9241-811015503a6d"
      },
      {
        "Id": "f031f349-f003-4349-ba19-7e16141372f4",
        "FileName": "image_thumb[4]_2.png",
        "DownloadUri": "./362465/f031f349-f003-4349-ba19-7e16141372f4"
      },
      {
        "Id": "6c52b8a7-97d5-4e44-ba7f-ee35a26e478a",
        "FileName": "image_thumb[4]_thumb.png",
        "DownloadUri": "./362465/6c52b8a7-97d5-4e44-ba7f-ee35a26e478a"
      },
      {
        "Id": "e3fa0939-53fa-469e-8331-a789c2e38910",
        "FileName": "wlEmoticon-smile_2.png",
        "DownloadUri": "./362465/1a01068c-0ccd-4d27-9241-811015503a6d"
      },
      {
        "Id": "e83d8a8c-39b0-434e-b5c8-5f00881af1de",
        "FileName": "image_thumb[5]_2.png",
        "DownloadUri": "./362465/e83d8a8c-39b0-434e-b5c8-5f00881af1de"
      },
      {
        "Id": "0f025b7f-8564-4aa1-bb8b-7c229e6e012e",
        "FileName": "image_thumb[5]_thumb.png",
        "DownloadUri": "./362465/0f025b7f-8564-4aa1-bb8b-7c229e6e012e"
      },
      {
        "Id": "23139c5d-b59a-49ba-891c-65b114ecabdc",
        "FileName": "image_thumb[6]_2.png",
        "DownloadUri": "./362465/23139c5d-b59a-49ba-891c-65b114ecabdc"
      },
      {
        "Id": "044b2ee6-d308-4e3d-bd31-f2e5b03b8598",
        "FileName": "image_thumb[6]_thumb.png",
        "DownloadUri": "./362465/044b2ee6-d308-4e3d-bd31-f2e5b03b8598"
      },
      {
        "Id": "fd42a728-d267-47c8-9228-50d603e19feb",
        "FileName": "image_thumb[7]_2.png",
        "DownloadUri": "./362465/fd42a728-d267-47c8-9228-50d603e19feb"
      },
      {
        "Id": "6c2d28e0-37d9-4346-a803-b525b8cbf3d2",
        "FileName": "image_thumb[7]_thumb.png",
        "DownloadUri": "./362465/6c2d28e0-37d9-4346-a803-b525b8cbf3d2"
      },
      {
        "Id": "8697716e-dbc1-46e9-9004-3fa89b7e0f81",
        "FileName": "image_thumb[8]_2.png",
        "DownloadUri": "./362465/8697716e-dbc1-46e9-9004-3fa89b7e0f81"
      },
      {
        "Id": "b3871f2f-9ee3-44b8-a945-42c7d9136319",
        "FileName": "image_thumb[8]_thumb.png",
        "DownloadUri": "./362465/b3871f2f-9ee3-44b8-a945-42c7d9136319"
      },
      {
        "Id": "51dd660a-c1e8-48e2-bf6e-2dc2a38e64c6",
        "FileName": "image_thumb[9]_2.png",
        "DownloadUri": "./362465/51dd660a-c1e8-48e2-bf6e-2dc2a38e64c6"
      },
      {
        "Id": "a41d35e9-2650-4684-ae2d-22ee8a888eef",
        "FileName": "image_thumb[9]_thumb.png",
        "DownloadUri": "./362465/a41d35e9-2650-4684-ae2d-22ee8a888eef"
      },
      {
        "Id": "5c4c4325-daa4-4407-97d3-8b49ddc30b13",
        "FileName": "image_thumb[11]_2.png",
        "DownloadUri": "./362465/5c4c4325-daa4-4407-97d3-8b49ddc30b13"
      },
      {
        "Id": "70e655bc-399c-4418-8d42-e9fc7d71dfe2",
        "FileName": "image_thumb[11]_thumb.png",
        "DownloadUri": "./362465/70e655bc-399c-4418-8d42-e9fc7d71dfe2"
      }
    ]
  }
]
