[
  {
    "Id": "1238489",
    "ThreadId": "543479",
    "Html": "New address :\r<br />\n<br />\n<a href=\"http://blog.karstein-consulting.com/2011/04/02/walkthrough-deploying-a-infopath-2010-list-form-in-a-visual-studio-2010-solution-package/\" rel=\"nofollow\">http://blog.karstein-consulting.com/2011/04/02/walkthrough-deploying-a-infopath-2010-list-form-in-a-visual-studio-2010-solution-package/</a><br />\n",
    "PostedDate": "2014-04-27T02:16:40.63-07:00",
    "UserRole": null,
    "MarkedAsAnswerDate": null
  }
]