[
  {
    "Id": "0",
    "Name": "v0.1",
    "DevelopmentStatus": "Alpha",
    "Description": "v0.1 - Initial Release.\n\nSee blog article:",
    "ReleasedDatge": "0001-01-01T00:00:00",
    "ModifiedDate": "2013-06-30T12:41:15.217-07:00",
    "Files": [
      {
        "Id": "272958f9-bd3d-44ce-a0d5-c3d9345c7351",
        "FileName": "CryptForm-v0.1.zip",
        "Url": "./0/272958f9-bd3d-44ce-a0d5-c3d9345c7351",
        "Type": "Source Code",
        "UploadDate": "2013-06-30T12:41:15.153-07:00"
      }
    ]
  }
]