[
  {
    "Id": "0",
    "Name": "SPWebChangeLog v1.2.0.0",
    "DevelopmentStatus": "Beta",
    "Description": "Compiled with VS2012.\n\nSome ULS logging: \n* Product = \"Web Change Log\"\n\nBefore sending a mail for a certain web the job checks the users permissions. If the user does not have read permissions on the WEB (SPWeb) it will not send a mail.",
    "ReleasedDatge": "0001-01-01T00:00:00",
    "ModifiedDate": "2014-05-26T07:12:44.88-07:00",
    "Files": [
      {
        "Id": "0d6e6ffc-2327-434b-baea-d1544ef86f24",
        "FileName": "ik.SharePoint2010.WebChangeLog-bin-v1.2.0.0.zip",
        "Url": "./0/0d6e6ffc-2327-434b-baea-d1544ef86f24",
        "Type": "Application",
        "UploadDate": "2014-05-26T07:10:17.27-07:00"
      },
      {
        "Id": "f63e4877-6c36-4f95-9508-094784b21b6e",
        "FileName": "ik.SharePoint2010.WebChangeLog-src-v1.2.0.0.zip",
        "Url": "./0/f63e4877-6c36-4f95-9508-094784b21b6e",
        "Type": "Source Code",
        "UploadDate": "2014-05-26T07:12:44.427-07:00"
      }
    ]
  },
  {
    "Id": "1",
    "Name": "SPWebChangeLog v1.1.0.0",
    "DevelopmentStatus": "Beta",
    "Description": "* Resource usage fix (Web Feature Description)\n* Debug.Break() removed from Web App Feature",
    "ReleasedDatge": "0001-01-01T00:00:00",
    "ModifiedDate": "2012-12-06T05:27:09.94-08:00",
    "Files": [
      {
        "Id": "afb85b9f-6085-49ec-b35e-c101c64dcba8",
        "FileName": "ik.SharePoint2010.WebChangeLog-bin-v1.1.0.0.zip",
        "Url": "./1/afb85b9f-6085-49ec-b35e-c101c64dcba8",
        "Type": "Application",
        "UploadDate": "2012-12-06T05:27:09.283-08:00"
      },
      {
        "Id": "6b7fddc4-d0ba-4231-a2fb-3e59e037926a",
        "FileName": "ik.SharePoint2010.WebChangeLog-src-v1.1.0.0.zip",
        "Url": "./1/6b7fddc4-d0ba-4231-a2fb-3e59e037926a",
        "Type": "Source Code",
        "UploadDate": "2012-12-06T05:27:09.313-08:00"
      }
    ]
  },
  {
    "Id": "2",
    "Name": "SPWebChangeLog v1.0.0.0",
    "DevelopmentStatus": "Beta",
    "Description": "This is the version 1.0.0.0 of my project \"SharePoint Web Change Log\".",
    "ReleasedDatge": "0001-01-01T00:00:00",
    "ModifiedDate": "2012-10-03T07:36:20.37-07:00",
    "Files": [
      {
        "Id": "608c0fc4-e2e0-43a9-a6fc-b307e5616fbe",
        "FileName": "ik.SharePoint2010.WebChangeLog-bin-v1.0.0.0.zip",
        "Url": "./2/608c0fc4-e2e0-43a9-a6fc-b307e5616fbe",
        "Type": "Application",
        "UploadDate": "2012-10-03T07:36:20.37-07:00"
      },
      {
        "Id": "73cd7422-16d8-4733-8e44-ef8a16297814",
        "FileName": "ik.SharePoint2010.WebChangeLog-v1.0.0.0.zip",
        "Url": "./2/73cd7422-16d8-4733-8e44-ef8a16297814",
        "Type": "Source Code",
        "UploadDate": "2012-10-03T07:34:50.87-07:00"
      }
    ]
  },
  {
    "Id": "3",
    "Name": "SPWebChangeLog v1.3.0.0",
    "DevelopmentStatus": "Beta",
    "Description": "Bugfix for missing \"Title\" column,\n\nRemoved links on \"deleted items\" in alert mail.",
    "ReleasedDatge": "0001-01-01T00:00:00",
    "ModifiedDate": "2014-05-28T04:45:28.087-07:00",
    "Files": [
      {
        "Id": "15828c6a-3c3d-4eb1-9f84-b9c0cea15083",
        "FileName": "ik.SharePoint2010.WebChangeLog-bin-v1.3.0.0.zip",
        "Url": "./3/15828c6a-3c3d-4eb1-9f84-b9c0cea15083",
        "Type": "Application",
        "UploadDate": "2014-05-28T04:45:27.51-07:00"
      },
      {
        "Id": "b4f6e6fe-28ee-4586-96f3-7c21303708f9",
        "FileName": "ik.SharePoint2010.WebChangeLog-src-v1.3.0.0.zip",
        "Url": "./3/b4f6e6fe-28ee-4586-96f3-7c21303708f9",
        "Type": "Application",
        "UploadDate": "2014-05-28T04:45:27.523-07:00"
      }
    ]
  }
]