[
  {
    "Id": "0",
    "Name": "ik.SharePoint2010.AutoGeneratedSolution-v0.1",
    "DevelopmentStatus": "Alpha",
    "Description": "Version 0.1 - Alpha!",
    "ReleasedDatge": "0001-01-01T00:00:00",
    "ModifiedDate": "2012-02-28T15:01:04.74-08:00",
    "Files": [
      {
        "Id": "b8c342a7-e7b7-4617-b391-c082345ae497",
        "FileName": "ik.SharePoint2010.AutoGeneratedSolution-v0.1-src.zip",
        "Url": "./0/b8c342a7-e7b7-4617-b391-c082345ae497",
        "Type": "Source Code",
        "UploadDate": "2012-02-28T14:59:49.97-08:00"
      },
      {
        "Id": "6bd081cb-a306-43e2-b815-c1f3d044ec21",
        "FileName": "ik.SharePoint2010.AutoGeneratedSolution-v0.1-bin.zip",
        "Url": "./0/6bd081cb-a306-43e2-b815-c1f3d044ec21",
        "Type": "Application",
        "UploadDate": "2012-02-28T14:59:49.97-08:00"
      }
    ]
  }
]