[
  {
    "Id": "1236737",
    "ThreadId": "542975",
    "Html": "This worked well for me, but I was not able to make the .CAB file until I put quotations (&quot;) around most of the lines where the paths had spaces.\r<br />\n<br />\nIt's still a great product.  I just want to make people aware.\r<br />\n<br />\nThanks!!!<br />\n",
    "PostedDate": "2014-04-22T12:15:57.093-07:00",
    "UserRole": null,
    "MarkedAsAnswerDate": null
  },
  {
    "Id": "1259791",
    "ThreadId": "542975",
    "Html": "I had the same requirement.  If you are a coder, or have someone who can code c#, just download the source code provided by the author and change the following lines in Program.cs\r<br />\n<br />\nline 119:  string input = &quot;.Set DestinationDir = \\&quot;&quot; + entry+ &quot;\\&quot;&quot;;\r<br />\nline 173:  writer.WriteLine(&quot;\\&quot;&quot;+fileAt + fileComps[fileComps.Length - 1]+&quot;\\&quot;&quot;);\r<br />\n<br />\nThen rebuild the exe and you will be good to go.  <br />\n",
    "PostedDate": "2014-06-25T11:22:24.647-07:00",
    "UserRole": null,
    "MarkedAsAnswerDate": null
  },
  {
    "Id": "1466340",
    "ThreadId": "542975",
    "Html": "Thanks c0v3rr1d3, it now works as a charm! Is there a way I coul upload the amended exe file?\r<br />\nCheers\r<br />\nMarc<br />\n",
    "PostedDate": "2016-03-09T22:22:03.493-08:00",
    "UserRole": null,
    "MarkedAsAnswerDate": null
  }
]