{
  "WorkItem": {
    "AffectedComponent": {
      "Name": "",
      "DisplayName": ""
    },
    "ClosedComment": "",
    "ClosedDate": null,
    "CommentCount": 0,
    "Custom": null,
    "Description": "Example filename \"one two three four\\five.xml\"\nIn the file it will have the filename (without quotes)\n__MakeCab /F file.ddf__ will generate an error ERROR: Unexpected text: three four\\five.xml\nSince it was always missing the first two words I knew the spaces were the issue.  I figured out that putting quotes around the whole path is what it needs.\n\nSo in the file having quotes around the whole path and filename fixes the problem. \n\nSpecial note:  Only the source lines need this treatment.  .Set DestinationDir, for example, is fine without quotes.\nAdding quotes does not hurt short filenames.",
    "LastUpdatedDate": "2015-09-15T11:27:31.873-07:00",
    "PlannedForRelease": "",
    "ReleaseVisibleToPublic": false,
    "Priority": {
      "Name": "Unassigned",
      "Severity": 0,
      "Id": 0
    },
    "ProjectName": "DDFGenerator",
    "ReportedDate": "2015-09-15T11:27:31.873-07:00",
    "Status": {
      "Name": "Proposed",
      "Id": 1
    },
    "ReasonClosed": {
      "Name": "Unassigned"
    },
    "Summary": "long filenames don't work",
    "Type": {
      "Name": "Unassigned",
      "Id": 5
    },
    "VoteCount": 1,
    "Id": 13711
  },
  "FileAttachments": [],
  "Comments": []
}