[
  {
    "Id": "0",
    "Name": "DDF Generator Source Code",
    "DevelopmentStatus": "None",
    "Description": "Hey folks, \n\nI figured I'd share the source code and allow others to update it as needed.  This project is a couple years old, so feel free to make tuned etc.. but these are the basics.\n\n-Eric",
    "ReleasedDatge": "0001-01-01T00:00:00",
    "ModifiedDate": "2008-10-17T09:00:10.663-07:00",
    "Files": [
      {
        "Id": "aa562e00-aa42-4e07-9fbd-830ff09ca97b",
        "FileName": "DDFGenerator.zip",
        "Url": "./0/aa562e00-aa42-4e07-9fbd-830ff09ca97b",
        "Type": "Source Code",
        "UploadDate": "2008-10-17T09:00:10.303-07:00"
      }
    ]
  },
  {
    "Id": "1",
    "Name": "DDF Generator",
    "DevelopmentStatus": "None",
    "Description": "This is the final version of the ddf Generator.  Feel free to use the DDF Builder class separately to automate builds.\n\nBest Regards,\nEric",
    "ReleasedDatge": "0001-01-01T00:00:00",
    "ModifiedDate": "2008-10-17T08:57:47.993-07:00",
    "Files": [
      {
        "Id": "4bb68513-a9be-4485-bd63-28dad88a032c",
        "FileName": "DDFGenerator.exe",
        "Url": "./1/4bb68513-a9be-4485-bd63-28dad88a032c",
        "Type": "Application",
        "UploadDate": "2008-10-17T08:57:15.973-07:00"
      }
    ]
  }
]