[
  {
    "Id": "0",
    "Name": "ik.SharePoint2010.DisableTaxonomyPickerControl-src",
    "DevelopmentStatus": "Beta",
    "Description": "Version 1.0",
    "ReleasedDatge": "0001-01-01T00:00:00",
    "ModifiedDate": "2012-01-27T06:44:52.607-08:00",
    "Files": [
      {
        "Id": "370f5a46-12e1-434c-ba66-b95938860c6a",
        "FileName": "ik.SharePoint2010.DisableTaxonomyPickerControl-src-v1.0.zip",
        "Url": "./0/370f5a46-12e1-434c-ba66-b95938860c6a",
        "Type": "Source Code",
        "UploadDate": "2012-01-27T06:44:52.573-08:00"
      }
    ]
  }
]