[
  {
    "Title": "Home",
    "Id": "525157",
    "ParentWikiTitle": "Home",
    "FileExtension": "html",
    "UpdatedDate": "2012-01-27T06:42:10.403-08:00",
    "FileAttachments": [
      {
        "Id": "37fc108a-e5c0-4d61-a390-571131338135",
        "FileName": "image_thumb[3]_2.png",
        "DownloadUri": "./525157/37fc108a-e5c0-4d61-a390-571131338135"
      },
      {
        "Id": "a8d498ee-bd66-4951-a4cf-3711bff2ff72",
        "FileName": "image_thumb[3]_thumb.png",
        "DownloadUri": "./525157/a8d498ee-bd66-4951-a4cf-3711bff2ff72"
      }
    ]
  }
]
