[
  {
    "Id": "0",
    "Name": "ik.SharePoint2010.SPWCFWebServiceDemo-src-v1.0",
    "DevelopmentStatus": "Stable",
    "Description": "Version 1",
    "ReleasedDatge": "0001-01-01T00:00:00",
    "ModifiedDate": "2012-01-20T06:15:14.423-08:00",
    "Files": [
      {
        "Id": "2e8169bc-1273-4f2c-baf8-317c90884c03",
        "FileName": "ik.SharePoint2010.SPWCFWebServiceDemo-src-v1.0.zip",
        "Url": "./0/2e8169bc-1273-4f2c-baf8-317c90884c03",
        "Type": "Source Code",
        "UploadDate": "2012-01-20T06:15:14.36-08:00"
      }
    ]
  }
]