[
  {
    "Title": "Home",
    "Id": "522847",
    "ParentWikiTitle": "Home",
    "FileExtension": "html",
    "UpdatedDate": "2012-01-21T03:25:54.99-08:00",
    "FileAttachments": [
      {
        "Id": "e908c155-6291-46ce-a1c3-d87a78310922",
        "FileName": "image_thumb_2.png",
        "DownloadUri": "./522847/e908c155-6291-46ce-a1c3-d87a78310922"
      },
      {
        "Id": "68f1c643-51d6-49b1-b186-10c4d94da3a3",
        "FileName": "image_thumb_thumb.png",
        "DownloadUri": "./522847/68f1c643-51d6-49b1-b186-10c4d94da3a3"
      },
      {
        "Id": "c414d79c-4d50-4e15-81f1-814e82c31337",
        "FileName": "image_thumb1_2.png",
        "DownloadUri": "./522847/c414d79c-4d50-4e15-81f1-814e82c31337"
      },
      {
        "Id": "efd832b4-c7b2-412a-b452-7b0d749689e1",
        "FileName": "image_thumb1_thumb.png",
        "DownloadUri": "./522847/efd832b4-c7b2-412a-b452-7b0d749689e1"
      },
      {
        "Id": "667cf091-2762-4800-b746-0957258d6c71",
        "FileName": "image_thumb2_2.png",
        "DownloadUri": "./522847/667cf091-2762-4800-b746-0957258d6c71"
      },
      {
        "Id": "52848221-2d1d-4130-8bb9-c7add3a4ea28",
        "FileName": "image_thumb2_thumb.png",
        "DownloadUri": "./522847/52848221-2d1d-4130-8bb9-c7add3a4ea28"
      },
      {
        "Id": "e04b5c28-ad85-4ce2-9a91-9534a0acd7e7",
        "FileName": "image_thumb[4]_2.png",
        "DownloadUri": "./522847/e04b5c28-ad85-4ce2-9a91-9534a0acd7e7"
      },
      {
        "Id": "144681d2-3bf2-4e72-9cfe-562fd935908e",
        "FileName": "image_thumb[4]_thumb.png",
        "DownloadUri": "./522847/144681d2-3bf2-4e72-9cfe-562fd935908e"
      },
      {
        "Id": "c5e2c21f-1de9-46e2-8e6f-31d761390ff7",
        "FileName": "image_thumb[5]_2.png",
        "DownloadUri": "./522847/c5e2c21f-1de9-46e2-8e6f-31d761390ff7"
      },
      {
        "Id": "2627eda1-0e6a-45fc-acc9-af9acaba4e22",
        "FileName": "image_thumb[5]_thumb.png",
        "DownloadUri": "./522847/2627eda1-0e6a-45fc-acc9-af9acaba4e22"
      },
      {
        "Id": "1f2d3646-e423-4fd7-94c8-0d5609d08eaa",
        "FileName": "image_thumb[6]_2.png",
        "DownloadUri": "./522847/1f2d3646-e423-4fd7-94c8-0d5609d08eaa"
      },
      {
        "Id": "94539a7a-e58f-4747-856e-2d45d62c7c1c",
        "FileName": "image_thumb[6]_thumb.png",
        "DownloadUri": "./522847/94539a7a-e58f-4747-856e-2d45d62c7c1c"
      },
      {
        "Id": "3eb0733e-a758-4c33-b331-78368198b302",
        "FileName": "image_thumb[7]_2.png",
        "DownloadUri": "./522847/3eb0733e-a758-4c33-b331-78368198b302"
      },
      {
        "Id": "e856707e-afc8-4c4f-8477-e6b32cc2176f",
        "FileName": "image_thumb[7]_thumb.png",
        "DownloadUri": "./522847/e856707e-afc8-4c4f-8477-e6b32cc2176f"
      },
      {
        "Id": "3a075fb2-9de8-4b38-ae77-38e7a0c0f60b",
        "FileName": "image_thumb[8]_2.png",
        "DownloadUri": "./522847/3a075fb2-9de8-4b38-ae77-38e7a0c0f60b"
      },
      {
        "Id": "4a473c10-29cd-4808-8829-90346c28057c",
        "FileName": "image_thumb[8]_thumb.png",
        "DownloadUri": "./522847/4a473c10-29cd-4808-8829-90346c28057c"
      },
      {
        "Id": "d3473d74-669c-4a2a-9887-d0675c1abe07",
        "FileName": "SNAGHTML4b070d4_thumb_2.png",
        "DownloadUri": "./522847/d3473d74-669c-4a2a-9887-d0675c1abe07"
      },
      {
        "Id": "e3b78202-9614-41cc-8974-037e07f75f04",
        "FileName": "SNAGHTML4b070d4_thumb_thumb.png",
        "DownloadUri": "./522847/e3b78202-9614-41cc-8974-037e07f75f04"
      },
      {
        "Id": "dab46a39-cd1f-43cb-a765-e139ed6ab98d",
        "FileName": "SNAGHTML4acbe57_thumb_2.png",
        "DownloadUri": "./522847/dab46a39-cd1f-43cb-a765-e139ed6ab98d"
      },
      {
        "Id": "2e6118db-9a69-438b-9526-8815567135d1",
        "FileName": "SNAGHTML4acbe57_thumb_thumb.png",
        "DownloadUri": "./522847/2e6118db-9a69-438b-9526-8815567135d1"
      }
    ]
  }
]
