[
  {
    "Id": "1040429",
    "ThreadId": "442827",
    "Html": "Hey,\r<br />\n<br />\nI'm running Windows Server 2008 R2 Enterprise in my lab and I need to attach two physical disks (SAN disks in fact) to a VM. I've noticed other posts in this forum about the same topic but none contained any lead to a solution.\r<br />\n<br />\nSo, is it possible to add a pass-through disk with this cmdlet or not ?\r<br />\n<br />\nThanks<br />\n",
    "PostedDate": "2013-05-07T08:18:13.677-07:00",
    "UserRole": null,
    "MarkedAsAnswerDate": null
  }
]