[
  {
    "Id": "1293433",
    "ThreadId": "562124",
    "Html": "When I use the -WAIT $TRUE Switch to Export am VM I get the following error:<br />\n<br />\nGet-WmiObject : The RPC server is unavailable. (Exception from HRESULT: 0x800706BA)<br />\nAt C:\\program Files\\modules\\hyperV\\VM.ps1:73 char:26<br />\n<ul>\n<li>\nGet-WmiObject &lt;&lt;&lt;&lt;  -computername $Server -NameSpace $HyperVNamespace -Query $WQL | Add-Member -MemberType ALIASPROPERTY -Name &quot;VMElementName&quot; -Value &quot;ElementName&quot; -PassThru<br />\n<ul>\n<li>CategoryInfo          : InvalidOperation: (:) [Get-WmiObject], COMException</li>\n<li>\nFullyQualifiedErrorId : GetWMICOMException,Microsoft.PowerShell.Commands.GetWmiObjectCommand<br />\n</li>\n</ul>\n</li>\n</ul>\nAny ideas? Powershell is running as Administrator!<br />\n",
    "PostedDate": "2014-08-26T01:16:40.133-07:00",
    "UserRole": null,
    "MarkedAsAnswerDate": null
  },
  {
    "Id": "1309974",
    "ThreadId": "562124",
    "Html": "Hi Wolfgangbures, \r<br />\n<br />\nThe -WAIT is a switch, so with it on the command line, if it is there means set to TRUE, if it is not on the command line it will be FALSE. Since you are trying to set it to TRUE, just leave off the $TRUE. <br />\n",
    "PostedDate": "2014-10-02T10:12:03.157-07:00",
    "UserRole": null,
    "MarkedAsAnswerDate": null
  }
]