[
  {
    "Id": "594155",
    "ThreadId": "253103",
    "Html": "\r\n<p>Hello,</p>\r\n<p>I need a little bit help with this command. I had allrdy searched, for examples, but couldn't find anything in the www</p>\r\n<p>After the import of a vm, I move the base file into an other directory &quot;D:\\Base&quot;. My Virtual Hard Disks are stored in &quot;D:\\HyperV\\Windows 7 Microsoft Office\\&quot;</p>\r\n<p>After I move the &quot;Win7_Base1.vhd&quot; I try to connect the Parent-Child relation with this command.</p>\r\n<p>Connect-VHDParent -VHDPaths &quot;D:\\HyperV\\Windows 7 Microsoft Office\\&quot; -ParentPath &quot;D:\\Base\\Win7_Base1.vhd&quot;</p>\r\n<p>But nothing happens</p>\r\n",
    "PostedDate": "2011-04-08T06:46:43.95-07:00",
    "UserRole": null,
    "MarkedAsAnswerDate": null
  }
]