[
  {
    "Id": "271253",
    "ThreadId": "79218",
    "Html": "<p>Hello,</p>\r\n<p>Currently testing with dec '09 version on a Server 2008 R2 Datacenter with the Hyper-V role enabled and i have the following question:</p>\r\n<p>To mount a ISO to a newly created VM i have to do the following:</p>\r\n<ul>\r\n<li>Add-VMDrive -vm $vm -controllerID 1 -lun 0 -DVD</li>\r\n<li>Add-VMDisk -vm $vm -controllerID 1 -lun 0 -path &quot;H:&quot; -DVD #H: is my physical DVD player </li>\r\n<li>Set-VMDisk -vm $vm -controllerID 1 -lun 0 -path &quot;F:\\ISO\\SETUP.ISO&quot; -DVD</li>\r\n</ul>\r\n<p>If i try:</p>\r\n<ul>\r\n<li>Add-VMDrive -vm $vm -controllerID 1 -lun 0 -DVD</li>\r\n<li>Add-VMDisk -vm $vm -controllerID 1 -lun 0 -path &quot;F:\\ISO\\SETUP.ISO&quot; -DVD</li>\r\n</ul>\r\n<p>the following error:</p>\r\n<p>Get-WmiObject : Invalid query<br>At C:\\Program Files\\modules\\Hyperv\\Disk.ps1:93 char:81<br>+&nbsp;&nbsp;&nbsp;&nbsp;&nbsp;&nbsp;&nbsp;&nbsp;&nbsp;&nbsp;&nbsp;&nbsp;&nbsp;&nbsp;&nbsp;&nbsp;&nbsp;&nbsp;&nbsp;&nbsp;&nbsp;&nbsp;&nbsp;&nbsp;&nbsp;&nbsp;&nbsp;&nbsp;&nbsp;&nbsp;&nbsp;&nbsp; if ($path -match &quot;\\w:&quot;) {$path = $(Get-WmiObject &lt;&lt;&lt;&lt;&nbsp; -Compu<br>terName $vm.__SERVER -Query &quot;Select * From win32_cdromdrive where Drive='$path'&quot;).deviceID }<br>&nbsp;&nbsp;&nbsp; + CategoryInfo&nbsp;&nbsp;&nbsp;&nbsp;&nbsp;&nbsp;&nbsp;&nbsp;&nbsp; : InvalidOperation: (:) [Get-WmiObject], ManagementException<br>&nbsp;&nbsp;&nbsp; + FullyQualifiedErrorId : GetWMIManagementException,Microsoft.PowerShell.Commands.GetWmiOb<br>&nbsp;&nbsp; jectCommand</p>\r\n<p>Split-Path : Cannot bind argument to parameter 'Path' because it is an empty string.<br>At C:\\Program Files\\modules\\Hyperv\\Disk.ps1:101 char:27<br>+&nbsp;&nbsp;&nbsp;&nbsp;&nbsp;&nbsp;&nbsp;&nbsp;&nbsp;&nbsp;&nbsp;&nbsp; if (split-path &lt;&lt;&lt;&lt;&nbsp; $path) {$diskRASD.Connection = $path}<br>&nbsp;&nbsp;&nbsp; + CategoryInfo&nbsp;&nbsp;&nbsp;&nbsp;&nbsp;&nbsp;&nbsp;&nbsp;&nbsp; : InvalidData: (:) [Split-Path], ParameterBindingValidationExcepti<br>&nbsp;&nbsp; on<br>&nbsp;&nbsp;&nbsp; + FullyQualifiedErrorId : ParameterArgumentValidationErrorEmptyStringNotAllowed,Microsoft.<br>&nbsp;&nbsp; PowerShell.Commands.SplitPathCommand</p>\r\n<p>Test-wmiResult : Failed to add ISO Disk Image to 2003DC1, return code'2003DC1' failed to add de<br>vice 'Microsoft Virtual CD/DVD Disk'. (Virtual machine ID 51B6CCAA-6FBB-4FA6-82E6-11C6C48E6711)<br>At C:\\Program Files\\modules\\Hyperv\\VMConfig.ps1:56 char:43<br>+&nbsp;&nbsp;&nbsp;&nbsp;&nbsp;&nbsp;&nbsp;&nbsp;&nbsp;&nbsp;&nbsp;&nbsp; if ( ($result | Test-wmiResult &lt;&lt;&lt;&lt;&nbsp; -wait:$wait -JobWaitText ($lstr_CreateHW -f<br>$Rasd.ElementName)`<br>&nbsp;&nbsp;&nbsp; + CategoryInfo&nbsp;&nbsp;&nbsp;&nbsp;&nbsp;&nbsp;&nbsp;&nbsp;&nbsp; : NotSpecified: (:) [Write-Error], WriteErrorException<br>&nbsp;&nbsp;&nbsp; + FullyQualifiedErrorId : Microsoft.PowerShell.Commands.WriteErrorException,Test-wmiResult</p>\r\n<p>Is this correct behavior?</p>\r\n<p>Thx for youre time.</p>",
    "PostedDate": "2009-12-28T13:32:06.457-08:00",
    "UserRole": null,
    "MarkedAsAnswerDate": null
  },
  {
    "Id": "271700",
    "ThreadId": "79218",
    "Html": "<p>You might try the two-statement version using a UNC path (\\\\server\\share) instead of a mapped drive.</p>\r\n<p>Martin</p>",
    "PostedDate": "2009-12-30T06:30:26.277-08:00",
    "UserRole": null,
    "MarkedAsAnswerDate": null
  },
  {
    "Id": "274857",
    "ThreadId": "79218",
    "Html": "<p>It is bug in add-VMDisk. I made a change to support mounting local drives with the effect that it breaks mounting ISOs. Yes I was stupid enough not to test it. A new build is on the way but for now please find the line that starts</p>\r\n<p>if ($path -match</p>\r\n<p>and change the term being tested for so it reads</p>\r\n<p>if ($path -match &quot;^\\w:$&quot;)</p>\r\n<p>&nbsp;</p>\r\n<p>James.</p>\r\n<p>&nbsp;</p>\r\n<p>&nbsp;</p>\r\n<p>&nbsp;</p>",
    "PostedDate": "2010-01-08T10:07:44.053-08:00",
    "UserRole": null,
    "MarkedAsAnswerDate": null
  },
  {
    "Id": "275103",
    "ThreadId": "79218",
    "Html": "<p>Hi James,</p>\r\n<p>Thx for the reply.</p>\r\n<p>I made the changes and it works fine know.</p>\r\n<p>Thx,</p>\r\n<p>Erwin</p>",
    "PostedDate": "2010-01-09T04:35:46.12-08:00",
    "UserRole": null,
    "MarkedAsAnswerDate": null
  }
]