[
  {
    "Id": "437768",
    "ThreadId": "211199",
    "Html": "<p>Hi!</p>\r\n<p>&nbsp;</p>\r\n<p>I have a small problems with the Remove-VMdrive command. When no ISO is loaded in the virtual DVD drive, the command doesn't work. Only when a ISO is loaded, the DVD drive will be succesfully removed.</p>\r\n<p>The command I use is: Remove-VMdrive -vm &lt;vmname&gt; -server &lt;servername&gt; -controllerid 1 -lun 0</p>\r\n<p>&nbsp;</p>\r\n<p>Thanks!</p>",
    "PostedDate": "2010-04-30T23:27:03.59-07:00",
    "UserRole": null,
    "MarkedAsAnswerDate": null
  }
]