[
  {
    "Id": "180112",
    "ThreadId": "53499",
    "Html": "Hello group, sorry but i am really a powershell newbie.<br>\r\n<br>\r\nI copied the psxml format to<span style=\"font-family:courier new\"> c:\\windows\\system32\\WindowsPowershell\\v1.0<br>\r\n<br>\r\nand next I invoke like this .\\hyperv.ps1 Get-VM<br>\r\nIt fails with :<br>\r\n<br>\r\n<span style=\"font-family:courier new\">c:\\windows\\system32\\WindowsPowershell\\v1.0</span>\\hyperv.format.ps1xml<br>\r\n&quot;File skipped because it was already present from Microsoft.Powershell&quot;<br>\r\n<br>\r\nAny idea please ?<br>\r\n<br>\r\nPS : execution policy is set to unrestricted.<br>\r\n</span>\r\n",
    "PostedDate": "2009-04-16T05:37:46.107-07:00",
    "UserRole": null,
    "MarkedAsAnswerDate": null
  },
  {
    "Id": "180121",
    "ThreadId": "53499",
    "Html": "OK i figured out just had to call . .\\hyperv.ps1 and then the functions are loaded properly.<br>\r\n<br>\r\nbut the exception <span style=\"font-family:courier new\"><br>\r\n<span style=\"font-family:courier new\">c:\\windows\\system32\\WindowsPowershell\\v1.0</span>\\hyperv.format.ps1xml<br>\r\n&quot;File skipped because it was already present from Microsoft.Powershell&quot;</span><br>\r\n<br>\r\nstill remains...<br>\r\n",
    "PostedDate": "2009-04-16T05:46:59.993-07:00",
    "UserRole": null,
    "MarkedAsAnswerDate": null
  },
  {
    "Id": "180128",
    "ThreadId": "53499",
    "Html": "Another issue<br>\r\n<br>\r\nwhen i create a script like this<br>\r\n<br>\r\n. .\\hyperv.ps1<br>\r\nGet-VM<br>\r\n<br>\r\nAll i get is the VM GUIDs<br>\r\n",
    "PostedDate": "2009-04-16T06:03:35.14-07:00",
    "UserRole": null,
    "MarkedAsAnswerDate": null
  },
  {
    "Id": "183122",
    "ThreadId": "53499",
    "Html": "You shouldn't really load the library inside a script ... either take the code you want and put it in a script Or load the library and then run the script. <br>\r\n<br>\r\nI can repro this but I can't see why it happens, I'll do a little bit more digging, because you would expect it to work<br>\r\n",
    "PostedDate": "2009-04-23T23:50:24.297-07:00",
    "UserRole": null,
    "MarkedAsAnswerDate": null
  },
  {
    "Id": "183124",
    "ThreadId": "53499",
    "Html": "The .ps1 file loads a formatting XML file, I haven't found a way to check if it is loaded so I've made a change which appear in the 1.0c version to hide the error if it is reloaded. <br>\r\n",
    "PostedDate": "2009-04-23T23:54:19.423-07:00",
    "UserRole": null,
    "MarkedAsAnswerDate": null
  },
  {
    "Id": "217700",
    "ThreadId": "53499",
    "Html": "<p>Hello jamesone, can you help me with the code you added to hide the error when re-loading the formatting XML file? I looked for it in the source code but couldn't find it. Thanks!</p>",
    "PostedDate": "2009-07-30T11:19:15.303-07:00",
    "UserRole": null,
    "MarkedAsAnswerDate": null
  },
  {
    "Id": "230768",
    "ThreadId": "53499",
    "Html": "<p>1.0c got delayed it will go live later today.</p>\r\n<p>&nbsp;</p>",
    "PostedDate": "2009-09-03T10:30:39.03-07:00",
    "UserRole": null,
    "MarkedAsAnswerDate": null
  }
]