[
  {
    "Id": "287090",
    "ThreadId": "83497",
    "Html": "<p>I have written a powershell script to execute one batch file from host machine to&nbsp; virtual machine. For that, i included Get-VMSummary command to get FQDN and IP address in my script. but Get-VMSummary is not retrieving IP address and FQDN Name of virtual machine.</p>\r\n<p>&nbsp;</p>\r\n<p>Can anyone help on this?</p>",
    "PostedDate": "2010-02-08T03:51:02.413-08:00",
    "UserRole": null,
    "MarkedAsAnswerDate": null
  },
  {
    "Id": "287260",
    "ThreadId": "83497",
    "Html": "<p>Simply put, the IP resolution is based off of the FQDN.&nbsp; If Integrated Components are installed, you can pass data that way.&nbsp; I use that approach for scripting imaging VMs automation.&nbsp; Either via batch or vbs, add a reg entry containing the VMs' ip, then retrieve on the host.&nbsp;</p>\r\n<p>ie.</p>\r\n<p>vm:</p>\r\n<p>FOR /F &quot;tokens=2* &quot; %%a IN ('REG Query &quot;HKCU\\Control Panel\\International&quot; /v sLanguage ^| find &quot;sLanguage&quot;') DO SET LANG=%%b</p>\r\n<p>reg add &quot;HKLM\\Software\\Microsoft\\Virtual machine\\auto&quot; /v LANG /t REG_SZ /d %LANG% /f</p>\r\n<p>host:</p>\r\n<p>(get-vmkvp -server novamonitor -vm ImagingVM_jpn).lang</p>\r\n<p>&nbsp;</p>\r\n<p>Now, if you are facing the problem of a domain joined VM not resolving address, then that's a whole separate issue.</p>",
    "PostedDate": "2010-02-08T11:32:37.907-08:00",
    "UserRole": null,
    "MarkedAsAnswerDate": null
  },
  {
    "Id": "288107",
    "ThreadId": "83497",
    "Html": "<p>Just an additional piece of information .</p>\r\n<p>Get-VMSummary uses Get-VMKvp.</p>\r\n<p>In the first release of hyper-V the Key/Value pair integration component returns the FQDN and (as <a id=\"ctl00_ctl00_MasterContent_Content_PostRepeater_ctl02_UserNameLink\" href=\"http://www.codeplex.com/site/users/view/NMELNIK\">NMELNIK</a>&nbsp;says) Get-VMSummary resolves that to an IP Address using DNS. If the host and guest aren't using the same DNS you can expect this to fail.</p>\r\n<p>In Hyper-V R2 there are some extra KVPs these include the IPv4 and IPv6 addresses and the address that the VM listens for RDP connections. This is more reliable but I didn't change the code in get-vm summary. (If I did I would please some people by removing the dependancy on DNS , and annoy others by no longer testing DNS).</p>\r\n<p>If the VM is stopped, or the KVP exchange integration components isn't installed and working then there is no way to get this information.&nbsp; My guess if you are not getting FQDN in the summary is that you Get-VMKVP not able to get any information. I'd try that on its own and then check the integration components (if the VM isn't a supported version of Windows then you won't get any KVP data).</p>\r\n<p>&nbsp;</p>",
    "PostedDate": "2010-02-10T01:38:44.267-08:00",
    "UserRole": null,
    "MarkedAsAnswerDate": null
  },
  {
    "Id": "288122",
    "ThreadId": "83497",
    "Html": "<p>Hi,</p>\r\n<p>I upgraded integration services components in my guest machine. This resolved my issue.Thanks to NMELNIK and iamesone for helping me to get around this.</p>\r\n<p>&nbsp;</p>",
    "PostedDate": "2010-02-10T02:12:50.237-08:00",
    "UserRole": null,
    "MarkedAsAnswerDate": null
  },
  {
    "Id": "288132",
    "ThreadId": "83497",
    "Html": "<p>Hi,</p>\r\n<p>&nbsp;</p>\r\n<p>I was able to get FQDN in Get-VMSummary command but i don't get ip address of guest machine in Get-VMSummary command. Get-VMKVP shows ip address of guest machine. My guest machine is Windows server 2003 sp2. I need Get-VMSummary to give Ip address of VM. Is there any way to get around this?</p>\r\n<p>&nbsp;</p>\r\n<p>Moreover, i have two virtual machines, windows server 2008 and windows server 2003. For Windows server 2008, Get-VMSummary gives all details including ip address and FQDN. but It doesn't give ip for Windows server 2003. I also found that Ping-VM command is working for Win2k8 not for Win2k3.</p>\r\n<p>&nbsp;</p>\r\n<p>Thanks in advance</p>\r\n<p>&nbsp;</p>",
    "PostedDate": "2010-02-10T02:37:52.077-08:00",
    "UserRole": null,
    "MarkedAsAnswerDate": null
  }
]