[
  {
    "Id": "859952",
    "ThreadId": "362732",
    "Html": "\r\n<p>Hi,<br>\r\n<br>\r\nI have a Powershell script (using the Powershell library) to create a<br>\r\nVM using some custom settings.<br>\r\n<br>\r\nI'm looking for a way to enable the created VM's network adapter<br>\r\noption &quot;Enable Spoofing Of MAC Addresses&quot; in the script.<br>\r\n<br>\r\nOn Hyper-V manager, when is Add-VMNic is used to add a NIC to the VM,<br>\r\nthere is no option to enable MAC spoofing.<br>\r\n<br>\r\nAny ideas/suggestions if there is a workaround?<br>\r\n<br>\r\nIf the script is run on SCVMM, New-VirtualNetworkAdapter is used and<br>\r\nit supports the MAC spoofing option.<br>\r\n<br>\r\nThanks,<br>\r\n<br>\r\n-kin</p>\r\n",
    "PostedDate": "2012-07-10T14:00:15.58-07:00",
    "UserRole": null,
    "MarkedAsAnswerDate": null
  }
]