[
  {
    "Id": "409770",
    "ThreadId": "200970",
    "Html": "<p>Hey,</p>\r\n<p>Is there a way to stop the Hyper-V module from automatically&nbsp;converting WMI query's into an alias. For example,&nbsp;&quot;get-wmiobject -namespace root\\virtualization -class Msvm_ComputerSystem&quot; becomes an&nbsp;alias for &quot;get-vm&quot;.</p>\r\n<p>It can definately be helpful, but there are times when i would rather that not happen.</p>\r\n<p>Thanks,</p>\r\n<p>Josh</p>",
    "PostedDate": "2010-02-26T10:36:59.93-08:00",
    "UserRole": null,
    "MarkedAsAnswerDate": null
  }
]