[
  {
    "Id": "802315",
    "ThreadId": "346490",
    "Html": "<p>How do you make a VM highly available on a cluster? Is there a switch I'm missing in this tool?</p>",
    "PostedDate": "2012-02-27T16:51:30.343-08:00",
    "UserRole": null,
    "MarkedAsAnswerDate": null
  },
  {
    "Id": "802704",
    "ThreadId": "346490",
    "Html": "<p>Anyone?</p>",
    "PostedDate": "2012-02-28T09:44:30.66-08:00",
    "UserRole": null,
    "MarkedAsAnswerDate": null
  },
  {
    "Id": "803216",
    "ThreadId": "346490",
    "Html": "<p>One of the first things I learned with managing VMs is to manage from the highest level down.&nbsp; In other words, if you are managing the cluster from SCVMM, use SCVMM to manage the VMs.&nbsp; If you just have a cluster, use cluster manager to manage the VMs.&nbsp; If you dno't have a cluster, manage through the Hyper-V management console.&nbsp; The reason is that there are refresh timers through this, and SCVMM talks to cluster and cluster talks to Hyper-V.&nbsp; So if you make a change in Hyper-V, it takes a while for things to filter all the way up.&nbsp; I know, this wasn't exactly your question, but it sort of leads into my answer.</p>\r\n<p>If you created a VM on a cluster, but you created it through the Hyper-V console instead of the Cluster console, you need to right-click on the Services and applications within the cluster manager and select Configure a Service or an Application.&nbsp; Scroll down in the list and select a Virtual Machine.&nbsp; Then select the VM you want to make highly available.&nbsp; If you create the VM through the cluster console, you don't have to do this.&nbsp; If you create the VM through VMM, there is a checkbox to say that you want it to be highly available.</p>\r\n<p>&nbsp;</p>",
    "PostedDate": "2012-02-29T08:36:57.183-08:00",
    "UserRole": null,
    "MarkedAsAnswerDate": null
  },
  {
    "Id": "805020",
    "ThreadId": "346490",
    "Html": "<p>good god Tim, you must be a manager. You said a lot without providing any useful information relating to my original question.&nbsp; Let me type it here for you, but slower so you can note the important part:</p>\r\n<p>Is there a switch I'm missing <strong><span style=\"color: #ff0000;\">in this tool</span></strong>?</p>\r\n<p>I'm not hanging out on a Hyper-V management toolset site for my own interest in how you use SCVMM.&nbsp; I'm here because I have questions ABOUT PSHYPERV.&nbsp;</p>\r\n<p>So do you have any answers about THIS TOOL?&nbsp;</p>",
    "PostedDate": "2012-03-03T16:56:58.24-08:00",
    "UserRole": null,
    "MarkedAsAnswerDate": null
  },
  {
    "Id": "809288",
    "ThreadId": "346490",
    "Html": "<p>&lt;grin&gt; - not a manager; never have been, never want to be one.</p>\r\n<p>But, I have spent a lot of time talking to people that have all the components in place and make the mistake of using the wrong tool.</p>\r\n<p>First sentence of the second paragraph is how you make a VM highly available if it was created outside the cluster.</p>",
    "PostedDate": "2012-03-12T13:41:14.18-07:00",
    "UserRole": null,
    "MarkedAsAnswerDate": null
  },
  {
    "Id": "830770",
    "ThreadId": "346490",
    "Html": "<p>To build my first Hyper-V Cluster I&nbsp;used Aidan Finn's whitepaper as a guide: <a href=\"http://www.aidanfinn.com/?p=11208\">http://www.aidanfinn.com/?p=11208</a></p>",
    "PostedDate": "2012-05-01T12:51:41.963-07:00",
    "UserRole": null,
    "MarkedAsAnswerDate": null
  },
  {
    "Id": "835071",
    "ThreadId": "346490",
    "Html": "<p>Create the VM using PSShyper-V, and make it available using cluster cmdlets. make sure configuration and VHD reside on a shared resource, preferably a CSV</p>\r\n<p><a href=\"https://www.google.mu/#hl=en&amp;output=search&amp;sclient=psy-ab&amp;q=Add-ClusterResource+virtual+machine&amp;oq=Add-ClusterResource+virtual+machine&amp;aq=f&amp;aqi=q-w1&amp;aql=&amp;gs_l=hp.3..33i21.629.4597.0.4734.19.17.1.0.0.0.524.3685.0j10j1j5-3.14.0...0.0.TkleLdLbQsg&amp;pbx=1&amp;bav=on.2,or.r_gc.r_pw.r_qf.,cf.osb&amp;fp=ee36e05b54b47800&amp;biw=1920&amp;bih=920\">https://www.google.mu/#hl=en&amp;output=search&amp;sclient=psy-ab&amp;q=Add-ClusterResource+virtual+machine&amp;oq=Add-ClusterResource+virtual+machine&amp;aq=f&amp;aqi=q-w1&amp;aql=&amp;gs_l=hp.3..33i21.629.4597.0.4734.19.17.1.0.0.0.524.3685.0j10j1j5-3.14.0...0.0.TkleLdLbQsg&amp;pbx=1&amp;bav=on.2,or.r_gc.r_pw.r_qf.,cf.osb&amp;fp=ee36e05b54b47800&amp;biw=1920&amp;bih=920</a></p>",
    "PostedDate": "2012-05-11T04:44:25.773-07:00",
    "UserRole": null,
    "MarkedAsAnswerDate": null
  }
]