[
  {
    "Id": "387405",
    "ThreadId": "179048",
    "Html": "<p>First, I'm sorry I am not good at Englisth.</p>\r\n<p>Msvm_VLANEndpoint.ElementName is not unique.</p>\r\n<p>How if &quot;Associators of<span> $virtualSwitch where assocClass=Msvm_VLANEndpoint</span>&quot; is used ?</p>\r\n<p><span>&nbsp;&nbsp;&nbsp;&nbsp;&nbsp;&nbsp;&nbsp;&nbsp;&nbsp;&nbsp; $intSP &nbsp;&nbsp;&nbsp;&nbsp;&nbsp;&nbsp;&nbsp;= Get-WmiObject -computername $server -Namespace $HyperVNamespace -Query &quot;select * from msvm_vlanendpoint where elementName = '$($VirtualSwitch.ElementName)_InternalPort' &quot;<br> &nbsp;&nbsp;&nbsp;&nbsp;&nbsp;&nbsp;&nbsp;&nbsp;&nbsp;&nbsp;&nbsp;$ExtSP &nbsp;&nbsp;&nbsp;&nbsp;&nbsp;&nbsp;&nbsp;= Get-WmiObject -computername $server -Namespace $HyperVNamespace -Query &quot;select * from msvm_vlanendpoint where elementName = '$($VirtualSwitch.ElementName)_ExternalPort' &quot;</span></p>",
    "PostedDate": "2010-02-25T05:03:02.747-08:00",
    "UserRole": null,
    "MarkedAsAnswerDate": null
  }
]