[
  {
    "Id": "496773",
    "ThreadId": "228086",
    "Html": "<p>Apologies if this has been discussed elsewhere. I have looked.</p>\r\n<p>I am writing an unattended scripts which needs to do various task including shutting the VM down.&nbsp; However, I always get the pesky &quot;confirm&quot;.&nbsp; I need a method to automatically confirm as this will be scheduled for the middle of the night.&nbsp; How can I bypass the confirmation.</p>\r\n<p>Thanks</p>\r\n<p>&nbsp;</p>",
    "PostedDate": "2010-09-21T19:03:51.373-07:00",
    "UserRole": null,
    "MarkedAsAnswerDate": null
  },
  {
    "Id": "496774",
    "ThreadId": "228086",
    "Html": "<p>After re-reading the manual I re-interpreted my assumption of the command &quot;force&quot;&nbsp; which i assumed would 'force' the OS to shutdown.&nbsp; So have figured it out.&nbsp;</p>",
    "PostedDate": "2010-09-21T19:08:25.607-07:00",
    "UserRole": null,
    "MarkedAsAnswerDate": null
  }
]