[
  {
    "Id": "746945",
    "ThreadId": "298641",
    "Html": "\r\n<p>The topic kinda explains it all. Each time i run a script i have to open a new window to run another script. (both using the hyperv module) It seems like the module crashes. I know i can easily call another powershell session to run the next script, but\r\n thats kinda annoying. Is this normal?</p>\r\n",
    "PostedDate": "2012-02-08T03:37:39.427-08:00",
    "UserRole": null,
    "MarkedAsAnswerDate": null
  },
  {
    "Id": "748257",
    "ThreadId": "298641",
    "Html": "<p>Nevermind, found a previous post about it.&nbsp;</p>\n<p>Use this instead of the normal import-module HyperV.</p>\n<p>if (!(Get-Module -Name HyperV)) { Import-Module HyperV }</p>",
    "PostedDate": "2012-02-09T02:36:20.8-08:00",
    "UserRole": null,
    "MarkedAsAnswerDate": null
  }
]