[
  {
    "Id": "261856",
    "ThreadId": "76577",
    "Html": "<p>Hi all, in my environment with two clustered Hyper-v Server 2008 R2 hosts, when I try to get the disks of a vm from a remote Windows Server 2008 R2 with the command:</p>\r\n<p>Get-VMDisk&nbsp; (Select-vm -server &quot;servername&quot; -multi)</p>\r\n<p>I get this error</p>\r\n<p><span style=\"font-size:xx-small\">Get-WmiObject : Spazio dei nomi non valido<br>In C:\\Windows\\system32\\WindowsPowerShell\\v1.0\\Modules\\hyperv\\Disk.ps1:621 car:40<br>+&nbsp;&nbsp;&nbsp;&nbsp;&nbsp;&nbsp;&nbsp;&nbsp;&nbsp;&nbsp;&nbsp;&nbsp;&nbsp;&nbsp;&nbsp;&nbsp; $VMRASD = Get-WmiObject &lt;&lt;&lt;&lt;&nbsp; -ComputerName $Server -Namespace $HyperVNamespace -Query &quot;ASSOCIATORS O<br>F {$_} where ResultClass = MSVM_ResourceAllocationSettingData&quot;<br>&nbsp;&nbsp;&nbsp; + CategoryInfo&nbsp;&nbsp;&nbsp;&nbsp;&nbsp;&nbsp;&nbsp;&nbsp;&nbsp; : InvalidOperation: (:) [Get-WmiObject], ManagementException<br>&nbsp;&nbsp;&nbsp; + FullyQualifiedErrorId : GetWMIManagementException,Microsoft.PowerShell.Commands.GetWmiObjectCommand</span></p>\r\n<p>&nbsp;</p>\r\n<p><span style=\"font-size:xx-small\">It seems that I can't get informations from remote server; if I run the script from the host all is ok.</span></p>\r\n<p><span style=\"font-size:xx-small\">If I force the variable $Server in the script at the line with the error at the value of the hostname running the VM that I want to query, all is fine.</span></p>\r\n<p><span style=\"font-size:xx-small\">Could someone help me?</span></p>\r\n<p><span style=\"font-size:xx-small\">Thanks in advance for your time.</span></p>\r\n<p>&nbsp;</p>",
    "PostedDate": "2009-11-30T05:36:06.823-08:00",
    "UserRole": null,
    "MarkedAsAnswerDate": null
  },
  {
    "Id": "265128",
    "ThreadId": "76577",
    "Html": "<p>You have found a bug , but I think it is fixed in the latest build.&nbsp;&nbsp;</p>\r\n<p>In that line $Server should be $_.__server&nbsp;&nbsp; -in the old form it&nbsp;always queries the local server.&nbsp;&nbsp; [You can edit the code , but better if you get the latest version]</p>\r\n<p>I'm guessing that&nbsp;&quot;Spazio dei nomi non valido&quot;&nbsp; translates into English as &quot;Invalid name space&quot; - which suggests the computer you're on hasn't got hyper-v on it , and the query is trying to run there, not on the one where the VM is.</p>\r\n<p>&nbsp;</p>",
    "PostedDate": "2009-12-08T15:44:04.4-08:00",
    "UserRole": null,
    "MarkedAsAnswerDate": null
  },
  {
    "Id": "265222",
    "ThreadId": "76577",
    "Html": "<p>Thanks for the informations, I download the new build, give a try and post the results.</p>\r\n<p>&nbsp;</p>",
    "PostedDate": "2009-12-09T00:59:16.063-08:00",
    "UserRole": null,
    "MarkedAsAnswerDate": null
  },
  {
    "Id": "265233",
    "ThreadId": "76577",
    "Html": "<p>It works perfectly.</p>\r\n<p>Thanks for your job man, it's a fantastic job!</p>",
    "PostedDate": "2009-12-09T01:30:11.097-08:00",
    "UserRole": null,
    "MarkedAsAnswerDate": null
  }
]