[
  {
    "Id": "670287",
    "ThreadId": "272206",
    "Html": "\r\n<p>I am trying to schedule a task so that all VMs running on the clustered Hyper-V hosts (2008 R2, Datacenter ed.) will be exported once a week.</p>\r\n<p>What I've done is:<br>\r\n1. Install Hyperv.ps1 on the both cluster nodes<br>\r\n2. Write a PS script (See below)<br>\r\n3. Create a task on both nodes so that the script runs weekly</p>\r\n<p><br>\r\nMy problem is that the script starts as scheduled but all lines including the HyperV module (from the line $VMs = Get-vm to Start-VM $VM -HeartBeatTimeOut 300) are not executed.</p>\r\n<p>Strange things are that when I run the script from the PowerShell console on the cluster, it completes, thus VMs are all exported. Also when the script runs by schedule on a non-clustered Hyper-V host, VMs are exported.<br>\r\nIt seems only when the script runs by schedule on the cluster, VMs will not be exported because the codes including Hyperv module are not executed.</p>\r\n<p>I wonder if I miss anything?<br>\r\nIf anybody knows what causes this, please help me out.</p>\r\n<p>Thanks!</p>\r\n<p>&nbsp;<br>\r\nHere is my script:</p>\r\n<p>---------------------------------------------------------------------------------------------------------------------------------</p>\r\n<p>############ ExportVMs.ps1 ################################</p>\r\n<p># This script export all VMs on this local Hyper-V host</p>\r\n<p># Exported VMs will be stored in <a href=\"file://backup/\">\\\\Backup</a></p>\r\n<p>###########################################################</p>\r\n<p>&nbsp;</p>\r\n<p>Set-ExecutionPolicy unrestricted -force</p>\r\n<p>&nbsp;</p>\r\n<p># Module &quot;Hyperv.psd1&quot; is located:</p>\r\n<p># C:\\Users\\administrator.MyDomain\\Documents\\WindowsPowerShell\\Modules\\HyperV</p>\r\n<p>if (!(Get-Module -Name hyperv))</p>\r\n<p>&nbsp;&nbsp;&nbsp; {import-module hyperv}</p>\r\n<p>&nbsp;</p>\r\n<p>$date = Get-Date -format yyyy-MM-dd</p>\r\n<p>$backupDir = &quot;<a href=\"file://backup/\">\\\\Backup</a> \\VM_Backup&quot;</p>\r\n<p>New-Item -path $backupDir\\$date -type directory -force</p>\r\n<p>Start-Transcript -path $backupDir\\$date.txt</p>\r\n<p>&nbsp;</p>\r\n<p>$VMs = Get-vm</p>\r\n<p>foreach ($VM in $VMs)</p>\r\n<p>{</p>\r\n<p>&nbsp;&nbsp;&nbsp; if((Get-VMSummary $VM).enabledstate -eq &quot;running&quot;)</p>\r\n<p>&nbsp;&nbsp;&nbsp; {</p>\r\n<p>&nbsp;&nbsp;&nbsp;&nbsp;&nbsp;&nbsp;&nbsp; invoke-vmshutdown $VM -force</p>\r\n<p>&nbsp;&nbsp;&nbsp;&nbsp;&nbsp;&nbsp;&nbsp; export-VM -VM $VM -path $backupDir\\$date -force -copystate -wait</p>\r\n<p>&nbsp;&nbsp;&nbsp;&nbsp;&nbsp;&nbsp;&nbsp; Start-VM $VM -HeartBeatTimeOut 300&nbsp;&nbsp;&nbsp;</p>\r\n<p>&nbsp;&nbsp;&nbsp; }&nbsp;</p>\r\n<p>}</p>\r\n<p>Stop-Transcript</p>\r\n<p>---------------------------------------------------------------------------------------------------------------------------------</p>\r\n<p>&nbsp;</p>\r\n<p><br>\r\n&nbsp;</p>\r\n",
    "PostedDate": "2011-09-11T09:02:31.66-07:00",
    "UserRole": null,
    "MarkedAsAnswerDate": null
  },
  {
    "Id": "680756",
    "ThreadId": "272206",
    "Html": "<p>You try to write</p>\n<p>$VMs = Get-vm</p>\n<p>but this commandlet get for you all information about all of VMs. You can see the result of this, typing in PS console:</p>\n<p>$VMs = Get-vm</p>\n<p>$VMs</p>\n<p>To get the result what you need (the list with names of VMs) you have to select parameter VMElementName of Get-VM commandlet. See:</p>\n<p>$VMs = Get-vm | Select-Object -Property VMElementName&nbsp;</p>\n<p># Now you have your own class with VMs names only. And the next string must be</p>\n<p>foreach ($VM in $VMs.VMElementName)</p>\n<p>{</p>\n<p>blah-blah-blah... (your code)</p>\n<p>}</p>\n<p>I've take your code for my server. Many thanks. Hope my advice helps you.</p>\n<p>P.S. Sorry or my bad English ;-)</p>",
    "PostedDate": "2011-10-06T05:54:30.71-07:00",
    "UserRole": null,
    "MarkedAsAnswerDate": null
  },
  {
    "Id": "695204",
    "ThreadId": "272206",
    "Html": "<p>Hello!!</p>\r\n<p>&nbsp;</p>\r\n<p>I 'm interested in using this script, I have a little problem, hope you could help me:&nbsp;This&nbsp;line is not working for me. The \"-Parameter\" is not recognized in my environment.</p>\r\n<p><strong>$VMs = Get-vm | Select-Object -Parameter VMElementName&nbsp;</strong></p>\r\n<p># Now you have your own class with VMs names only. And the next string must be</p>\r\n<p>foreach ($VM in $VMs.VMElementName)</p>\r\n<p>Thanks you very much and excuse my english.</p>\r\n<p>&nbsp;</p>\r\n<p>Regards</p>",
    "PostedDate": "2011-11-08T02:11:34.663-08:00",
    "UserRole": null,
    "MarkedAsAnswerDate": null
  },
  {
    "Id": "695767",
    "ThreadId": "272206",
    "Html": "<p>Sorry, I made mistake with name of the cmdlet parameter.</p>\r\n<p>I have been change my previous post to right.&nbsp;</p>\r\n<p>Also, you can get the information about parameter by youself and fix it. Just type: <strong>Get-Help Select-Object -Detailed</strong></p>\r\n<p>The right string is:&nbsp;</p>\r\n<p><strong>$VMs = Get-vm | Select-Object -Property VMElementName</strong></p>\r\n<p>Sorry :-)</p>",
    "PostedDate": "2011-11-09T03:58:27.133-08:00",
    "UserRole": null,
    "MarkedAsAnswerDate": null
  },
  {
    "Id": "696296",
    "ThreadId": "272206",
    "Html": "<p>Thank you very much,</p>\r\n<p>Sorry, I'm new in powershell.</p>\r\n<p>I'm trying a disaster recovery solultion for a customer.</p>\r\n<p>2 Datacenters, 2 Clusters with CSV, LUN replicated to the other Datacenter (using storage replication from two 3PAR or HP EVA)</p>\r\n<p>My idea is to export all VMs (only config) &nbsp;in a High available repository.</p>\r\n<p>In a Datacenter failure scenario, I would change replica to RW to the failover datacenter, present the CSV volume to the other cluster and try to import the VMs and try to power on.</p>\r\n<p>I think may work, and could be a good solution.</p>\r\n<p>I will post if works to could help people in the same situation as me.</p>\r\n<p>Thanks all, and excuse my english...</p>\r\n<p>Regards,</p>\r\n<p>&nbsp;</p>\r\n<p>&nbsp;</p>\r\n<p>&nbsp;</p>",
    "PostedDate": "2011-11-10T01:22:26.653-08:00",
    "UserRole": null,
    "MarkedAsAnswerDate": null
  },
  {
    "Id": "696898",
    "ThreadId": "272206",
    "Html": "<p>Will wait for yours answer. Do you speak russian? :-)</p>",
    "PostedDate": "2011-11-11T01:16:35.937-08:00",
    "UserRole": null,
    "MarkedAsAnswerDate": null
  },
  {
    "Id": "728560",
    "ThreadId": "272206",
    "Html": "<p>Hi!</p>\r\n<p>&nbsp;</p>\r\n<p>I'm very interested on the final version of the script. It's just what I was looking for! Could someone share it somehow or mail it to me?</p>\r\n<p>Thanks a lot!</p>\r\n<p>&nbsp;</p>\r\n<p>Regards,</p>\r\n<p>&nbsp;</p>\r\n<p>Luis Talora</p>\r\n<p>&nbsp;</p>",
    "PostedDate": "2012-01-20T21:36:17.063-08:00",
    "UserRole": null,
    "MarkedAsAnswerDate": null
  },
  {
    "Id": "752419",
    "ThreadId": "272206",
    "Html": "<p>I wrote a script for this you may be interested in. You can find it here: ﻿﻿﻿﻿﻿﻿﻿﻿<a href=\"http://www.czerno.com/html/windows/hyperv/cluster/HyperV_Export_VMs.asp\" target=\"_blank\">http://www.czerno.com/html/windows/hyperv/cluster/HyperV_Export_VMs.asp</a></p>\r\n<p>&nbsp;</p>",
    "PostedDate": "2012-02-10T05:38:43.583-08:00",
    "UserRole": null,
    "MarkedAsAnswerDate": null
  },
  {
    "Id": "757208",
    "ThreadId": "272206",
    "Html": "<p>Hello!</p>\r\n<p>Here is my script:</p>\r\n<p>#Writen by Marek Astashev<br /><br />param ($VM)<br /><br />if (!(Get-Module -Name hyperv))<br />&nbsp;&nbsp;&nbsp; {<br />&nbsp;&nbsp;&nbsp;&nbsp;&nbsp;&nbsp;&nbsp; import-module hyperv<br />&nbsp;&nbsp;&nbsp; }<br />if($VM -eq $null)<br />&nbsp;&nbsp;&nbsp; {<br />&nbsp;&nbsp;&nbsp;&nbsp;&nbsp;&nbsp;&nbsp; Write-Host \"Enter the name of your VM!\"<br />&nbsp;&nbsp;&nbsp; }<br />&nbsp;&nbsp;&nbsp; <br />$ComputerName = Get-Content env:COMPUTERNAME<br /># Connect network disk to get info about VHD<br />Invoke-Expression -Command \"net use R: \\\\Server /y\"<br />$count = $false # Trigger of VM whitch was founded<br />$export_count = $false # Trigger for successful export VM<br /># Set name of log-file<br />$log = \"\\\\Server\\backup\\Logs\\$VM\\\" + (Get-Date -Format \"yyy-MM\") +\".log\"<br /># Export path<br />$BackupDir = \"\\\\Server\\backup\\\"+$VM<br /># Path to VHD for get info<br />$InfoDir = \"R:\\backup\\\"+$VM <br /># Data for email<br />$Sender = \"BackupOperator@Contoso.com\"<br />$SMTP = \"smtp.contoso.com\"<br />$Recipients = @(\"backup_monitoring@contoso.com\")<br />$AttachePath = \"R:\\backup\\Logs\\$VM\\\" + (Get-Date -Format \"yyy-MM\") +\".log\"<br /><br />function SendEmail($Subject,$Body,$Priority)<br />&nbsp;&nbsp;&nbsp; {<br />&nbsp;&nbsp;&nbsp;&nbsp;&nbsp;&nbsp;&nbsp; $Message = New-Object System.Net.Mail.MailMessage<br />&nbsp;&nbsp;&nbsp;&nbsp;&nbsp;&nbsp;&nbsp; $Server = New-Object System.Net.Mail.SMTPClient<br />&nbsp;&nbsp;&nbsp;&nbsp;&nbsp;&nbsp;&nbsp; $Attache = New-Object System.Net.Mail.Attachment($AttachePath)<br />&nbsp;&nbsp;&nbsp;&nbsp;&nbsp;&nbsp;&nbsp; # ==== Message<br />&nbsp;&nbsp;&nbsp;&nbsp;&nbsp;&nbsp;&nbsp; $Recipients | ForEach-Object {$Message.To.Add($_)}<br />&nbsp;&nbsp;&nbsp;&nbsp;&nbsp;&nbsp;&nbsp; $Message.From = $Sender<br />&nbsp;&nbsp;&nbsp;&nbsp;&nbsp;&nbsp;&nbsp; $Message.Subject = $Subject<br />&nbsp;&nbsp;&nbsp;&nbsp;&nbsp;&nbsp;&nbsp; $Message.Body = $Body<br />&nbsp;&nbsp;&nbsp;&nbsp;&nbsp;&nbsp;&nbsp; $Message.Attachments.Add($Attache)<br />&nbsp;&nbsp;&nbsp;&nbsp;&nbsp;&nbsp;&nbsp; $Message.Priority = [System.Net.Mail.MailPriority]::$Priority<br />&nbsp;&nbsp;&nbsp;&nbsp;&nbsp;&nbsp;&nbsp; # ==== Sending<br />&nbsp;&nbsp;&nbsp;&nbsp;&nbsp;&nbsp;&nbsp; $Server.Host = $SMTP<br />&nbsp;&nbsp;&nbsp;&nbsp;&nbsp;&nbsp;&nbsp; $Server.Send($Message)<br />&nbsp;&nbsp;&nbsp; }<br /><br /># =========================================<br /># Start to write log-file<br />$log_string = $log_string + (Get-Date) + \"`r`n Starting... \"+$VM + \" ServerName: \" + $ComputerName + \"`r`n Get the list of VMs... `r`n\"<br /><br /># Get the list of VMs<br />$VMArray = Get-VM | Select-Object -Property VMElementName<br />foreach($element in $VMArray)<br />{<br />&nbsp;&nbsp;&nbsp; # Search given VM<br />&nbsp;&nbsp;&nbsp; if($VM -eq $element.VMElementName)<br />&nbsp;&nbsp;&nbsp; {<br />&nbsp;&nbsp;&nbsp;&nbsp;&nbsp;&nbsp;&nbsp; $log_string = $log_string + \"VM was found. Start working... `r`n\"<br />&nbsp;&nbsp;&nbsp;&nbsp;&nbsp;&nbsp;&nbsp; $count = $true&nbsp;&nbsp;&nbsp;&nbsp;&nbsp;&nbsp;&nbsp;&nbsp;&nbsp;&nbsp;&nbsp; <br /># ========== Operations with folders ===============<br /><br />&nbsp;&nbsp;&nbsp;&nbsp;&nbsp;&nbsp;&nbsp; # Delete Yesterday Folder<br />&nbsp;&nbsp;&nbsp;&nbsp;&nbsp;&nbsp;&nbsp; Remove-Item -Path ($BackupDir + \"\\Yesterday\") -Recurse -ErrorVariable err<br />&nbsp;&nbsp;&nbsp;&nbsp;&nbsp;&nbsp;&nbsp; if($err)<br />&nbsp;&nbsp;&nbsp;&nbsp;&nbsp;&nbsp;&nbsp; {<br />&nbsp;&nbsp;&nbsp;&nbsp;&nbsp;&nbsp;&nbsp;&nbsp;&nbsp;&nbsp;&nbsp; # If get error - stop!<br />&nbsp;&nbsp;&nbsp;&nbsp;&nbsp;&nbsp;&nbsp;&nbsp;&nbsp;&nbsp;&nbsp; $log_string = $log_string + $err + \"`r`n\"<br />&nbsp;&nbsp;&nbsp;&nbsp;&nbsp;&nbsp;&nbsp;&nbsp;&nbsp;&nbsp;&nbsp; $MailBody = $Mailbody + (Get-Date -Format \"(yyyy-MM-dd) hh:mm:ss\") + \" Deleting Yesterday folder was unsuccessful, break exporting $VM. Error: \" + $err<br />&nbsp;&nbsp;&nbsp;&nbsp;&nbsp;&nbsp;&nbsp; }<br />&nbsp;&nbsp;&nbsp;&nbsp;&nbsp;&nbsp;&nbsp; else<br />&nbsp;&nbsp;&nbsp;&nbsp;&nbsp;&nbsp;&nbsp; {<br />&nbsp;&nbsp;&nbsp;&nbsp;&nbsp;&nbsp;&nbsp;&nbsp;&nbsp;&nbsp;&nbsp; $log_string = $log_string + \"Yesterday folder was successfully deleted. `r`n\" <br />&nbsp;&nbsp;&nbsp;&nbsp;&nbsp;&nbsp;&nbsp;&nbsp;&nbsp;&nbsp;&nbsp; # Rename Today Folder<br />&nbsp;&nbsp;&nbsp;&nbsp;&nbsp;&nbsp;&nbsp;&nbsp;&nbsp;&nbsp;&nbsp; Rename-Item -Path ($BackupDir + \"\\Today\") -NewName ($BackupDir + \"\\Yesterday\") -Force -ErrorVariable err<br />&nbsp;&nbsp;&nbsp;&nbsp;&nbsp;&nbsp;&nbsp;&nbsp;&nbsp;&nbsp;&nbsp; if($err)<br />&nbsp;&nbsp;&nbsp;&nbsp;&nbsp;&nbsp;&nbsp;&nbsp;&nbsp;&nbsp;&nbsp; {<br />&nbsp;&nbsp;&nbsp;&nbsp;&nbsp;&nbsp;&nbsp;&nbsp;&nbsp;&nbsp;&nbsp;&nbsp;&nbsp;&nbsp;&nbsp; $log_string = $log_string + $err + \"`r`n\"<br />&nbsp;&nbsp;&nbsp;&nbsp;&nbsp;&nbsp;&nbsp;&nbsp;&nbsp;&nbsp;&nbsp;&nbsp;&nbsp;&nbsp;&nbsp; $MailBody = $Mailbody + (Get-Date -Format \"(yyyy-MM-dd) hh:mm:ss\") + \" Renaming Yesterday folder was unsuccessful, break exporting $VM. Error: \" + $err<br />&nbsp;&nbsp;&nbsp;&nbsp;&nbsp;&nbsp;&nbsp;&nbsp;&nbsp;&nbsp;&nbsp; }<br />&nbsp;&nbsp;&nbsp;&nbsp;&nbsp;&nbsp;&nbsp;&nbsp;&nbsp;&nbsp;&nbsp; else<br />&nbsp;&nbsp;&nbsp;&nbsp;&nbsp;&nbsp;&nbsp;&nbsp;&nbsp;&nbsp;&nbsp; {<br />&nbsp;&nbsp;&nbsp;&nbsp;&nbsp;&nbsp;&nbsp;&nbsp;&nbsp;&nbsp;&nbsp;&nbsp;&nbsp;&nbsp;&nbsp; $log_string = $log_string + \"Yesterday folder was successfully renamed. `r`n\" <br />&nbsp;&nbsp;&nbsp;&nbsp;&nbsp;&nbsp;&nbsp;&nbsp;&nbsp;&nbsp;&nbsp;&nbsp;&nbsp;&nbsp;&nbsp; New-Item -Path ($BackupDir + \"\\Today\") -ItemType Directory -Force -ErrorVariable err<br />&nbsp;&nbsp;&nbsp;&nbsp;&nbsp;&nbsp;&nbsp;&nbsp;&nbsp;&nbsp;&nbsp;&nbsp;&nbsp;&nbsp;&nbsp; if($err)<br />&nbsp;&nbsp;&nbsp;&nbsp;&nbsp;&nbsp;&nbsp;&nbsp;&nbsp;&nbsp;&nbsp;&nbsp;&nbsp;&nbsp;&nbsp; {<br />&nbsp;&nbsp;&nbsp;&nbsp;&nbsp;&nbsp;&nbsp;&nbsp;&nbsp;&nbsp;&nbsp;&nbsp;&nbsp;&nbsp;&nbsp;&nbsp;&nbsp;&nbsp;&nbsp; $log_string = $log_string + $err + \"`r`n\"<br />&nbsp;&nbsp;&nbsp;&nbsp;&nbsp;&nbsp;&nbsp;&nbsp;&nbsp;&nbsp;&nbsp;&nbsp;&nbsp;&nbsp;&nbsp;&nbsp;&nbsp;&nbsp;&nbsp; $MailBody = $Mailbody + (Get-Date -Format \"(yyyy-MM-dd) hh:mm:ss\") + \"Creating Today folder was unsuccessful, break exporting $VM. Error: \" + $err<br />&nbsp;&nbsp;&nbsp;&nbsp;&nbsp;&nbsp;&nbsp;&nbsp;&nbsp;&nbsp;&nbsp;&nbsp;&nbsp;&nbsp;&nbsp; }<br />&nbsp;&nbsp;&nbsp;&nbsp;&nbsp;&nbsp;&nbsp;&nbsp;&nbsp;&nbsp;&nbsp;&nbsp;&nbsp;&nbsp;&nbsp; else<br />&nbsp;&nbsp;&nbsp;&nbsp;&nbsp;&nbsp;&nbsp;&nbsp;&nbsp;&nbsp;&nbsp;&nbsp;&nbsp;&nbsp;&nbsp; {<br />&nbsp;&nbsp;&nbsp;&nbsp;&nbsp;&nbsp;&nbsp;&nbsp;&nbsp;&nbsp;&nbsp;&nbsp;&nbsp;&nbsp;&nbsp;&nbsp;&nbsp;&nbsp;&nbsp; $log_string = $log_string + \"Today folder was successfully created `r`n\" <br /><br />&nbsp;&nbsp;&nbsp;&nbsp;&nbsp;&nbsp;&nbsp;&nbsp;&nbsp;&nbsp;&nbsp;&nbsp;&nbsp;&nbsp;&nbsp;&nbsp;&nbsp;&nbsp;&nbsp; # If VM state is \"Running\" <br />&nbsp;&nbsp;&nbsp;&nbsp;&nbsp;&nbsp;&nbsp;&nbsp;&nbsp;&nbsp;&nbsp;&nbsp;&nbsp;&nbsp;&nbsp;&nbsp;&nbsp;&nbsp;&nbsp; if((Get-VMSummary $VM).enabledstate -eq \"Running\")<br />&nbsp;&nbsp;&nbsp;&nbsp;&nbsp;&nbsp;&nbsp;&nbsp;&nbsp;&nbsp;&nbsp;&nbsp;&nbsp;&nbsp;&nbsp;&nbsp;&nbsp;&nbsp;&nbsp; {<br />&nbsp;&nbsp;&nbsp;&nbsp;&nbsp;&nbsp;&nbsp;&nbsp;&nbsp;&nbsp;&nbsp;&nbsp;&nbsp;&nbsp;&nbsp;&nbsp;&nbsp;&nbsp;&nbsp;&nbsp;&nbsp;&nbsp;&nbsp; $log_string = $log_string + ((Get-Date -Format \"(yyyy-MM-dd) hh:mm:ss\") + \" Stoping VM. `r`n\") <br />&nbsp;&nbsp;&nbsp;&nbsp;&nbsp;&nbsp;&nbsp;&nbsp;&nbsp;&nbsp;&nbsp;&nbsp;&nbsp;&nbsp;&nbsp;&nbsp;&nbsp;&nbsp;&nbsp;&nbsp;&nbsp;&nbsp;&nbsp; invoke-vmshutdown -VM $VM -Reason \"Export VM.\" -Force -ErrorVariable err<br />&nbsp;&nbsp;&nbsp;&nbsp;&nbsp;&nbsp;&nbsp;&nbsp;&nbsp;&nbsp;&nbsp;&nbsp;&nbsp;&nbsp;&nbsp;&nbsp;&nbsp;&nbsp;&nbsp;&nbsp;&nbsp;&nbsp;&nbsp; if($err)<br />&nbsp;&nbsp;&nbsp;&nbsp;&nbsp;&nbsp;&nbsp;&nbsp;&nbsp;&nbsp;&nbsp;&nbsp;&nbsp;&nbsp;&nbsp;&nbsp;&nbsp;&nbsp;&nbsp;&nbsp;&nbsp;&nbsp;&nbsp; {<br />&nbsp;&nbsp;&nbsp;&nbsp;&nbsp;&nbsp;&nbsp;&nbsp;&nbsp;&nbsp;&nbsp;&nbsp;&nbsp;&nbsp;&nbsp;&nbsp;&nbsp;&nbsp;&nbsp;&nbsp;&nbsp;&nbsp;&nbsp;&nbsp;&nbsp;&nbsp;&nbsp; $log_string = $log_string + $err + \"`r`n\"<br />&nbsp;&nbsp;&nbsp;&nbsp;&nbsp;&nbsp;&nbsp;&nbsp;&nbsp;&nbsp;&nbsp;&nbsp;&nbsp;&nbsp;&nbsp;&nbsp;&nbsp;&nbsp;&nbsp;&nbsp;&nbsp;&nbsp;&nbsp;&nbsp;&nbsp;&nbsp;&nbsp; $MailBody = $Mailbody + (Get-Date -Format \"(yyyy-MM-dd) hh:mm:ss\") + \" Cann't stop $VM. Error: \" + $err<br />&nbsp;&nbsp;&nbsp;&nbsp;&nbsp;&nbsp;&nbsp;&nbsp;&nbsp;&nbsp;&nbsp;&nbsp;&nbsp;&nbsp;&nbsp;&nbsp;&nbsp;&nbsp;&nbsp;&nbsp;&nbsp;&nbsp;&nbsp; }<br />&nbsp;&nbsp;&nbsp;&nbsp;&nbsp;&nbsp;&nbsp;&nbsp;&nbsp;&nbsp;&nbsp;&nbsp;&nbsp;&nbsp;&nbsp;&nbsp;&nbsp;&nbsp;&nbsp;&nbsp;&nbsp;&nbsp;&nbsp; else<br />&nbsp;&nbsp;&nbsp;&nbsp;&nbsp;&nbsp;&nbsp;&nbsp;&nbsp;&nbsp;&nbsp;&nbsp;&nbsp;&nbsp;&nbsp;&nbsp;&nbsp;&nbsp;&nbsp;&nbsp;&nbsp;&nbsp;&nbsp; {<br />&nbsp;&nbsp;&nbsp;&nbsp;&nbsp;&nbsp;&nbsp;&nbsp;&nbsp;&nbsp;&nbsp;&nbsp;&nbsp;&nbsp;&nbsp;&nbsp;&nbsp;&nbsp;&nbsp;&nbsp;&nbsp;&nbsp;&nbsp;&nbsp;&nbsp;&nbsp;&nbsp; $log_string = $log_string + (Get-Date -Format \"(yyyy-MM-dd) hh:mm:ss\") + \" VM was stopped. Starting export.`r`n\" <br />&nbsp;&nbsp;&nbsp;&nbsp;&nbsp;&nbsp;&nbsp;&nbsp;&nbsp;&nbsp;&nbsp;&nbsp;&nbsp;&nbsp;&nbsp;&nbsp;&nbsp;&nbsp;&nbsp;&nbsp;&nbsp;&nbsp;&nbsp;&nbsp;&nbsp;&nbsp;&nbsp; $MailBody = $MailBody + (Get-Date -Format \"(yyyy-MM-dd) hh:mm:ss\") + \" VM was stopped.`r`n\"<br />&nbsp;&nbsp;&nbsp;&nbsp;&nbsp;&nbsp;&nbsp;&nbsp;&nbsp;&nbsp;&nbsp;&nbsp;&nbsp;&nbsp;&nbsp;&nbsp;&nbsp;&nbsp;&nbsp;&nbsp;&nbsp;&nbsp;&nbsp;&nbsp;&nbsp;&nbsp;&nbsp; $MailBody = $MailBody + (Get-Date -Format \"(yyyy-MM-dd) hh:mm:ss\") + \" Starting export $VM.`r`n\"<br />&nbsp;&nbsp;&nbsp;&nbsp;&nbsp;&nbsp;&nbsp;&nbsp;&nbsp;&nbsp;&nbsp;&nbsp;&nbsp;&nbsp;&nbsp;&nbsp;&nbsp;&nbsp;&nbsp;&nbsp;&nbsp;&nbsp;&nbsp;&nbsp;&nbsp;&nbsp;&nbsp; export-VM -VM $VM -path ($backupDir + \"\\Today\") -force -copystate -wait -ErrorVariable err<br />&nbsp;&nbsp;&nbsp;&nbsp;&nbsp;&nbsp;&nbsp;&nbsp;&nbsp;&nbsp;&nbsp;&nbsp;&nbsp;&nbsp;&nbsp;&nbsp;&nbsp;&nbsp;&nbsp;&nbsp;&nbsp;&nbsp;&nbsp;&nbsp;&nbsp;&nbsp;&nbsp; if($err)<br />&nbsp;&nbsp;&nbsp;&nbsp;&nbsp;&nbsp;&nbsp;&nbsp;&nbsp;&nbsp;&nbsp;&nbsp;&nbsp;&nbsp;&nbsp;&nbsp;&nbsp;&nbsp;&nbsp;&nbsp;&nbsp;&nbsp;&nbsp;&nbsp;&nbsp;&nbsp;&nbsp; {<br />&nbsp;&nbsp;&nbsp;&nbsp;&nbsp;&nbsp;&nbsp;&nbsp;&nbsp;&nbsp;&nbsp;&nbsp;&nbsp;&nbsp;&nbsp;&nbsp;&nbsp;&nbsp;&nbsp;&nbsp;&nbsp;&nbsp;&nbsp;&nbsp;&nbsp;&nbsp;&nbsp;&nbsp;&nbsp;&nbsp;&nbsp; $log_string = $log_string + $err + \"`r`n\"<br />&nbsp;&nbsp;&nbsp;&nbsp;&nbsp;&nbsp;&nbsp;&nbsp;&nbsp;&nbsp;&nbsp;&nbsp;&nbsp;&nbsp;&nbsp;&nbsp;&nbsp;&nbsp;&nbsp;&nbsp;&nbsp;&nbsp;&nbsp;&nbsp;&nbsp;&nbsp;&nbsp;&nbsp;&nbsp;&nbsp;&nbsp; $MailBody = $Mailbody + (Get-Date -Format \"(yyyy-MM-dd) hh:mm:ss\") + \" Cann't finish export $VM. Error: \" + $err<br />&nbsp;&nbsp;&nbsp;&nbsp;&nbsp;&nbsp;&nbsp;&nbsp;&nbsp;&nbsp;&nbsp;&nbsp;&nbsp;&nbsp;&nbsp;&nbsp;&nbsp;&nbsp;&nbsp;&nbsp;&nbsp;&nbsp;&nbsp;&nbsp;&nbsp;&nbsp;&nbsp; }<br />&nbsp;&nbsp;&nbsp;&nbsp;&nbsp;&nbsp;&nbsp;&nbsp;&nbsp;&nbsp;&nbsp;&nbsp;&nbsp;&nbsp;&nbsp;&nbsp;&nbsp;&nbsp;&nbsp;&nbsp;&nbsp;&nbsp;&nbsp;&nbsp;&nbsp;&nbsp;&nbsp; else<br />&nbsp;&nbsp;&nbsp;&nbsp;&nbsp;&nbsp;&nbsp;&nbsp;&nbsp;&nbsp;&nbsp;&nbsp;&nbsp;&nbsp;&nbsp;&nbsp;&nbsp;&nbsp;&nbsp;&nbsp;&nbsp;&nbsp;&nbsp;&nbsp;&nbsp;&nbsp;&nbsp; {<br />&nbsp;&nbsp;&nbsp;&nbsp;&nbsp;&nbsp;&nbsp;&nbsp;&nbsp;&nbsp;&nbsp;&nbsp;&nbsp;&nbsp;&nbsp;&nbsp;&nbsp;&nbsp;&nbsp;&nbsp;&nbsp;&nbsp;&nbsp;&nbsp;&nbsp;&nbsp;&nbsp;&nbsp;&nbsp;&nbsp;&nbsp; $log_string = $log_string + (Get-Date -Format \"(yyyy-MM-dd) hh:mm:ss\") + \" $VM successfully exported. Getting start.`r`n\"<br />&nbsp;&nbsp;&nbsp;&nbsp;&nbsp;&nbsp;&nbsp;&nbsp;&nbsp;&nbsp;&nbsp;&nbsp;&nbsp;&nbsp;&nbsp;&nbsp;&nbsp;&nbsp;&nbsp;&nbsp;&nbsp;&nbsp;&nbsp;&nbsp;&nbsp;&nbsp;&nbsp;&nbsp;&nbsp;&nbsp;&nbsp; $MailBody = $MailBody + (Get-Date -Format \"(yyyy-MM-dd) hh:mm:ss\") + \" $VM successfully exported.`r`n\"<br />&nbsp;&nbsp;&nbsp;&nbsp;&nbsp;&nbsp;&nbsp;&nbsp;&nbsp;&nbsp;&nbsp;&nbsp;&nbsp;&nbsp;&nbsp;&nbsp;&nbsp;&nbsp;&nbsp;&nbsp;&nbsp;&nbsp;&nbsp;&nbsp;&nbsp;&nbsp;&nbsp;&nbsp;&nbsp;&nbsp;&nbsp; $export_count = $true<br />&nbsp;&nbsp;&nbsp;&nbsp;&nbsp;&nbsp;&nbsp;&nbsp;&nbsp;&nbsp;&nbsp;&nbsp;&nbsp;&nbsp;&nbsp;&nbsp;&nbsp;&nbsp;&nbsp;&nbsp;&nbsp;&nbsp;&nbsp;&nbsp;&nbsp;&nbsp;&nbsp; }<br />&nbsp;&nbsp;&nbsp;&nbsp;&nbsp;&nbsp;&nbsp;&nbsp;&nbsp;&nbsp;&nbsp;&nbsp;&nbsp;&nbsp;&nbsp;&nbsp;&nbsp;&nbsp;&nbsp;&nbsp;&nbsp;&nbsp;&nbsp;&nbsp;&nbsp;&nbsp;&nbsp; # Starting VM with 300 seconds pending&nbsp;&nbsp;&nbsp;&nbsp;&nbsp;&nbsp;&nbsp;&nbsp;&nbsp;&nbsp;&nbsp;&nbsp;&nbsp;&nbsp;&nbsp;&nbsp; <br />&nbsp;&nbsp;&nbsp;&nbsp;&nbsp;&nbsp;&nbsp;&nbsp;&nbsp;&nbsp;&nbsp;&nbsp;&nbsp;&nbsp;&nbsp;&nbsp;&nbsp;&nbsp;&nbsp;&nbsp;&nbsp;&nbsp;&nbsp;&nbsp;&nbsp;&nbsp;&nbsp; Start-VM -vm $VM -HeartBeatTimeOut 300 -ErrorVariable err<br />&nbsp;&nbsp;&nbsp;&nbsp;&nbsp;&nbsp;&nbsp;&nbsp;&nbsp;&nbsp;&nbsp;&nbsp;&nbsp;&nbsp;&nbsp;&nbsp;&nbsp;&nbsp;&nbsp;&nbsp;&nbsp;&nbsp;&nbsp;&nbsp;&nbsp;&nbsp;&nbsp; if($err)<br />&nbsp;&nbsp;&nbsp;&nbsp;&nbsp;&nbsp;&nbsp;&nbsp;&nbsp;&nbsp;&nbsp;&nbsp;&nbsp;&nbsp;&nbsp;&nbsp;&nbsp;&nbsp;&nbsp;&nbsp;&nbsp;&nbsp;&nbsp;&nbsp;&nbsp;&nbsp;&nbsp; {<br />&nbsp;&nbsp;&nbsp;&nbsp;&nbsp;&nbsp;&nbsp;&nbsp;&nbsp;&nbsp;&nbsp;&nbsp;&nbsp;&nbsp;&nbsp;&nbsp;&nbsp;&nbsp;&nbsp;&nbsp;&nbsp;&nbsp;&nbsp;&nbsp;&nbsp;&nbsp;&nbsp;&nbsp;&nbsp;&nbsp;&nbsp; $log_string = $log_string + $err + \"`r`n\"<br />&nbsp;&nbsp;&nbsp;&nbsp;&nbsp;&nbsp;&nbsp;&nbsp;&nbsp;&nbsp;&nbsp;&nbsp;&nbsp;&nbsp;&nbsp;&nbsp;&nbsp;&nbsp;&nbsp;&nbsp;&nbsp;&nbsp;&nbsp;&nbsp;&nbsp;&nbsp;&nbsp;&nbsp;&nbsp;&nbsp;&nbsp; $MailBody = $Mailbody + (Get-Date -Format \"(yyyy-MM-dd) hh:mm:ss\") + \" Cann't start $VM. Error: \" + $err<br />&nbsp;&nbsp;&nbsp;&nbsp;&nbsp;&nbsp;&nbsp;&nbsp;&nbsp;&nbsp;&nbsp;&nbsp;&nbsp;&nbsp;&nbsp;&nbsp;&nbsp;&nbsp;&nbsp;&nbsp;&nbsp;&nbsp;&nbsp;&nbsp;&nbsp;&nbsp;&nbsp; }<br />&nbsp;&nbsp;&nbsp;&nbsp;&nbsp;&nbsp;&nbsp;&nbsp;&nbsp;&nbsp;&nbsp;&nbsp;&nbsp;&nbsp;&nbsp;&nbsp;&nbsp;&nbsp;&nbsp;&nbsp;&nbsp;&nbsp;&nbsp;&nbsp;&nbsp;&nbsp;&nbsp; else<br />&nbsp;&nbsp;&nbsp;&nbsp;&nbsp;&nbsp;&nbsp;&nbsp;&nbsp;&nbsp;&nbsp;&nbsp;&nbsp;&nbsp;&nbsp;&nbsp;&nbsp;&nbsp;&nbsp;&nbsp;&nbsp;&nbsp;&nbsp;&nbsp;&nbsp;&nbsp;&nbsp; {<br />&nbsp;&nbsp;&nbsp;&nbsp;&nbsp;&nbsp;&nbsp;&nbsp;&nbsp;&nbsp;&nbsp;&nbsp;&nbsp;&nbsp;&nbsp;&nbsp;&nbsp;&nbsp;&nbsp;&nbsp;&nbsp;&nbsp;&nbsp;&nbsp;&nbsp;&nbsp;&nbsp;&nbsp;&nbsp;&nbsp;&nbsp; $log_string = $log_string + (Get-Date -Format \"(yyyy-MM-dd) hh:mm:ss\") + \" $VM successfully started.`r`n\"<br />&nbsp;&nbsp;&nbsp;&nbsp;&nbsp;&nbsp;&nbsp;&nbsp;&nbsp;&nbsp;&nbsp;&nbsp;&nbsp;&nbsp;&nbsp;&nbsp;&nbsp;&nbsp;&nbsp;&nbsp;&nbsp;&nbsp;&nbsp;&nbsp;&nbsp;&nbsp;&nbsp;&nbsp;&nbsp;&nbsp;&nbsp; $MailBody = $MailBody + (Get-Date -Format \"(yyyy-MM-dd) hh:mm:ss\") + \" $VM successfully started.`r`n\"<br />&nbsp;&nbsp;&nbsp;&nbsp;&nbsp;&nbsp;&nbsp;&nbsp;&nbsp;&nbsp;&nbsp;&nbsp;&nbsp;&nbsp;&nbsp;&nbsp;&nbsp;&nbsp;&nbsp;&nbsp;&nbsp;&nbsp;&nbsp;&nbsp;&nbsp;&nbsp;&nbsp; }<br />&nbsp;&nbsp;&nbsp;&nbsp;&nbsp;&nbsp;&nbsp;&nbsp;&nbsp;&nbsp;&nbsp;&nbsp;&nbsp;&nbsp;&nbsp;&nbsp;&nbsp;&nbsp;&nbsp;&nbsp;&nbsp;&nbsp;&nbsp; }<br />&nbsp;&nbsp;&nbsp;&nbsp;&nbsp;&nbsp;&nbsp;&nbsp;&nbsp;&nbsp;&nbsp;&nbsp;&nbsp;&nbsp;&nbsp;&nbsp;&nbsp;&nbsp;&nbsp; }&nbsp;&nbsp; <br />&nbsp;&nbsp;&nbsp;&nbsp;&nbsp;&nbsp;&nbsp;&nbsp;&nbsp;&nbsp;&nbsp;&nbsp;&nbsp;&nbsp;&nbsp;&nbsp;&nbsp;&nbsp;&nbsp; elseif((Get-VMSummary $VM).enabledstate -eq \"Stopped\")<br />&nbsp;&nbsp;&nbsp;&nbsp;&nbsp;&nbsp;&nbsp;&nbsp;&nbsp;&nbsp;&nbsp;&nbsp;&nbsp;&nbsp;&nbsp;&nbsp;&nbsp;&nbsp;&nbsp; {<br />&nbsp;&nbsp;&nbsp;&nbsp;&nbsp;&nbsp;&nbsp;&nbsp;&nbsp;&nbsp;&nbsp;&nbsp;&nbsp;&nbsp;&nbsp;&nbsp;&nbsp;&nbsp;&nbsp;&nbsp;&nbsp;&nbsp;&nbsp; $log_string = $log_string + (Get-Date -Format \"(yyyy-MM-dd) hh:mm:ss\") + \" The state of $VM is Stopped. Starting export.`r`n\"<br />&nbsp;&nbsp;&nbsp;&nbsp;&nbsp;&nbsp;&nbsp;&nbsp;&nbsp;&nbsp;&nbsp;&nbsp;&nbsp;&nbsp;&nbsp;&nbsp;&nbsp;&nbsp;&nbsp;&nbsp;&nbsp;&nbsp;&nbsp; $MailBody = $MailBody + (Get-Date -Format \"(yyyy-MM-dd) hh:mm:ss\") + \" The state of $VM is Stopped.`r`n\"<br />&nbsp;&nbsp;&nbsp;&nbsp;&nbsp;&nbsp;&nbsp;&nbsp;&nbsp;&nbsp;&nbsp;&nbsp;&nbsp;&nbsp;&nbsp;&nbsp;&nbsp;&nbsp;&nbsp;&nbsp;&nbsp;&nbsp;&nbsp; export-VM -VM $VM -path ($backupDir + \"\\Today\") -force -copystate -wait -ErrorVariable err<br />&nbsp;&nbsp;&nbsp;&nbsp;&nbsp;&nbsp;&nbsp;&nbsp;&nbsp;&nbsp;&nbsp;&nbsp;&nbsp;&nbsp;&nbsp;&nbsp;&nbsp;&nbsp;&nbsp;&nbsp;&nbsp;&nbsp;&nbsp; if($err)<br />&nbsp;&nbsp;&nbsp;&nbsp;&nbsp;&nbsp;&nbsp;&nbsp;&nbsp;&nbsp;&nbsp;&nbsp;&nbsp;&nbsp;&nbsp;&nbsp;&nbsp;&nbsp;&nbsp;&nbsp;&nbsp;&nbsp;&nbsp; {<br />&nbsp;&nbsp;&nbsp;&nbsp;&nbsp;&nbsp;&nbsp;&nbsp;&nbsp;&nbsp;&nbsp;&nbsp;&nbsp;&nbsp;&nbsp;&nbsp;&nbsp;&nbsp;&nbsp;&nbsp;&nbsp;&nbsp;&nbsp;&nbsp;&nbsp;&nbsp;&nbsp; $log_string = $log_string + $err + \"`r`n\"<br />&nbsp;&nbsp;&nbsp;&nbsp;&nbsp;&nbsp;&nbsp;&nbsp;&nbsp;&nbsp;&nbsp;&nbsp;&nbsp;&nbsp;&nbsp;&nbsp;&nbsp;&nbsp;&nbsp;&nbsp;&nbsp;&nbsp;&nbsp;&nbsp;&nbsp;&nbsp;&nbsp; $MailBody = $Mailbody + (Get-Date -Format \"(yyyy-MM-dd) hh:mm:ss\") + \" Cann't finish export $VM. Error: \" + $err<br />&nbsp;&nbsp;&nbsp;&nbsp;&nbsp;&nbsp;&nbsp;&nbsp;&nbsp;&nbsp;&nbsp;&nbsp;&nbsp;&nbsp;&nbsp;&nbsp;&nbsp;&nbsp;&nbsp;&nbsp;&nbsp;&nbsp;&nbsp; }<br />&nbsp;&nbsp;&nbsp;&nbsp;&nbsp;&nbsp;&nbsp;&nbsp;&nbsp;&nbsp;&nbsp;&nbsp;&nbsp;&nbsp;&nbsp;&nbsp;&nbsp;&nbsp;&nbsp;&nbsp;&nbsp;&nbsp;&nbsp; else<br />&nbsp;&nbsp;&nbsp;&nbsp;&nbsp;&nbsp;&nbsp;&nbsp;&nbsp;&nbsp;&nbsp;&nbsp;&nbsp;&nbsp;&nbsp;&nbsp;&nbsp;&nbsp;&nbsp;&nbsp;&nbsp;&nbsp;&nbsp; {<br />&nbsp;&nbsp;&nbsp;&nbsp;&nbsp;&nbsp;&nbsp;&nbsp;&nbsp;&nbsp;&nbsp;&nbsp;&nbsp;&nbsp;&nbsp;&nbsp;&nbsp;&nbsp;&nbsp;&nbsp;&nbsp;&nbsp;&nbsp;&nbsp;&nbsp;&nbsp;&nbsp; $log_string = $log_string + (Get-Date -Format \"(yyyy-MM-dd) hh:mm:ss\") + \" $VM successfully exported. Getting start.`r`n\"<br />&nbsp;&nbsp;&nbsp;&nbsp;&nbsp;&nbsp;&nbsp;&nbsp;&nbsp;&nbsp;&nbsp;&nbsp;&nbsp;&nbsp;&nbsp;&nbsp;&nbsp;&nbsp;&nbsp;&nbsp;&nbsp;&nbsp;&nbsp;&nbsp;&nbsp;&nbsp;&nbsp; $MailBody = $MailBody + (Get-Date -Format \"(yyyy-MM-dd) hh:mm:ss\") + \" $VM successfully exported.`r`n\"<br />&nbsp;&nbsp;&nbsp;&nbsp;&nbsp;&nbsp;&nbsp;&nbsp;&nbsp;&nbsp;&nbsp;&nbsp;&nbsp;&nbsp;&nbsp;&nbsp;&nbsp;&nbsp;&nbsp;&nbsp;&nbsp;&nbsp;&nbsp;&nbsp;&nbsp;&nbsp;&nbsp; $export_count = $true<br />&nbsp;&nbsp;&nbsp;&nbsp;&nbsp;&nbsp;&nbsp;&nbsp;&nbsp;&nbsp;&nbsp;&nbsp;&nbsp;&nbsp;&nbsp;&nbsp;&nbsp;&nbsp;&nbsp;&nbsp;&nbsp;&nbsp;&nbsp; }<br />&nbsp;&nbsp;&nbsp;&nbsp;&nbsp;&nbsp;&nbsp;&nbsp;&nbsp;&nbsp;&nbsp;&nbsp;&nbsp;&nbsp;&nbsp;&nbsp;&nbsp;&nbsp;&nbsp; }<br />&nbsp;&nbsp;&nbsp;&nbsp;&nbsp;&nbsp;&nbsp;&nbsp;&nbsp;&nbsp;&nbsp;&nbsp;&nbsp;&nbsp;&nbsp;&nbsp;&nbsp;&nbsp;&nbsp; else<br />&nbsp;&nbsp;&nbsp;&nbsp;&nbsp;&nbsp;&nbsp;&nbsp;&nbsp;&nbsp;&nbsp;&nbsp;&nbsp;&nbsp;&nbsp;&nbsp;&nbsp;&nbsp;&nbsp; {<br />&nbsp;&nbsp;&nbsp;&nbsp;&nbsp;&nbsp;&nbsp;&nbsp;&nbsp;&nbsp;&nbsp;&nbsp;&nbsp;&nbsp;&nbsp;&nbsp;&nbsp;&nbsp;&nbsp;&nbsp;&nbsp;&nbsp;&nbsp; $vm_state = (Get-VMSummary -VM $VM).EnabledState<br />&nbsp;&nbsp;&nbsp;&nbsp;&nbsp;&nbsp;&nbsp;&nbsp;&nbsp;&nbsp;&nbsp;&nbsp;&nbsp;&nbsp;&nbsp;&nbsp;&nbsp;&nbsp;&nbsp;&nbsp;&nbsp;&nbsp;&nbsp; $log_string = $log_string + (Get-Date -Format \"(yyyy-MM-dd) hh:mm:ss\") + \" Cann't export VM, because $VM = $vm_state.`r`n\"<br />&nbsp;&nbsp;&nbsp;&nbsp;&nbsp;&nbsp;&nbsp;&nbsp;&nbsp;&nbsp;&nbsp;&nbsp;&nbsp;&nbsp;&nbsp;&nbsp;&nbsp;&nbsp;&nbsp;&nbsp;&nbsp;&nbsp;&nbsp; $MailBody = $MailBody + (Get-Date -Format \"(yyyy-MM-dd) hh:mm:ss\") + \" Cann't export VM, because $VM = $vm_state.`r`n\"<br />&nbsp;&nbsp;&nbsp;&nbsp;&nbsp;&nbsp;&nbsp;&nbsp;&nbsp;&nbsp;&nbsp;&nbsp;&nbsp;&nbsp;&nbsp;&nbsp;&nbsp;&nbsp;&nbsp; }<br />&nbsp;&nbsp;&nbsp;&nbsp;&nbsp;&nbsp;&nbsp;&nbsp;&nbsp;&nbsp;&nbsp;&nbsp;&nbsp;&nbsp;&nbsp; }<br />&nbsp;&nbsp;&nbsp;&nbsp;&nbsp;&nbsp;&nbsp;&nbsp;&nbsp;&nbsp;&nbsp; }<br />&nbsp;&nbsp;&nbsp;&nbsp;&nbsp;&nbsp;&nbsp; }<br />&nbsp;&nbsp;&nbsp; }<br />}<br />if($count) # If VM wasn't found.<br />{<br />&nbsp;&nbsp;&nbsp; if(!($export_count)) # If VM does not exported<br />&nbsp;&nbsp;&nbsp; {<br />&nbsp;&nbsp;&nbsp;&nbsp;&nbsp;&nbsp;&nbsp; $log_string = $log_string + \"Export $VM was finished with errors. Process terminated. `r`n\" <br />&nbsp;&nbsp;&nbsp;&nbsp;&nbsp;&nbsp;&nbsp; $MailBody = $MailBody + \"Export $VM was finished with errors. Process terminated.`r`n\"<br />&nbsp;&nbsp;&nbsp; }<br />&nbsp;&nbsp;&nbsp; else # If VM was exported successfully<br />&nbsp;&nbsp;&nbsp; {<br />&nbsp;&nbsp;&nbsp;&nbsp;&nbsp;&nbsp;&nbsp; $log_string = $log_string + \"Searching *.VHD for $VM... `r`n\" <br />&nbsp;&nbsp;&nbsp;&nbsp;&nbsp;&nbsp;&nbsp; if(Get-Item -Path ($InfoDir + \"\\Today\\\" + $VM + \"\\Virtual Hard Disks\\*\") -Include *.*vhd | Select-Object -Property Name)<br />&nbsp;&nbsp;&nbsp;&nbsp;&nbsp;&nbsp;&nbsp; {<br />&nbsp;&nbsp;&nbsp;&nbsp;&nbsp;&nbsp;&nbsp;&nbsp;&nbsp;&nbsp;&nbsp; #$VHDInfo = \"VHD Info:`r`n\"<br />&nbsp;&nbsp;&nbsp;&nbsp;&nbsp;&nbsp;&nbsp;&nbsp;&nbsp;&nbsp;&nbsp; foreach($element in (Get-Item -Path ($InfoDir + \"\\Today\\\" + $VM + \"\\Virtual Hard Disks\\*\") -Include *.*vhd | Select-Object -Property Name))<br />&nbsp;&nbsp;&nbsp;&nbsp;&nbsp;&nbsp;&nbsp;&nbsp;&nbsp;&nbsp;&nbsp; {<br />&nbsp;&nbsp;&nbsp;&nbsp;&nbsp;&nbsp;&nbsp;&nbsp;&nbsp;&nbsp;&nbsp;&nbsp;&nbsp;&nbsp;&nbsp; $log_string = $log_string + \"Info for \" + $element.Name + \":`r`n\"<br />&nbsp;&nbsp;&nbsp;&nbsp;&nbsp;&nbsp;&nbsp;&nbsp;&nbsp;&nbsp;&nbsp;&nbsp;&nbsp;&nbsp;&nbsp; $SomeVHDInfo = Get-VHDInfo -VHDPaths ($InfoDir + \"\\Today\\\" + $VM + \"\\Virtual Hard Disks\\\" + $element.Name) <br />&nbsp;&nbsp;&nbsp;&nbsp;&nbsp;&nbsp;&nbsp;&nbsp;&nbsp;&nbsp;&nbsp;&nbsp;&nbsp;&nbsp;&nbsp; $log_string = $log_string + \"Path: \" + $SomeVHDInfo.Path + \"`r`n\"<br />&nbsp;&nbsp;&nbsp;&nbsp;&nbsp;&nbsp;&nbsp;&nbsp;&nbsp;&nbsp;&nbsp;&nbsp;&nbsp;&nbsp;&nbsp; $log_string = $log_string + \"Size: \" + ([System.Math]::Round(($SomeVHDInfo.FileSize/1Gb),2)) + \"Gb`r`n\"<br />&nbsp;&nbsp;&nbsp;&nbsp;&nbsp;&nbsp;&nbsp;&nbsp;&nbsp;&nbsp;&nbsp;&nbsp;&nbsp;&nbsp;&nbsp; $log_string = $log_string + \"VM state: \" + $SomeVHDInfo.InSavedState + \"`r`n\"<br />&nbsp;&nbsp;&nbsp;&nbsp;&nbsp;&nbsp;&nbsp;&nbsp;&nbsp;&nbsp;&nbsp;&nbsp;&nbsp;&nbsp;&nbsp; $log_string = $log_string + \"In Use: \" + $SomeVHDInfo.InUse + \"`r`n\"<br />&nbsp;&nbsp;&nbsp;&nbsp;&nbsp;&nbsp;&nbsp;&nbsp;&nbsp;&nbsp;&nbsp;&nbsp;&nbsp;&nbsp;&nbsp; $log_string = $log_string + \"Max size: \" + ([System.Math]::Round(($SomeVHDInfo.MaxInternalSize/1Gb),2)) + \"Gb`r`n\"<br />&nbsp;&nbsp;&nbsp;&nbsp;&nbsp;&nbsp;&nbsp;&nbsp;&nbsp;&nbsp;&nbsp;&nbsp;&nbsp;&nbsp;&nbsp; $log_string = $log_string + \"Type: \" + $SomeVHDInfo.TypeName + \"`r`n\"<br /><br />&nbsp;&nbsp;&nbsp;&nbsp;&nbsp;&nbsp;&nbsp;&nbsp;&nbsp;&nbsp;&nbsp;&nbsp;&nbsp;&nbsp;&nbsp; $TestVHD = \"VHD: \" + $element.Name + \": \" + (Test-VHD -VHDPaths ($InfoDir + \"\\Today\\\" + $VM + \"\\Virtual Hard Disks\\\" + $element.Name))<br />&nbsp;&nbsp;&nbsp;&nbsp;&nbsp;&nbsp;&nbsp;&nbsp;&nbsp;&nbsp;&nbsp;&nbsp;&nbsp;&nbsp;&nbsp; $log_string = $log_string + $TestVHD + \"`r`n\"<br />&nbsp;&nbsp;&nbsp;&nbsp;&nbsp;&nbsp;&nbsp;&nbsp;&nbsp;&nbsp;&nbsp;&nbsp;&nbsp;&nbsp;&nbsp; $MailBody = $Mailbody + $TestVHD + \"`r`n\"<br />&nbsp;&nbsp;&nbsp;&nbsp;&nbsp;&nbsp;&nbsp;&nbsp;&nbsp;&nbsp;&nbsp; }<br />&nbsp;&nbsp;&nbsp;&nbsp;&nbsp;&nbsp;&nbsp; }<br />&nbsp;&nbsp;&nbsp;&nbsp;&nbsp;&nbsp;&nbsp; else # If VHD was not found<br />&nbsp;&nbsp;&nbsp;&nbsp;&nbsp;&nbsp;&nbsp; {<br />&nbsp;&nbsp;&nbsp;&nbsp;&nbsp;&nbsp;&nbsp;&nbsp;&nbsp;&nbsp;&nbsp; $log_string = $log_string + \"*.VHD for $VM was not found.`r`n\"<br />&nbsp;&nbsp;&nbsp;&nbsp;&nbsp;&nbsp;&nbsp;&nbsp;&nbsp;&nbsp;&nbsp; $MailBody = $MailBody + \"*.VHD for $VM was not found.`r`n\"<br />&nbsp;&nbsp;&nbsp;&nbsp;&nbsp;&nbsp;&nbsp; }<br />&nbsp;&nbsp;&nbsp; }<br />}<br />else # VM was not found<br />{<br />&nbsp;&nbsp;&nbsp; $log_string = $log_string + \"$VM wasn't found. Process terminated.`r`n\" <br />&nbsp;&nbsp;&nbsp; $MailBody = $MailBody + \"$VM wasn't found. Process terminated.`r`n\"<br />}<br /><br />$log_string = $log_string + (Get-Date -Format \"(yyyy-MM-dd) hh:mm:ss\") + \" Stop working with $VM.`r`n\"<br />$log_string = $log_string + \"======================== `r`n\"<br /><br />$MailSubject = \"$VM export report.\"<br /># Sending mail<br />SendEmail -Subject $MailSubject -Body $MailBody&nbsp; -Priority $MailPriority<br /><br />#net use R: /delete /y</p>\r\n<p>&nbsp;</p>\r\n<p>Just change pathes and email addresses.</p>\r\n<p>For russian-speakers: http://www.unix.ck.ua/content/eksport-virtualnykh-mashin-hyper-skript-v20</p>",
    "PostedDate": "2012-02-11T09:14:17.267-08:00",
    "UserRole": null,
    "MarkedAsAnswerDate": null
  }
]