[
  {
    "Id": "177517",
    "ThreadId": "52766",
    "Html": "Hi,<br>\r\nIn one of my project, i need to setup the environment by using only powershell scripts. Starting from creating Hyper-V roles on 64-bit windows server, then creating VMs, creating VHD and attaching disk to VMs and ISO images to VM. After that installing the IIS and SQL server 2008 on all the VMs silently  by using Powershell.<br>\r\nHow can i create Hyper-V roles in windows server by using powershell scripts? Also how can we install and configure IIS and SQL Server on VM through powershell scripts silently (no interaction with setup exe)?<br>\r\n<br>\r\nThanks in advance for the help......<br>\r\n <br>\r\n",
    "PostedDate": "2009-04-09T02:30:45.267-07:00",
    "UserRole": null,
    "MarkedAsAnswerDate": null
  }
]