[
  {
    "Id": "623198",
    "ThreadId": "260252",
    "Html": "\r\n<p>Doe anyone know if it is possible to do a machine-only export of all VMs on a given host from a single instance of the 'export-vm' command?&nbsp; That would make life a lot easier!</p>\r\n",
    "PostedDate": "2011-06-05T12:06:38.28-07:00",
    "UserRole": null,
    "MarkedAsAnswerDate": null
  },
  {
    "Id": "633507",
    "ThreadId": "260252",
    "Html": "<p>I'd like that as well. &nbsp;I remember doing a google search and finding someone who did this using some type of loop (for next?). &nbsp;I'm very new to this and it looked too complicated for me. &nbsp;If you find a solution, please post.</p>",
    "PostedDate": "2011-06-27T05:52:46.687-07:00",
    "UserRole": null,
    "MarkedAsAnswerDate": null
  }
]