[
  {
    "Id": "249806",
    "ThreadId": "73118",
    "Html": "<p>I would like to duplicate the following Hyper-V steps using the PowerShell commands:</p>\r\n<p>Settings (for a VM) &gt; Add Hardware &gt; choose &quot;Network Adapter&quot;</p>\r\n<p>&quot;Network Adapter&quot; is part of the default Hyper-V configuration</p>\r\n<p>(select newly added adapter) &gt; Network &gt; (select an existing&nbsp;network)</p>\r\n<p>I have tried a number of commands including Add-VMNIC with various parameters and cannot get it to duplicate the manual steps.</p>\r\n<p>For instance, when I execute:</p>\r\n<p>add-vmnic -vm test -virtualswitch &quot;Network Adapter&quot;</p>\r\n<p>it adds a &quot;VMBus Network Adapter&quot; rather than &quot;Network Adapter&quot; and other values are not auto-generated like they are using the Hyper-V click-and-type method.</p>\r\n<p>Any help is appreciated.</p>\r\n<p>- Chris</p>\r\n<p>&nbsp;</p>",
    "PostedDate": "2009-10-26T09:11:40.257-07:00",
    "UserRole": null,
    "MarkedAsAnswerDate": null
  },
  {
    "Id": "251965",
    "ThreadId": "73118",
    "Html": "<p>VM bus adapter is just an explicit name for what&nbsp;HyperV calls simply a Network adapter.</p>\r\n<p>In the R2 there are constants defined so you can change the names without having to delve into the code of Add-VMNic. If you are using the initial release you can search for &quot;VMBus network Adapter&quot; and change it.</p>",
    "PostedDate": "2009-10-31T09:24:43.163-07:00",
    "UserRole": null,
    "MarkedAsAnswerDate": null
  },
  {
    "Id": "837098",
    "ThreadId": "73118",
    "Html": "<p>How can I change \"vm-bus Network Interface\" by \"Network interface\" when a Nic is created using add-vmnic?</p>\n<p>I'll have to maintain the same criteria that script produces with the options that HYPER-V screen shows when a network is selected using the GUI interface.</p>\n<p>In which files&nbsp;are located these Constants?</p>\n<p>&nbsp;</p>\n<p>I'll appreciate.</p>\n<p>&nbsp;</p>",
    "PostedDate": "2012-05-16T02:30:46.213-07:00",
    "UserRole": null,
    "MarkedAsAnswerDate": null
  }
]