[
  {
    "Id": "506995",
    "ThreadId": "230841",
    "Html": "<p>Hi,</p>\r\n<p>I'm trying to create a combined PS script that will complete the following:</p>\r\n<p>Ping a specific VM to ensure its currently on this host (clustered Hyper-V)</p>\r\n<p>If the VM is on this host, delete snapshots older than 2 weeks (we take weekly snapshots), then Perform a VM-Shutdown, Wait for 1 hour, then start it back up (so the disks can merge)</p>\r\n<p>&nbsp;</p>\r\n<p>The above script is working, except I haven't figured out how to get a list of snapshots, then delete ones older than 2 weeks.</p>\r\n<p>&nbsp;</p>\r\n<p>If you could help that would be great!</p>\r\n<p>If you need any more info let me know.</p>\r\n<p>Cheers</p>\r\n<p>&nbsp;</p>\r\n<p>Script Sample:<br>\r\n<pre>##This Script Imports the Hyper-V Powershell Modules, then initiates a VM Shutdown, waits, then starts the VM back up\r\n\r\n##\r\n##Imports the Hyper-V Modules\r\n##\r\n\r\nImport-Module 'C:\\Program Files\\modules\\Hyperv\\Hyperv.psd1'\r\n\r\n##\r\n## Checks if VM exists on this node, then shuts it down, waits then starts it back up\r\n##\r\n\r\n$Result = ping-vm -vm 'VMNAME'\r\n\r\nif($Result.Status -eq 'Success')\r\n  {\r\n\tInvoke-VMShutdown -VM 'VMNAME' -Server 'HOSTNAME' -Force\r\n\tStart-Sleep(3600)\r\n\tStart-VM -VM 'VMNAME'\r\n  }\r\n\r\n\r\n</pre>\r\n</p>\r\n<p>&nbsp;</p>",
    "PostedDate": "2010-10-13T19:51:19.017-07:00",
    "UserRole": null,
    "MarkedAsAnswerDate": null
  }
]