[
  {
    "Id": "692784",
    "ThreadId": "278061",
    "Html": "\r\n<p>Hi,</p>\r\n<p>When using the command: &quot;Get-vmhost&quot; I get a list of 7 machines with Hyper-V installed.</p>\r\n<p>The problem is that the domain contains 10&#43; hyper-V hosts. They are all Windows server 2008&nbsp;(R2) servers. There is no selective difference between 2008 R2 or just the &quot;old&quot; 2008 in the current output.<br>\r\nHow can i troubleshoot this problem?</p>\r\n<p>Regards,<br>\r\nJort</p>\r\n",
    "PostedDate": "2011-11-02T08:26:52.807-07:00",
    "UserRole": null,
    "MarkedAsAnswerDate": null
  },
  {
    "Id": "1044162",
    "ThreadId": "278061",
    "Html": "I seem to be having the same issue as well. I have double checked that the install of the hyper-v module, .NET has been installed, and powershell 2.0 is successfully installed.\r<br />\nThe post above is from a few year ago but if there is any information on where the cmdlet gets this list or any guild as to why some hyper-v hosts show and some don't then it would be greatly appreciated.\r<br />\nthank you\r<br />\nMichael<br />\n",
    "PostedDate": "2013-05-15T16:48:29.83-07:00",
    "UserRole": null,
    "MarkedAsAnswerDate": null
  }
]