[
  {
    "Id": "797989",
    "ThreadId": "343594",
    "Html": "\r\n<p>Hello,</p>\r\n<p>I am new to Power Shell. I am looking for a script/Commands for below tasks.</p>\r\n<ol>\r\n<li>Disconnect All VHDs </li><li>Export VM </li><li>Import VM with New NAME </li><li>Move VHDs to exported VM folder </li><li>Rename the VHDs as per new VM Name </li><li>Re Attach all VHDs to new VM </li></ol>\r\n<p>&nbsp;This will save my life in our day to day activity alot. Any help would be highly appreciated......</p>\r\n<p>&nbsp;As of now we are using below manual process</p>\r\n<ul>\r\n<li><span lang=\"EN-US\" style=\"color:black; font-size:10pt\">1. Create a new folder(named the name you want to rename)</span>\r\n</li><li><span lang=\"EN-US\" style=\"color:black; font-size:10pt\">2. Export the VMs to this folder</span>\r\n</li><li><span lang=\"EN-US\" style=\"color:black; font-size:10pt\">3. Import the VMs in the new created folder.(You can delete the original VMs)</span>\r\n</li></ul>\r\n<p>&nbsp;</p>\r\n<p>&nbsp;</p>\r\n",
    "PostedDate": "2012-02-23T10:36:27.63-08:00",
    "UserRole": null,
    "MarkedAsAnswerDate": null
  }
]