[
  {
    "Id": "461200",
    "ThreadId": "217733",
    "Html": "After I run install.cmd, two errors occured when running these codes in install.cmd:\r\n\r\ndism /online /enable-feature /featurename:NetFx2-ServerCore\r\ndism /online /enable-feature /featurename:MicrosoftWindowsPowerShell\r\n\r\nI've noticed that I have to install .net 2.0 and powershell before intallation, I'm using windows server 2008 R2 so seems no need to install powershell.\r\nBut install.cmd reports me that it can't find both of two features (.net 2.0 and powershell)\r\n\r\nWhat is more strange, I can go on with installation, and I saw hyper-v module installed when I input Get-Module, and I can use cmdlet such as Get-VM.\r\n\r\nDoes those errors matter to my installation?\r\n\r\nThanks!!!\r\n\r\n",
    "PostedDate": "2010-06-29T07:38:18.22-07:00",
    "UserRole": null,
    "MarkedAsAnswerDate": null
  },
  {
    "Id": "478481",
    "ThreadId": "217733",
    "Html": "<p>I have exactly the same error message. Could you solve it? Does it matters?</p>\r\n<p>Thanks for answers</p>",
    "PostedDate": "2010-08-10T02:07:59.61-07:00",
    "UserRole": null,
    "MarkedAsAnswerDate": null
  },
  {
    "Id": "493199",
    "ThreadId": "217733",
    "Html": "<p>These errors occur because you are installing on full version of Windows Server 2008 R2. NetFx2-ServerCore and MicrosoftWindowsPowershell features are Core and Hyper-V Server R2 specific, because these component are all ready included in full installation. I does not matter your installation.</p>\r\n<p>&nbsp;</p>\r\n<p>- jere</p>",
    "PostedDate": "2010-09-14T01:19:32.607-07:00",
    "UserRole": null,
    "MarkedAsAnswerDate": null
  },
  {
    "Id": "500310",
    "ThreadId": "217733",
    "Html": "<p>Thanks very much for your help! :)</p>",
    "PostedDate": "2010-09-29T19:23:17.787-07:00",
    "UserRole": null,
    "MarkedAsAnswerDate": null
  },
  {
    "Id": "511251",
    "ThreadId": "217733",
    "Html": "\r\n<p>However, I have an additional error... the import-module task fails in install.cmd.&nbsp; PS is telling me that no valid module is found?&nbsp; No idea how to solve this one.&nbsp; Installation on full (Windows 2008 R2 Enterprise) by the way, not core.</p>\r\n<p>Update, I found a work around.&nbsp; Even after I set the executionpolicy to unrestricted, import-module kept demanding a signed module load.&nbsp; Setting the registry to unrestricted by default, did not seem to help.&nbsp; However, following the steps\r\n to re-establish a new profile or zero-ed profile, and in that (user) profile setting the executionpolicy value to unrestricted, did in fact fool or force import-module to work as/in unrestricted mode.&nbsp; Import of HyperV module was successful using the\r\n new/clean profile with set-executionpolicy explicitly set to unrestricted.</p>\r\n<p>This thread gave me the idea to try zeroing or re-establishing the user profile...<br>\r\n<a href=\"http://pshyperv.codeplex.com/Thread/View.aspx?ThreadId=62355\">http://pshyperv.codeplex.com/Thread/View.aspx?ThreadId=62355</a></p>\r\n<p>&nbsp;</p>\r\n",
    "PostedDate": "2010-10-22T11:56:27.947-07:00",
    "UserRole": null,
    "MarkedAsAnswerDate": null
  }
]