[
  {
    "Id": "839431",
    "ThreadId": "356705",
    "Html": "\r\n<p>Hi all,</p>\r\n<p>I am newbie to HyperV. I'm working on windows server 8. I tried creating a new vm from the powershell cli. The new vm is being displayed in the gui interface(HyperV manager) but not in the cli. Like when i type in get-vm, the new vm is not being shown. Help\r\n would be appreciated.</p>\r\n<p>Regards,</p>\r\n<p>JJ</p>\r\n",
    "PostedDate": "2012-05-22T08:11:31.46-07:00",
    "UserRole": null,
    "MarkedAsAnswerDate": null
  }
]