[
  {
    "Id": "858321",
    "ThreadId": "362257",
    "Html": "\r\n<p>Hi everyone,</p>\r\n<p>I'm trying to install the Gold Edition on my Windows Server 2008 RC2 SP1. The installation completes but gives out an error when it trys to load at the end of installation. The error is about digital signing stuff</p>\r\n<p>When I try the command:</p>\r\n<p>&quot;Import-module &quot;C:\\Program Files\\modules\\HyperV\\HyperV.psd1&quot;&nbsp; I get the error:</p>\r\n<p><br>\r\nImport-Module : There were errors in loading the format data file:<br>\r\nMicrosoft.PowerShell, C:\\Program Files\\modules\\HyperV\\hyperv.Format.ps1xml : File skipped because it was already present from &quot;Microsoft.PowerShell&quot;.<br>\r\nMicrosoft.PowerShell, C:\\Program Files\\modules\\HyperV\\hyperv.Format.ps1xml : File skipped because it was already present from &quot;Microsoft.PowerShell&quot;.<br>\r\nAt line:1 char:14<br>\r\n&#43; Import-Module &lt;&lt;&lt;&lt;&nbsp; &quot;C:\\Program Files\\modules\\HyperV\\HyperV.psd1&quot;<br>\r\n&nbsp;&nbsp;&nbsp; &#43; CategoryInfo&nbsp;&nbsp;&nbsp;&nbsp;&nbsp;&nbsp;&nbsp;&nbsp;&nbsp; : InvalidOperation: (:) [Import-Module], RuntimeException<br>\r\n&nbsp;&nbsp;&nbsp; &#43; FullyQualifiedErrorId : FormatXmlUpateException,Microsoft.PowerShell.Commands.ImportModuleCommand</p>\r\n<p>Cheers in advance for any help.</p>\r\n",
    "PostedDate": "2012-07-06T05:59:54.403-07:00",
    "UserRole": null,
    "MarkedAsAnswerDate": null
  }
]