[
  {
    "Id": "460914",
    "ThreadId": "217643",
    "Html": "<p>Hello folks, thanks again for this wonderful wrapper.</p>\r\n<p>I am quite a newbie to powershell v2 (running on Windows 2008 SP2)&nbsp;</p>\r\n<p>My execution policy is set to unrestricted, however when i run import-module HyperV in the current host all users profile ps1 file, i get security warnings, prompting me to say &quot;Y&quot; to all members of the module</p>\r\n<p>i tried &quot;| echo &quot;Y&quot; but it does not work.</p>\r\n<p>My final&nbsp;goal is to run seamlessly, silently a powershell script to export VM once a month in a windows scheduled task</p>\r\n<p>Is it possible ? Am i missing something ?</p>\r\n<p>Thanks&nbsp;in advance&nbsp;for your answers !</p>",
    "PostedDate": "2010-06-28T18:34:38.373-07:00",
    "UserRole": null,
    "MarkedAsAnswerDate": null
  },
  {
    "Id": "471807",
    "ThreadId": "217643",
    "Html": "<p>I had the same problem and resolved it by going to the folder that was created by the install.cmd &quot;C:\\Program Files\\modules\\HyperV&quot;, right click each file in turn and select &quot;Unblock&quot;</p>\r\n<p>After this I could import the module with no warnings.</p>",
    "PostedDate": "2010-07-23T12:08:21.76-07:00",
    "UserRole": null,
    "MarkedAsAnswerDate": null
  }
]