[
  {
    "Id": "287472",
    "ThreadId": "83618",
    "Html": "<p>Hi,</p>\r\n<p>&nbsp;</p>\r\n<p>What is the paramters to run the merge script ?</p>\r\n<p>i have tried everything for<em> merging VHD and parent path and it does not work.</em></p>\r\n<p><em><br></em></p>\r\n<p>&nbsp;</p>\r\n<pre># Merge VHDs\r\n\r\nparam(\r\n    [string]$mergePath = $(throw &quot;Must specify full path for merging VHD&quot;),\r\n    [string]$parentPath = $(throw &quot;Must specify full path of parent VHD&quot;)\r\n)\r\n\r\n#obtain the Msvm_ImageManagementService class\r\n$ImageMgtService = get-wmiobject -class &quot;Msvm_ImageManagementService&quot; -namespace &quot;root\\virtualization&quot;\r\n\r\n# Create the fixed VHD\r\n$result = $ImageMgtService.MergeVirtualHardDisk($mergePath,$parentPath)\r\n\r\nif($result.ReturnValue -eq 4096){\r\n    # A Job was started, and can be tracked using its Msvm_Job instance\r\n    $job = [wmi]$result.Job\r\n    # Wait for job to finish\r\n    while($job.jobstate -lt 7){$job.get()}\r\n    # Return the Job's error code\r\n    return $job.ErrorCode\r\n}\r\n# Otherwise, the method completed\r\nreturn $result.ReturnValue</pre>\r\n<p><em></em></p>",
    "PostedDate": "2010-02-09T01:39:48.153-08:00",
    "UserRole": null,
    "MarkedAsAnswerDate": null
  },
  {
    "Id": "288102",
    "ThreadId": "83618",
    "Html": "<p>Sorry, I'm having to make some guesses here as I don't know what error you're getting, or if you have tried to adapt the code that is posted here, or what operation you are trying to perform</p>\r\n<p>However.... when I see</p>\r\n<p># Create the fixed VHD</p>\r\n<p>It makes me think you are trying to take a differencing VHD and convert it into fixed VHD. This is a convert operation, and you tell convert the source (it determines the parent of the differencing VHD) the destination (a new file) and if you&nbsp;want the result to be a dynamic or fixed&nbsp;VHD file.&nbsp;&nbsp;</p>\r\n<p>Merge is the operation of taking a snapshots AVHD file and merging into its parent VHD or AVHD.</p>\r\n<p>&nbsp;</p>",
    "PostedDate": "2010-02-10T01:28:27.28-08:00",
    "UserRole": null,
    "MarkedAsAnswerDate": null
  },
  {
    "Id": "288111",
    "ThreadId": "83618",
    "Html": "<p>Hi,</p>\r\n<p>&nbsp;</p>\r\n<p>Thanks for the reply.</p>\r\n<p>The above script was download from http://pshyperv.codeplex.com/ called Merge-VHD</p>\r\n<p>I get the error code 32774 or 32773 which means invalid peramaters.</p>\r\n<p>&nbsp;</p>",
    "PostedDate": "2010-02-10T01:41:48.857-08:00",
    "UserRole": null,
    "MarkedAsAnswerDate": null
  },
  {
    "Id": "289612",
    "ThreadId": "83618",
    "Html": "<p>Hmmm. I can't find a version which looks like that, so if it did come from here it's pretty old.</p>\r\n<p>Anyhow,&nbsp; are you trying to merge differing disks to a new disk (in which case use convert) or combine the changes since a snapshot into the disk as it was before the snapshot was taken (which IS merge). ?</p>\r\n<p>Could you please try the current download and see of that works as you need ?</p>\r\n<p>&nbsp;</p>\r\n<p>&nbsp;</p>",
    "PostedDate": "2010-02-11T07:59:02.98-08:00",
    "UserRole": null,
    "MarkedAsAnswerDate": null
  },
  {
    "Id": "289797",
    "ThreadId": "83618",
    "Html": "<p>Hi,</p>\r\n<p>Ok let me explain.</p>\r\n<p>I am taking snapshot each night using a script i found:</p>\r\n<p>\r\n<pre>##\r\n##    Take a snapshot of all the vm's\r\n##\r\n\r\n$VM_Service = get-wmiobject -namespace root\\virtualization Msvm_VirtualSystemManagementService\r\n$ListofVMs = get-wmiobject -namespace root\\virtualization Msvm_ComputerSystem -filter  &quot;ElementName &lt;&gt; Name &quot;   \r\n\r\n\r\nforeach ($VM in [array] $ListOfVMs)\r\n{\r\n    $VM_service.CreateVirtualSystemSnapShot($VM.__PATH)\r\n}\r\n\r\n\r\n\r\n##\r\n##    Giving Hyper-V 30 sec to take the snapshots\r\n##\r\n\r\nStart-Sleep(30)\r\n\r\n\r\n\r\n##\r\n##    Remove snapshots older than 6 days (except Sundays)\r\n##\r\n\r\n$VSVR = get-wmiobject -namespace root\\virtualization -class Msvm_ComputerSystem\r\n$VSSNAP = get-wmiobject -namespace root\\virtualization -class Msvm_VirtualSystemSettingData -filter &quot;SettingType = 5&quot;\r\n\r\nif (!($VSSNAP -eq $null))\r\n{\r\n    foreach ($SS in [array] $VSSNAP)\r\n    {\r\n        if ($SS.ConvertToDateTime($SS.CreationTime) -le [DateTime]::Now.AddDays(-6).Date)\r\n        {\r\n            if (!($SS.ConvertToDateTime($SS.CreationTime).DayOfWeek -eq 0))\r\n            {\r\n                $VM_Service.RemoveVirtualSystemSnapshot($SS)\r\n                Start-Sleep(3)\r\n            }\r\n        }\r\n    }\r\n}<br><br><br>This works great however i am going to end up with a lot of avhd files. If i shutdown the vm, it will merge all the old deleted snapshots.<br>I want a script to do this during the night automatically in the background without shutting down the vm :)<br><br>Can this be done ?<br></pre>\r\n</p>",
    "PostedDate": "2010-02-11T11:22:24.493-08:00",
    "UserRole": null,
    "MarkedAsAnswerDate": null
  },
  {
    "Id": "289802",
    "ThreadId": "83618",
    "Html": "<p>I'm going to need to double check my facts, but I'm pretty sure you can't merge while the VM is running.&nbsp; Because a merge happens when the VM is shutdown there are very few occasions you'd need to run one manually (like working with a copy of the vhd and avhd files that have been exported).</p>\r\n<p>&nbsp;</p>",
    "PostedDate": "2010-02-11T11:37:49.673-08:00",
    "UserRole": null,
    "MarkedAsAnswerDate": null
  },
  {
    "Id": "573278",
    "ThreadId": "83618",
    "Html": "<p>&nbsp;</p>\r\n<p>This is a piece of code that I wrote that I believe does what your looking for, it does the following:</p>\r\n<p>1. Shuts down each VM<br />2. Takes a snapshot of the VM and waits 30 seconds<br />3. Starts the VM<br />4. Copies the Snapshot off to our DR Hyper-V server<br />5. Shuts down the VM and tells it to remove the snapshots (merge them)<br />6. Allows the snapshot to merge wiats 90 seconds<br />7. Starts the VM<br />8. Writes each step to Copy.txt&nbsp;<br />9. moves on to the next VM</p>\r\n<p>10. After all VM have been copied, mails the copy.txt to our support group.&nbsp;</p>\r\n<p>VM's are located in D:\\VM-Config<br />VM Drives are located in D:\\VM-Drive&nbsp;<br />Scripts are located in D:\\VM-Backup-Script&nbsp;</p>\r\n<p>I run this as a scheduled task using a cmd file.&nbsp;<br />The file must be run as a user that has Admin rights on both Hyper-V servers.</p>\r\n<p><strong>CMD Code:</strong></p>\r\n<p>PowerShell \"D:\\VM-Backup-Script\\new-backup-multi.PS1\" /wait</p>\r\n<p><strong>Power Shell Code: (new-backup-multi.PS1)</strong></p>\r\n<p>Set-ExecutionPolicy unrestricted -force<br />import-module \"C:\\Program Files\\HyperV_Powershell\\hyperv.psd1\"<br />Remove-Item D:\\VM-Backup-Script\\copy.txt<br />$arrComps = \"Server1\", \"Server2\", \"Server3\"<br />Start-Transcript D:\\VM-Backup-Script\\copy.txt<br />foreach ($arrComps in $arrComps)<br />{<br />invoke-vmshutdown $arrComps -force<br />new-vmsnapshot $arrComps -force -waitstart-sleep -s 30<br />Start-VM $arrComps -HeartBeatTimeOut 300</p>\r\n<p>$date = Get-Date -format yyyy-MM-dd<br />New-Item \\\\phys-hvb\\d$\\VM-Drives\\$date -type directory -force<br />Copy-Item D:\\VM-Drives\\$arrComps\\*.vhd \\\\Remote-Server\\d$\\VM-Drives\\$date\\<br />select-vmsnapshot $arrComps | remove-vmsnapshot -wait -tree -force<br />invoke-vmshutdown $arrComps -force<br />start-sleep -s 90<br />Start-VM $arrComps -HeartBeatTimeOut 300<br />}<br />Stop-Transcript<br /><br />$fileData = (Get-Content \"D:\\VM-Backup-Script\\copy.txt\" | out-string)<br />$file = \"D:\\VM-Backup-Script\\copy.txt\"<br />$smtpServer = \"your SMTP relay Server\"<br />$msg = new-object Net.Mail.MailMessage<br />$att = new-object Net.Mail.Attachment($file)<br />$smtp = new-object Net.Mail.SmtpClient($smtpServer)<br />$msg.From = \"Your-Server@mail.com\"<br />$msg.To.Add(\"Recipient@mail.com\")<br />$msg.Subject = \"Hyper-V Backup Results\"<br />$msg.Body = $fileData<br />$msg.Attachments.Add($att)<br />$smtp.Send($msg)<br />$att.Dispose()</p>",
    "PostedDate": "2011-02-28T07:13:18.737-08:00",
    "UserRole": null,
    "MarkedAsAnswerDate": null
  }
]