[
  {
    "Id": "941562",
    "ThreadId": "403167",
    "Html": "\r\n<p>I noticed that the cmdlets included in Windows 8 and Server 2012 show the amount of currently assigned Dynamic Memory (eg http://blogs.technet.com/b/uktechnet/archive/2012/08/24/guest-post-managing-hyper-v-with-powershell-version-3.aspx). This module doesn't.\r\n I can see that apparently it's because the underlying WMI class Msvm_MemorySettingData doesn't expose such a property.</p>\r\n<p>Any plans to get round that (is it stored elsewhere perhaps?), or does anyone know how I might grab the Win8 modules into my Win7 system somehow?</p>\r\n<p>Thanks</p>\r\n<p>A</p>\r\n",
    "PostedDate": "2012-11-14T05:41:36.463-08:00",
    "UserRole": null,
    "MarkedAsAnswerDate": null
  },
  {
    "Id": "941606",
    "ThreadId": "403167",
    "Html": "\r\n<p>Ah... just found it in</p>\r\n<p>&nbsp;</p>\r\n<div style=\"color:black; background-color:white\">\r\n<pre>Get<span style=\"color:gray\">-</span>VM <span style=\"color:gray\">-</span>server SERVER | Get<span style=\"color:gray\">-</span>VMSummary | Select VMElementName, MemoryUsage\n</pre>\r\n</div>\r\n<p>I was looking in Get-VMMemory...</p>\r\n",
    "PostedDate": "2012-11-14T06:56:56.143-08:00",
    "UserRole": null,
    "MarkedAsAnswerDate": null
  }
]