[
  {
    "Id": "1246300",
    "ThreadId": "545622",
    "Html": "I'm trying to utilize this Hyper-V module on our 2008R2 machine.  It appears I have it imported and running, the only problem is I'm trying to use the command &quot;Checkpoint-VM&quot; in a script I'm trying to use to get daily snapshots of VMs created.  The script is outputting this error:<br />\n<pre><code>checkpoint-vm : The term 'checkpoint-vm' is not recognized as the name of a cmdlet, function, script file, or operable\nprogram. Check the spelling of the name, or if a path was included, verify that the path is correct and try again.\nAt C:\\Scripts\\VMCheckpointdailyjob.ps1:1 char:18\n+ Get-VM  SVRVM* | checkpoint-vm -SnapshotName &quot;Daily Snapshot $((Get-Date).toshor ...\n+                  ~~~~~~~~~~~~~\n    + CategoryInfo          : ObjectNotFound: (checkpoint-vm:String) [], CommandNotFoundException\n    + FullyQualifiedErrorId : CommandNotFoundException\n</code></pre>\n\nIt this just something missing in this module, or is it something I'm doing wrong?  Thanks!<br />\n",
    "PostedDate": "2014-05-16T12:15:03.147-07:00",
    "UserRole": null,
    "MarkedAsAnswerDate": null
  }
]