[
  {
    "Id": "564665",
    "ThreadId": "245639",
    "Html": "\r\n<p>I guess being a newbie to Powershell shows, because I can't find the hyperv.ps1 file in the Zip archive.&nbsp; There IS a hyperv.psd1 file, but it won't load the commands.&nbsp; How do I get the commands to load into Powershell?</p>\r\n",
    "PostedDate": "2011-02-11T07:38:42.573-08:00",
    "UserRole": null,
    "MarkedAsAnswerDate": null
  },
  {
    "Id": "566011",
    "ThreadId": "245639",
    "Html": "<p>Set PowerShell's execution policy , ideally to remote-signed&nbsp; using the command&nbsp; <strong>Set-executionPolicy&nbsp; RemoteSigned </strong></p>\r\n<p>Unblock the zip file from file, properties in Explorer. .</p>\r\n<p>Unzip&nbsp;the to . c:\\users\\yourID\\documents\\windowsPowershell\\modules\\HyperV</p>\r\n<p>(if you want to put it in another folder change the system environment variable PSModulePath)</p>\r\n<p>Issue the command&nbsp;</p>\r\n<p><strong>Import-Module HyperV </strong></p>\r\n<p>When you want to use it.</p>",
    "PostedDate": "2011-02-14T11:04:08.413-08:00",
    "UserRole": null,
    "MarkedAsAnswerDate": null
  }
]