[
  {
    "Id": "1251787",
    "ThreadId": "547227",
    "Html": "Hi,\r<br />\n<br />\nI just installed powershell module in Hyper-V 2008R2, it went through all the process successfully until it went pass the registry importing succesfully, but after that I get an error message. Please see below:<br />\n<pre><code>Import-Module : There were errors in loading the format data file:\nMicrosoft.PowerShell, , C:\\Program Files\\modules\\Hyperv\\hyperv.Format.ps1xml : File skipped bec\nause of the following validation exception: File C:\\Program Files\\modules\\Hyperv\\hyperv.Format.\nps1xml cannot be loaded. The file C:\\Program Files\\modules\\Hyperv\\hyperv.Format.ps1xml is not d\nigitally signed. The script will not execute on the system. Please see &quot;get-help about_signing&quot;\n for more details...\nAt line:1 char:14\n+ Import-Module &lt;&lt;&lt;&lt;  'C:\\Program Files\\modules\\Hyperv'\n    + CategoryInfo          : InvalidOperation: (:) [Import-Module], RuntimeException\n    + FullyQualifiedErrorId : FormatXmlUpateException,Microsoft.PowerShell.Commands.ImportModu\n   leCommand</code></pre>\n\nWhat seems to be the problem and how to resolve this?\r<br />\n<br />\nThanks!<br />\n",
    "PostedDate": "2014-06-01T19:38:29.603-07:00",
    "UserRole": null,
    "MarkedAsAnswerDate": null
  }
]