[
  {
    "Id": "196003",
    "ThreadId": "57977",
    "Html": "<p>Hey,</p>\r\n<p>I am experiencing strange behavior with new-vminternalswitch and New-vmexternalswitch&nbsp;command, when trying to create a Virtual Internal/External switch on remote server.</p>\r\n<p><em><span style=\"color:#ff0000\">PS C:\\Temp&gt; new-vmInternalswitch &quot;Internal Net2&quot; -server &quot;servername&quot;<br>Created Virtual Switch Internal Net2<br>Get-WmiObject : Not supported<br>At C:\\Temp\\hyperv.ps1:1618 char:44<br>+&nbsp;&nbsp;&nbsp;&nbsp;&nbsp;&nbsp;&nbsp;&nbsp;&nbsp;&nbsp;&nbsp;&nbsp;&nbsp;&nbsp;&nbsp;&nbsp;&nbsp;&nbsp;&nbsp; $endPoint=(Get-WmiObject&nbsp; &lt;&lt;&lt;&lt;&nbsp; -NameSpace &quot;root\\virtualization&quot; -Query &quot;ASSOCIATORS OF {$IntEthPo<br>rt} where resultClass = Msvm_SwitchLANEndpoint&quot;)<br>Exception calling &quot;InvokeMethod&quot; with &quot;2&quot; argument(s): &quot;Invalid parameter &quot;<br>At C:\\Temp\\hyperv.ps1:1620 char:46<br>+&nbsp;&nbsp;&nbsp;&nbsp;&nbsp;&nbsp;&nbsp;&nbsp;&nbsp;&nbsp;&nbsp;&nbsp;&nbsp; $result=$SwitchMgtSvc.psbase.invokeMethod( &lt;&lt;&lt;&lt; &quot;ConnectSwitchPort&quot;,$arguments)<br>Bound Internal Ethernet Port to Switch</span></em></p>\r\n<p>I get this error message, but a switch is created and assigned to Private network.</p>\r\n<p>When I create a External switch I don't receive any errors, but, again a switch is created and assigned to private network on the remote server. Is this a known issue? if not, how do I fix it?</p>\r\n<p><span style=\"color:#ff0000\">PS C:\\Temp&gt; New-VMExternalSwitch -virtualSwitchName &quot;External Net&quot; -ext &quot;Broadcom BCM5708C NetXtreme II GigE (NDIS VBD C<br>lient) #2&quot; -Server &quot;mcm-shp-04&quot;<br>Created Virtual Switch External Net<br>Configuring NIC:</span></p>\r\n<p>&nbsp;</p>",
    "PostedDate": "2009-05-30T11:47:55.193-07:00",
    "UserRole": null,
    "MarkedAsAnswerDate": null
  }
]