[
  {
    "Id": "417163",
    "ThreadId": "204691",
    "Html": "<p><span style=\"color:black\">The Hyper-V module that you have created is excellent!&nbsp; </span></p>\r\n<p><span style=\"color:black\">I am working on a project for deploying a few hundred servers, where all Hyper-V virtual servers, required applications, and configurations are automatically preset with scripts.&nbsp; So far I have almost everything automated, except the &ldquo;Enable virtual LAN identification&rdquo; and setting a VLAN ID number for each virtual machine individual network adapter.&nbsp; </span></p>\r\n<p><span style=\"color:black\">Any help on this topic would be greatly appreciated.</span></p>\r\n<p><span style=\"color:black\">&nbsp;</span></p>\r\n<p><span style=\"color:black\">Here are some of the scripts that I am using, that some of you might find beneficial.</span></p>\r\n<p><span style=\"color:black\">&nbsp;</span></p>\r\n<p><span style=\"color:black\"><strong>[Install Hyper-V modules (VBS Script</strong></span><span style=\"color:black\"><strong>)]</strong>&nbsp;</span></p>\r\n<p><em>ON ERROR RESUME NEXT<br>Set objShell = WScript.CreateObject(&quot;WScript.Shell&quot;)&nbsp;&nbsp;&nbsp;&nbsp;&nbsp;&nbsp;'To run the shell</em></p>\r\n<p><em>FolderName = chr(34) &amp; &quot;c:\\Program Files\\modules\\HyperV&quot; &amp; chr(34)<br>objShell.Run &quot;%COMSPEC% /c md &quot;&amp;FolderName&amp;&quot;&quot;, 2, true&nbsp;&nbsp;&nbsp;&nbsp;&nbsp;&nbsp;'Create modules\\HyperV folders<br>objShell.Run &quot;%COMSPEC% /c copy d:\\scripts\\HyperV\\HyperV_Install\\*.* &quot;&amp;FolderName&amp;&quot;&quot;, 2, true&nbsp;'Copy Hyper-V modules<br>objShell.Run &quot;%COMSPEC% /c regedit.exe /s d:\\scripts\\HyperV\\PS_Console.REG&quot;, 2, true&nbsp;&nbsp;'Update registry</em></p>\r\n<p><span style=\"color:black\">&nbsp;</span></p>\r\n<p><span style=\"color:black\"><strong>[CMD script that calls the&nbsp;Configure_VHD.ps1]</strong></span></p>\r\n<p><span style=\"color:black\"><em>start %windir%\\System32\\WindowsPowerShell\\v1.0\\powershell.exe -noExit -Command &quot;Set-ExecutionPolicy bypass -force ; Import-Module 'c:\\program files\\modules\\Hyperv\\Hyperv.psd1' -force ; D:\\scripts\\Configure_VHD.ps1&quot;</em></span></p>\r\n<p><span style=\"color:black\"><em>&nbsp;</em></span></p>\r\n<p><span style=\"color:black\">&nbsp;<span style=\"color:black\"><strong>[Configure_VHD.ps1 script]</strong></span></span></p>\r\n<p><span style=\"color:black\"><span style=\"color:black\"><span style=\"color:black;font-size:8pt\"><strong><span style=\"text-decoration:underline\">#===============SERVER -1-=============== START</span></strong></span></span></span></p>\r\n<p>&nbsp;</p>\r\n<p><span style=\"color:black;font-size:8pt\"><span style=\"color:black\"><strong>&nbsp;</strong></span></span></p>\r\n<p><span style=\"color:black;font-size:8pt\">$vmVirtualSwitch1 = &quot;Network for VLAN 1&quot;</span></p>\r\n<p>&nbsp;</p>\r\n<p><span style=\"color:black;font-size:8pt\"><strong># Create virtual switch VLAN 1</strong></span></p>\r\n<p><span style=\"color:black;font-size:8pt\">New-VMExternalSwitch -VirtualSwitchName $vmVirtualSwitch1 -ext &quot;VLAN 1:NIC TEAM&quot; -force</span></p>\r\n<p><span style=\"color:black;font-size:8pt\"><span style=\"color:black;font-size:8pt\"><strong># Declare variables</strong></span></span></p>\r\n<p><span style=\"color:black;font-size:8pt\">&nbsp;</span></p>\r\n<p><span style=\"color:black;font-size:8pt\">$vmName = &quot;BLAH1&quot;</span></p>\r\n<p><span style=\"color:black;font-size:8pt\">$vhdPath_C = &quot;D:\\BLAH_C.vhd&quot;</span></p>\r\n<p><span style=\"color:black;font-size:8pt\">$vhdPath_D = &quot;D:\\BLAH_D.vhd&quot;</span></p>\r\n<p><span style=\"color:black;font-size:8pt\">&nbsp;</span></p>\r\n<p><span style=\"color:black;font-size:8pt\"><strong># Create a new virtual machine</strong></span></p>\r\n<p><span style=\"color:black;font-size:8pt\">New-VM $vmName</span></p>\r\n<p><span style=\"color:black;font-size:8pt\">&nbsp;</span></p>\r\n<p><span style=\"color:black;font-size:8pt\"><strong># Set memory size</strong></span></p>\r\n<p><span style=\"color:black;font-size:8pt\">Set-VMMemory -vm $vmName -memory 8GB</span></p>\r\n<p><span style=\"color:black;font-size:8pt\">&nbsp;</span></p>\r\n<p><span style=\"color:black;font-size:8pt\"><strong># Add a default VMBus (non-legacy) network adapter</strong></span></p>\r\n<p><span style=\"color:black;font-size:8pt\">Add-VMNIC -vm $vmName -VirtualSwitch $vmVirtualSwitch1</span></p>\r\n<p><span style=\"color:black;font-size:8pt\">&nbsp;</span></p>\r\n<p><span style=\"color:black;font-size:8pt\"><strong># Add hard drives</strong></span></p>\r\n<p><span style=\"color:black;font-size:8pt\">Add-VMDisk -vm $vmName -controllerID 0 0 -vhdPath $vhdPath_C</span></p>\r\n<p><span style=\"color:black;font-size:8pt\">Add-VMDisk -vm $vmName -controllerID 0 1 -vhdPath $vhdPath_D</span></p>\r\n<p><strong><span style=\"color:black;font-size:8pt\">&nbsp;</span><span style=\"color:black;font-size:8pt\">#Start VM</span></strong></p>\r\n<p><span style=\"color:black;font-size:8pt\">start-vm $vmName</span></p>\r\n<p><span style=\"color:black;font-size:8pt\"><span style=\"color:black;font-size:8pt\"><strong><span style=\"text-decoration:underline\">#===============SERVER -1-=============== END</span></strong></span></span></p>",
    "PostedDate": "2010-03-11T13:36:25.517-08:00",
    "UserRole": null,
    "MarkedAsAnswerDate": null
  },
  {
    "Id": "419240",
    "ThreadId": "204691",
    "Html": "<p>&nbsp;</p>\r\n<p>&nbsp;&nbsp;&nbsp;&nbsp;&nbsp;&nbsp; I figured it out.&nbsp; Here is&nbsp;the command that did the trick.</p>\r\n<p>&nbsp;</p>\r\n<p>&nbsp;&nbsp;<strong>&nbsp;&nbsp;&nbsp; get-VMnic -VM &quot;Server Name&quot; | Set-VMNICVLAN -VLANID &quot;1&quot;</strong>&nbsp;&nbsp;&nbsp;&nbsp;&nbsp;&nbsp;&nbsp;&nbsp;&nbsp;&nbsp;&nbsp;&nbsp;&nbsp; (example for VLAN 1)</p>",
    "PostedDate": "2010-03-17T07:52:30.427-07:00",
    "UserRole": null,
    "MarkedAsAnswerDate": null
  },
  {
    "Id": "802023",
    "ThreadId": "204691",
    "Html": "<p>I am having difficulties getting this to work with a VM that has more than one vnic.</p>\r\n<p>$var = get-vmnic \"server\"</p>\r\n<p>$var[0] | set-vmnicvlan -vlanid \"12\"</p>\r\n<p>Get-WmiObject : Missing an argument for parameter 'Namespace'. Specify a parameter of type 'System.String' and try again.<br />At C:\\Program Files\\modules\\HyperV\\Network.ps1:524 char:72<br />+&nbsp;&nbsp;&nbsp;&nbsp;&nbsp;&nbsp;&nbsp;&nbsp;&nbsp;&nbsp;&nbsp;&nbsp;&nbsp;&nbsp;&nbsp;&nbsp;&nbsp;&nbsp;&nbsp;&nbsp;&nbsp;&nbsp;&nbsp;&nbsp;&nbsp;&nbsp;&nbsp;&nbsp;&nbsp;&nbsp;&nbsp; foreach-object {Get-WmiObject -Namespace &lt;&lt;&lt;&lt;&nbsp; -ComputerName $Nic.__Server $HyperVName<br />space -q \"associators of {$_} where assocClass=MSVM_NetWorkElementSettingData\"}<br />&nbsp;&nbsp;&nbsp; + CategoryInfo&nbsp;&nbsp;&nbsp;&nbsp;&nbsp;&nbsp;&nbsp;&nbsp;&nbsp; : InvalidArgument: (:) [Get-WmiObject], ParameterBindingException<br />&nbsp;&nbsp;&nbsp; + FullyQualifiedErrorId : MissingArgument,Microsoft.PowerShell.Commands.GetWmiObjectCommand</p>\r\n<p>Property 'accessVlan' cannot be found on this object; make sure it exists and is settable.<br />At C:\\Program Files\\modules\\HyperV\\Network.ps1:525 char:29<br />+&nbsp;&nbsp;&nbsp;&nbsp;&nbsp;&nbsp;&nbsp;&nbsp;&nbsp;&nbsp;&nbsp;&nbsp;&nbsp;&nbsp;&nbsp; $vlanSetting. &lt;&lt;&lt;&lt; accessVlan = $vlanID ; [wmi]$vlanSetting.put().path<br />&nbsp;&nbsp;&nbsp; + CategoryInfo&nbsp;&nbsp;&nbsp;&nbsp;&nbsp;&nbsp;&nbsp;&nbsp;&nbsp; : InvalidOperation: (accessVlan:String) [], RuntimeException<br />&nbsp;&nbsp;&nbsp; + FullyQualifiedErrorId : PropertyNotFound</p>\r\n<p>You cannot call a method on a null-valued expression.<br />At C:\\Program Files\\modules\\HyperV\\Network.ps1:525 char:73<br />+&nbsp;&nbsp;&nbsp;&nbsp;&nbsp;&nbsp;&nbsp;&nbsp;&nbsp;&nbsp;&nbsp;&nbsp;&nbsp;&nbsp;&nbsp; $vlanSetting.accessVlan = $vlanID ; [wmi]$vlanSetting.put &lt;&lt;&lt;&lt; ().path<br />&nbsp;&nbsp;&nbsp; + CategoryInfo&nbsp;&nbsp;&nbsp;&nbsp;&nbsp;&nbsp;&nbsp;&nbsp;&nbsp; : InvalidOperation: (put:String) [], RuntimeException<br />&nbsp;&nbsp;&nbsp; + FullyQualifiedErrorId : InvokeMethodOnNull</p>",
    "PostedDate": "2012-02-27T07:06:25.47-08:00",
    "UserRole": null,
    "MarkedAsAnswerDate": null
  },
  {
    "Id": "802328",
    "ThreadId": "204691",
    "Html": "<p>Try calling it with the VM name and VM Host servernam:</p>\r\n<p>&nbsp;</p>\r\n<p>$vmnics = Get-VMNIC -VM <em>yourvirtualservername</em> -Server <em>YourVMHostserver</em></p>",
    "PostedDate": "2012-02-27T17:23:17.43-08:00",
    "UserRole": null,
    "MarkedAsAnswerDate": null
  },
  {
    "Id": "802334",
    "ThreadId": "204691",
    "Html": "<p>Fuck if I can figure out how to make this work for my server though. I have two adapters, one VMbus and one Legacy.&nbsp; I can't figure out how to get this tool to update it. I have tried everything.&nbsp; What am I doing wrong:</p>\n<p>&nbsp;</p>\n<p>&nbsp;&nbsp;&nbsp; &nbsp; $vmnics = Get-VMNIC -VM $global:VMName -Server $global:VMHost -legacy -VMbus<br /> <br /> &nbsp;&nbsp;&nbsp; &nbsp; foreach ( $vmnic in $vmnics )<br /> &nbsp;&nbsp;&nbsp; &nbsp; {<br /> &nbsp;&nbsp;&nbsp; &nbsp;&nbsp;&nbsp; &nbsp;&nbsp;&nbsp; get-VMnic -VM $global:VMName -Server $global:VMHost | Set-VMNICVLAN -VLANID \"1\"<br /> &nbsp;&nbsp;&nbsp; &nbsp; }</p>\n<p>&nbsp;</p>\n<p>This piece of shit says it needs a [&lt;System.Management.ManagementObject&gt;]???&nbsp; What the hell is that?&nbsp;</p>",
    "PostedDate": "2012-02-27T17:42:36.443-08:00",
    "UserRole": null,
    "MarkedAsAnswerDate": null
  },
  {
    "Id": "802703",
    "ThreadId": "204691",
    "Html": "<p>Hello? Does anyone actually support this tool?&nbsp;</p>",
    "PostedDate": "2012-02-28T09:44:11.87-08:00",
    "UserRole": null,
    "MarkedAsAnswerDate": null
  },
  {
    "Id": "802852",
    "ThreadId": "204691",
    "Html": "<p>Well, here ya go.&nbsp; Apparently the developers don't actually test their own code. In PSHyperV release R2 SP1, the problem is with the file Network.ps1.&nbsp; If you open it up and edit line 524 from:</p>\n<p>foreach-object {Get-WmiObject <strong>-Namespace -ComputerName $Nic.__Server <span style=\"text-decoration: underline;\"> $HyperVNamespace</span></strong> -q \"associators of {$_} where assocClass=MSVM_NetWorkElementSettingData\"}</p>\n<p>to</p>\n<p>foreach-object {Get-WmiObject <strong>-Namespace <span style=\"text-decoration: underline;\"> $hyperVNamespace</span> -ComputerName $Nic.__Server</strong> -q \"associators of {$_} where assocClass=MSVM_NetWorkElementSettingData\"}</p>\n<p>&nbsp;</p>\n<p>viola, it works.</p>",
    "PostedDate": "2012-02-28T13:49:21.663-08:00",
    "UserRole": null,
    "MarkedAsAnswerDate": null
  },
  {
    "Id": "803213",
    "ThreadId": "204691",
    "Html": "<p>Thank you very much.&nbsp; I know that the developer worked on this a couple years ago - I don't know if he is still active on this string anymore.&nbsp; But, I know that if he is aware of this, he is the sort of guy that would definitely want to fix it.&nbsp; My guess is he simply didn't test it for the particular situation where a VM has multiple NICs on different VLANs.&nbsp; I did send him a note telling him there were some problems with this cmdlet.</p>\r\n<p>Again, thanks for figuring this one out.</p>",
    "PostedDate": "2012-02-29T08:29:18.767-08:00",
    "UserRole": null,
    "MarkedAsAnswerDate": null
  },
  {
    "Id": "803384",
    "ThreadId": "204691",
    "Html": "<p>Interesting side effect ...</p>\r\n<p>I created a VM definition, just so I had something to play with.&nbsp; Your fix works fine for External adaptors, but with internal adapters, it assigns the VLAN ID, but it responds with a nice long error.&nbsp; Evidently the&nbsp;properties for an internal adapter&nbsp;are different than for an external.&nbsp; Since what I am trying to set up is for external adapters, things will work fine, but it does make me just a tad hesitant.</p>\r\n<p>Property 'DesiredEndpointMode' cannot be found on this object; make sure it exists and is settable.<br />At C:\\Program Files\\modules\\Hyperv\\Network.ps1:520 char:61<br />+&nbsp;&nbsp;&nbsp;&nbsp;&nbsp;&nbsp;&nbsp;&nbsp;&nbsp;&nbsp;&nbsp;&nbsp;&nbsp;&nbsp;&nbsp; if ($vlan.DesiredEndpointMode -ne 5 ) {$vlan. &lt;&lt;&lt;&lt; DesiredEndpointMode=5&nbsp;&nbsp; ; $vlan.put() | out-null }<br />&nbsp;&nbsp;&nbsp; + CategoryInfo&nbsp;&nbsp;&nbsp;&nbsp;&nbsp;&nbsp;&nbsp;&nbsp;&nbsp; : InvalidOperation: (DesiredEndpointMode:String) [], RuntimeException<br />&nbsp;&nbsp;&nbsp; + FullyQualifiedErrorId : PropertyNotFound</p>\r\n<p>You cannot call a method on a null-valued expression.<br />At C:\\Program Files\\modules\\Hyperv\\Network.ps1:520 char:96<br />+&nbsp;&nbsp;&nbsp;&nbsp;&nbsp;&nbsp;&nbsp;&nbsp;&nbsp;&nbsp;&nbsp;&nbsp;&nbsp;&nbsp;&nbsp; if ($vlan.DesiredEndpointMode -ne 5 ) {$vlan.DesiredEndpointMode=5&nbsp;&nbsp; ; $vlan.put &lt;&lt;&lt;&lt; () | out-null }<br />&nbsp;&nbsp;&nbsp; + CategoryInfo&nbsp;&nbsp;&nbsp;&nbsp;&nbsp;&nbsp;&nbsp;&nbsp;&nbsp; : InvalidOperation: (put:String) [], RuntimeException<br />&nbsp;&nbsp;&nbsp; + FullyQualifiedErrorId : InvokeMethodOnNull</p>\r\n<p>Get-WmiObject : Invalid object path<br />At C:\\Program Files\\modules\\Hyperv\\Network.ps1:521 char:42<br />+&nbsp;&nbsp;&nbsp;&nbsp;&nbsp;&nbsp;&nbsp;&nbsp;&nbsp;&nbsp;&nbsp;&nbsp;&nbsp;&nbsp;&nbsp; $vlanSetting=Get-WmiObject &lt;&lt;&lt;&lt;&nbsp; -ComputerName $Nic.__Server -Namespace $HyperVNamespace -q \"associato<br />rs of {$vlan} where assocClass=MSVM_NetWorkElementSettingData\"<br />&nbsp;&nbsp;&nbsp; + CategoryInfo&nbsp;&nbsp;&nbsp;&nbsp;&nbsp;&nbsp;&nbsp;&nbsp;&nbsp; : InvalidOperation: (:) [Get-WmiObject], ManagementException<br />&nbsp;&nbsp;&nbsp; + FullyQualifiedErrorId : GetWMIManagementException,Microsoft.PowerShell.Commands.GetWmiObjectCommand</p>\r\n<p>Property 'TrunkedVLANList' cannot be found on this object; make sure it exists and is settable.<br />At C:\\Program Files\\modules\\Hyperv\\Network.ps1:522 char:85<br />+&nbsp;&nbsp;&nbsp;&nbsp;&nbsp;&nbsp;&nbsp;&nbsp;&nbsp;&nbsp;&nbsp;&nbsp;&nbsp;&nbsp;&nbsp; if ($vlanSetting.TrunkedVLANList -notContains $VlanID) {$vlanSetting. &lt;&lt;&lt;&lt; TrunkedVLANList += $vlanID<br />; $vlanSetting.put() | out-null}<br />&nbsp;&nbsp;&nbsp; + CategoryInfo&nbsp;&nbsp;&nbsp;&nbsp;&nbsp;&nbsp;&nbsp;&nbsp;&nbsp; : InvalidOperation: (TrunkedVLANList:String) [], RuntimeException<br />&nbsp;&nbsp;&nbsp; + FullyQualifiedErrorId : PropertyNotFound</p>\r\n<p>You cannot call a method on a null-valued expression.<br />At C:\\Program Files\\modules\\Hyperv\\Network.ps1:522 char:130<br />+&nbsp;&nbsp;&nbsp;&nbsp;&nbsp;&nbsp;&nbsp;&nbsp;&nbsp;&nbsp;&nbsp;&nbsp;&nbsp;&nbsp;&nbsp; if ($vlanSetting.TrunkedVLANList -notContains $VlanID) {$vlanSetting.TrunkedVLANList += $vlanID ; $vla<br />nSetting.put &lt;&lt;&lt;&lt; () | out-null}<br />&nbsp;&nbsp;&nbsp; + CategoryInfo&nbsp;&nbsp;&nbsp;&nbsp;&nbsp;&nbsp;&nbsp;&nbsp;&nbsp; : InvalidOperation: (put:String) [], RuntimeException<br />&nbsp;&nbsp;&nbsp; + FullyQualifiedErrorId : InvokeMethodOnNull</p>",
    "PostedDate": "2012-02-29T13:23:41.78-08:00",
    "UserRole": null,
    "MarkedAsAnswerDate": null
  }
]