[
  {
    "Id": "149472",
    "ThreadId": "44865",
    "Html": "<p>PS C:\\Hyper-V PowerShell&gt; Ping-VM MINARDIL</p>\r\n<p>VMName                   : MINARDIL<br>\r\nFullyQualifiedDomainName : minardil<br>\r\nNetworkAddress           :<br>\r\nResponseTime             :<br>\r\nResponseTimeToLive       :<br>\r\nStatusCode               :<br>\r\nStatus                   : Address not resolved<br>\r\n<br>\r\nWhere can I add the FQDN information for the VM to the above?  I am unable to find it in Hyper-V.<br>\r\n<br>\r\nThanks much,<br>\r\nBlake</p>\r\n",
    "PostedDate": "2009-01-21T15:01:11.247-08:00",
    "UserRole": null,
    "MarkedAsAnswerDate": null
  },
  {
    "Id": "150996",
    "ThreadId": "44865",
    "Html": "<p>The way Ping VM works is </p>\r\n<p>1. Use Key Value Pair exchange to get the FQDN of the VM. This will only work if the VM is running, and integration components are installed. This seems to be OK here- </p>\r\n<p>2. Use WMI to ping that name. It's just a normal ping. If the FQDN is only a host name (as seems to be the case here) the best thing you can do is add it to your local hosts file. (My guess is if you try doing Ping MinardiL you'll get an error). </p>\r\n",
    "PostedDate": "2009-01-26T09:21:58.073-08:00",
    "UserRole": null,
    "MarkedAsAnswerDate": null
  },
  {
    "Id": "151007",
    "ThreadId": "44865",
    "Html": "<p>Gotcha - the VM has to be running for the function to get the FQDN - when I run it on a VM that is running I get this</p>\r\n<p>PS C:\\PSHyperv&gt; ping-vm eldacar</p>\r\n<p>VMName                   : ELDACAR<br>\r\nFullyQualifiedDomainName : eldacar.blah.com<br>\r\nNetworkAddress           :<br>\r\nResponseTime             :<br>\r\nResponseTimeToLive       :<br>\r\nStatusCode               : 11010<br>\r\nStatus                   : Request Timed Out<br>\r\n<br>\r\n(local firewall is dropping my ICMP)</p>\r\n<p>PS C:\\PSHyperv&gt; ping-vm tarondor</p>\r\n<p>VMName                   : TARONDOR<br>\r\nFullyQualifiedDomainName : tarondor.blah.com<br>\r\nNetworkAddress           : 172.18.148.74<br>\r\nResponseTime             : 0<br>\r\nResponseTimeToLive       : 127<br>\r\nStatusCode               : 0<br>\r\nStatus                   : Success<br>\r\n<br>\r\n(works!)<br>\r\n<br>\r\nThanks, James</p>\r\n",
    "PostedDate": "2009-01-26T09:41:19.08-08:00",
    "UserRole": null,
    "MarkedAsAnswerDate": null
  }
]