[
  {
    "Id": "815977",
    "ThreadId": "350173",
    "Html": "<p>Uh oh... Looks like if I call set-vm more than once, subsequent calls fail. What's up, anyone?</p>\n<p>&nbsp;</p>\n<div style=\"color: black; background-color: white;\">\n<pre style=\"color: black;\">PS<span style=\"color: gray;\">&gt;</span> import<span style=\"color: gray;\">-</span>module <span style=\"color: #a31515;\">\"C:\\Program Files\\modules\\HyperV\\hyperv.psd1\"</span></pre>\n<pre>PS<span style=\"color: gray;\">&gt;</span> set<span style=\"color: gray;\">-</span>vm <span style=\"color: gray;\">-</span>vm HOST <span style=\"color: gray;\">-</span>server GUEST1 <span style=\"color: gray;\">-</span>autoshutdown 1 <span style=\"color: gray;\">-</span>autostartup 1 <span style=\"color: gray;\">-</span>autorecovery 1\nModified VM Global Settings object <span style=\"color: blue;\">for</span> GUEST1\n<br /></pre>\n<pre>PS<span style=\"color: gray;\">&gt;</span> set<span style=\"color: gray;\">-</span>vm <span style=\"color: gray;\">-</span>vm HOST <span style=\"color: gray;\">-</span>server GUEST2 <span style=\"color: gray;\">-</span>autoshutdown 1 <span style=\"color: gray;\">-</span>autostartup 1 <span style=\"color: gray;\">-</span>autorecovery 1\nGet<span style=\"color: gray;\">-</span>WmiObject : Invalid namespace\nAt C:\\Program Files\\modules\\HyperV\\VM.ps1:73 char:26\n<span style=\"color: gray;\">+</span>             Get<span style=\"color: gray;\">-</span>WmiObject &lt;&lt;&lt;&lt;  <span style=\"color: gray;\">-</span>computername <span style=\"color: orangered;\">$Server</span> <span style=\"color: gray;\">-</span>NameSpace <span style=\"color: orangered;\">$HyperVNamespace</span> <span style=\"color: gray;\">-</span>Query <span style=\"color: orangered;\">$WQL</span> | Add<span style=\"color: gray;\">-</span>Member <span style=\"color: gray;\">-</span>MemberTyp\ne ALIASPROPERTY <span style=\"color: gray;\">-</span>Name <span style=\"color: #a31515;\">\"VMElementName\"</span> <span style=\"color: gray;\">-</span>Value <span style=\"color: #a31515;\">\"ElementName\"</span> <span style=\"color: gray;\">-</span>PassThru\n    <span style=\"color: gray;\">+</span> CategoryInfo          : InvalidOperation: (:) <span style=\"color: gray;\">[</span><span style=\"color: teal;\">Get-WmiObject</span><span style=\"color: gray;\">]</span>, ManagementException\n    <span style=\"color: gray;\">+</span> FullyQualifiedErrorId : GetWMIManagementException,Microsoft.PowerShell.Commands.GetWmiObjectCommand\n</pre>\n</div>\n<p>&nbsp;</p>\n<p>Found this issue - <a href=\"http://pshyperv.codeplex.com/workitem/9137\">http://pshyperv.codeplex.com/workitem/9137</a>&nbsp;-&nbsp;which seems similar... but other commands used multiple times don't cause this. Anyone?</p>\n<p>AW</p>",
    "PostedDate": "2012-03-27T02:32:10.537-07:00",
    "UserRole": null,
    "MarkedAsAnswerDate": null
  },
  {
    "Id": "822906",
    "ThreadId": "350173",
    "Html": "<p>Change</p>\n<div style=\"color: black; background-color: white;\">\n<pre><span style=\"color: orangered;\">$HyperVNamespase</span> <span style=\"color: gray;\">=</span> <span style=\"color: #a31515;\">\"root\\virtualization\"</span></pre>\n</div>\n<p>to</p>\n<div style=\"color: black; background-color: white;\">\n<pre><span style=\"color: orangered;\">$HyperVNamespase</span> <span style=\"color: gray;\">=</span> <span style=\"color: #a31515;\">\"root/virtualization\"</span></pre>\n</div>\n<p>in En-us.ps1.</p>\n<p>This bug only appears in PowerShell ISE.</p>",
    "PostedDate": "2012-04-12T07:19:11.037-07:00",
    "UserRole": null,
    "MarkedAsAnswerDate": null
  }
]