[
  {
    "Id": "437773",
    "ThreadId": "211200",
    "Html": "<p>Hi,</p>\r\n<p>&nbsp;</p>\r\n<p>Trying to solve my other problem with removing the DVD drive, I upgraded to the latest version of the PSHyperV libraries. Since then, creating a drive with a differencing disk doesn't work anymore.</p>\r\n<p>$vm = Get-VM -vm &lt;vmname&gt; -server &lt;server&gt;</p>\r\n<p>Add-VMNewHardDisk &ndash;vm $vm -controllerID 0 -lun 0 -vhdpath &lt;diff.vhd&gt; -parent &lt;parent.vhd&gt;</p>\r\n<p>&nbsp;</p>\r\n<p>result is a drive with &lt;diff.vhd&gt; as primary vhd, and no link to the &lt;parent.vhd&gt; file...</p>\r\n<p>&nbsp;</p>\r\n<p>Thanks again!</p>\r\n<p>&nbsp;</p>",
    "PostedDate": "2010-05-01T00:01:05.49-07:00",
    "UserRole": null,
    "MarkedAsAnswerDate": null
  }
]