[
  {
    "Id": "259596",
    "ThreadId": "75875",
    "Html": "<p>Hi all,</p>\r\n<p>this module is awesome and is exactly what I need to automate some stuff, but...<br><br>I'm unable to find out how to start demand VM snapshot by script, I know there is &quot;Select-VMSnapshot&quot; command but this need input from user, is there any option to give name of appropriate VM snapshot as parameter to some command?<br><br>If yes, please show me example because I'm quite new in powershell so it will be very helpful for me.<br><br>Looking forward for your answer.<br><br>Thanks a lot.</p>",
    "PostedDate": "2009-11-22T11:25:25.883-08:00",
    "UserRole": null,
    "MarkedAsAnswerDate": null
  },
  {
    "Id": "260219",
    "ThreadId": "75875",
    "Html": "<p>get-vmSnapshot&nbsp; takes -vm and -name parameters so if you know the name of the snapshot you can use that, if you don't know the name you can use -newest to roll back to the most recent snapshot.</p>\r\n<p>&nbsp;</p>\r\n<p>you can also do</p>\r\n<p>get-vmsnapshot &quot;my vm name&quot;&nbsp; -newest | restore-vmsnapshot</p>\r\n<p>&nbsp;</p>",
    "PostedDate": "2009-11-24T07:13:10.29-08:00",
    "UserRole": null,
    "MarkedAsAnswerDate": null
  },
  {
    "Id": "260279",
    "ThreadId": "75875",
    "Html": "<p>Yeah that's exactly what I was looking for, unfortunately I didn't saw it at first time that get-vmsnapshot has -name parameter, my fault.</p>\r\n<p>But anyway thanks a lot.</p>",
    "PostedDate": "2009-11-24T09:34:05.013-08:00",
    "UserRole": null,
    "MarkedAsAnswerDate": null
  }
]