[
  {
    "Id": "603490",
    "ThreadId": "255414",
    "Html": "\r\n<p><span id=\"x_result_box\" lang=\"en\"><span title=\"Haz clic para obtener otras posibles traducciones\">Anyone know</span>\r\n<span title=\"Haz clic para obtener otras posibles traducciones\">tell me</span> <span title=\"Haz clic para obtener otras posibles traducciones\">\r\nhow I can</span> <span title=\"Haz clic para obtener otras posibles traducciones\">\r\nstart</span> <span title=\"Haz clic para obtener otras posibles traducciones\">all</span>\r\n<span title=\"Haz clic para obtener otras posibles traducciones\">my</span> <span title=\"Haz clic para obtener otras posibles traducciones\">\r\nvirtual machines</span> <span title=\"Haz clic para obtener otras posibles traducciones\">\r\nat</span> <span title=\"Haz clic para obtener otras posibles traducciones\">once</span>\r\n<span title=\"Haz clic para obtener otras posibles traducciones\">without blocking</span>\r\n<span title=\"Haz clic para obtener otras posibles traducciones\">the</span> <span title=\"Haz clic para obtener otras posibles traducciones\">\r\nserver</span> <span title=\"Haz clic para obtener otras posibles traducciones\">memory</span><span title=\"Haz clic para obtener otras posibles traducciones\">.</span><br>\r\n<span title=\"Haz clic para obtener otras posibles traducciones\">Virtual machines</span>\r\n<span title=\"Haz clic para obtener otras posibles traducciones\">are</span> <span title=\"Haz clic para obtener otras posibles traducciones\">\r\ndynamic RAM</span><span title=\"Haz clic para obtener otras posibles traducciones\">.</span></span></p>\r\n<p>i use 'start-vm' with start-sleep -seconds 20</p>\r\n<p><span lang=\"en\"><span title=\"Haz clic para obtener otras posibles traducciones\">Thank You for your help!!<br>\r\n</span></span></p>\r\n",
    "PostedDate": "2011-04-27T04:09:08.053-07:00",
    "UserRole": null,
    "MarkedAsAnswerDate": null
  }
]