[
  {
    "Id": "826470",
    "ThreadId": "352970",
    "Html": "\r\n<p>I make a couple of VM's in batch with this settings:</p>\r\n<p>New-VM -Name &quot;TEST&quot; -Path &quot;E:\\TEST&quot;</p>\r\n<p>Set-VMMemory &quot;TEST&quot; 512MB</p>\r\n<p>Add-VMDisk &quot;TEST&quot; 0 0 &quot;E:\\TEST\\Test.vhd&quot; --&gt; this one gives error: WARNING: Could not add disk - could not find or create drive for it.</p>\r\n<p>Add-VMNIC &quot;TEST&quot; -Virtualswitch &quot;Extern&quot;</p>\r\n<p>A few months ago, this configuration still worked.</p>\r\n<p>Anyone have an idea?</p>\r\n<p>&nbsp;</p>\r\n<p>&nbsp;</p>\r\n",
    "PostedDate": "2012-04-20T05:33:21.137-07:00",
    "UserRole": null,
    "MarkedAsAnswerDate": null
  },
  {
    "Id": "839425",
    "ThreadId": "352970",
    "Html": "<p>I think this is because you have not created the disk in the first place.</p>\r\n<p>Try doing this :</p>\r\n<p>Add-VMNewHardDisk&nbsp;<span>\"TEST\" 0 0 \"E:\\TEST\\Test.vhd\".</span></p>\r\n<p>Regards,</p>\r\n<p>JJ</p>",
    "PostedDate": "2012-05-22T08:04:56.487-07:00",
    "UserRole": null,
    "MarkedAsAnswerDate": null
  }
]