[
  {
    "Id": "1078706",
    "ThreadId": "452946",
    "Html": "I have some vm's with restricted network access and the only way to backup files from them automatically is to shutdown the vm, mount the vhd locally, copy the files, unmount the vhd, and start the vm. I would love to do this process without downtime by being able to simply remove-vmdisk one of the vm's virtual scsi vhds and add-vmdisk it back after the copy. In 2008 R2, it is possible to add/remove scsi disks from a vm without downtime.\r<br />\n<br />\nAdd-vmdisk is already implemented but I don't see remove-vmdisk. Has anyone implemented this missing function?\r<br />\n<br />\nThanks!<br />\n",
    "PostedDate": "2013-08-09T06:44:43.3-07:00",
    "UserRole": null,
    "MarkedAsAnswerDate": null
  }
]