[
  {
    "Id": "255422",
    "ThreadId": "74632",
    "Html": "<p>Hello,</p>\r\n<p>Can you please add option for export-vm cmdlet, that it exports only VM configs without .vhd ?</p>\r\n<p>It should be very easy, pls see vbs code: <a href=\"http://gallery.technet.microsoft.com/ScriptCenter/en-us/cb80c006-4602-410c-9871-a9883915e4b3\">http://gallery.technet.microsoft.com/ScriptCenter/en-us/cb80c006-4602-410c-9871-a9883915e4b3</a></p>\r\n<p>&nbsp;</p>",
    "PostedDate": "2009-11-10T02:21:34.92-08:00",
    "UserRole": null,
    "MarkedAsAnswerDate": null
  },
  {
    "Id": "256366",
    "ThreadId": "74632",
    "Html": "<p>That's the default already.&nbsp; You need to use -copystate to export the VHD.</p>\r\n<p>&nbsp;</p>\r\n<p>&nbsp;</p>",
    "PostedDate": "2009-11-12T08:02:05.657-08:00",
    "UserRole": null,
    "MarkedAsAnswerDate": null
  }
]