[
  {
    "Id": "362812",
    "ThreadId": "155390",
    "Html": "<p>What I am after is an equivalent to SCVMM's cmdlet &quot;set-vmhostnetworkadapter -VLANEnabled $true -VLANMode &quot;Trunk&quot; -VLANTrunkID $arr -RunAsynchronously&quot;.&nbsp;</p>\r\n<p>Is such a thing possible outside SCVMM?&nbsp; Goal is simple, set the Ext NIC for VLAN while a separate tool will trunk all VLAN IDs.</p>",
    "PostedDate": "2010-02-22T12:45:54.553-08:00",
    "UserRole": null,
    "MarkedAsAnswerDate": null
  }
]