[
  {
    "Id": "622248",
    "ThreadId": "260004",
    "Html": "\r\n<p>I am looking for some advice on running the poweshell module &quot;HyperV&quot;</p>\r\n<p>I ran the install.cmd after setting the zip to Unblock and extracting the files , they have extracted to:</p>\r\n<p>C:\\Program Files\\modules\\HyperV</p>\r\n<p>&nbsp;</p>\r\n<p>WHen I launch powershell if I run the command nothing is listed</p>\r\n<p>get-command -module HyperV</p>\r\n<p>&nbsp;</p>\r\n<p>I have to run the Import-Module&nbsp;&quot;C:\\Program Files\\modules\\HyperV\\HyperV.psd1&quot;</p>\r\n<p>Once I have imported the module it works ok until I close and re-open Powershell.</p>\r\n<p>&nbsp;</p>\r\n<p>What am I missing that makes these settings persistent ?</p>\r\n",
    "PostedDate": "2011-06-02T15:15:26.613-07:00",
    "UserRole": null,
    "MarkedAsAnswerDate": null
  },
  {
    "Id": "627113",
    "ThreadId": "260004",
    "Html": "<p>Same thing for me...</p>\r\n<p>&nbsp;</p>\r\n<p>bump..</p>",
    "PostedDate": "2011-06-13T13:36:26.197-07:00",
    "UserRole": null,
    "MarkedAsAnswerDate": null
  },
  {
    "Id": "627415",
    "ThreadId": "260004",
    "Html": "<p>Hi,</p>\r\n<p>As far as I know, modules unload every time PowerShell session ends, therefore they need to be re-imported again. I believe it's \"by design\" thing.</p>",
    "PostedDate": "2011-06-14T03:18:57.907-07:00",
    "UserRole": null,
    "MarkedAsAnswerDate": null
  },
  {
    "Id": "627419",
    "ThreadId": "260004",
    "Html": "<p>Thank you.</p>\r\n<p>I read something about import modules into your profile, so when powershell is started, your modules are loaded.&nbsp; I will look into that.&nbsp; I use the powershells for hyper-v as I can't reliably connect to the Hyper-V Manager due to RPC error, when connecting though our VPN.</p>\r\n<p>&nbsp;</p>\r\n<p>Cheers</p>\r\n<p>&nbsp;</p>",
    "PostedDate": "2011-06-14T03:42:54.963-07:00",
    "UserRole": null,
    "MarkedAsAnswerDate": null
  },
  {
    "Id": "628476",
    "ThreadId": "260004",
    "Html": "<p>Jim is right just put Import-module HyperV in your profile so everytime you would open powershell the module would be automatically loaded</p>",
    "PostedDate": "2011-06-15T19:40:40.763-07:00",
    "UserRole": null,
    "MarkedAsAnswerDate": null
  },
  {
    "Id": "630652",
    "ThreadId": "260004",
    "Html": "<p>Same issue for me. It creates a major problem when you try to do scripting with this module.</p>",
    "PostedDate": "2011-06-21T09:17:14.813-07:00",
    "UserRole": null,
    "MarkedAsAnswerDate": null
  },
  {
    "Id": "630655",
    "ThreadId": "260004",
    "Html": "<p>Never mind.. i figured the script out with this module.</p>",
    "PostedDate": "2011-06-21T09:23:05.51-07:00",
    "UserRole": null,
    "MarkedAsAnswerDate": null
  },
  {
    "Id": "644840",
    "ThreadId": "260004",
    "Html": "<p>powershell -c \"set-executionpolicy bypass -force\"<br />if not exist \"C:\\windows\\System32\\WindowsPowerShell\\v1.0\\Modules\\HyperV\" (robocopy <a href=\"file://172.23.141.15/team/v-zhaox/HyperV\">D:\\HyperV</a>&nbsp; C:\\windows\\System32\\WindowsPowerShell\\v1.0\\Modules\\HyperV *.* &amp; PowerShell.exe -Command \"&amp; {echo 'Import-Module HyperV.psd1' &gt;&gt; $profile.AllUsersAllHosts}\" )</p>\r\n<p>powershell -c \"get-vm -running\"</p>",
    "PostedDate": "2011-07-20T01:35:02.523-07:00",
    "UserRole": null,
    "MarkedAsAnswerDate": null
  }
]