[
  {
    "Id": "292568",
    "ThreadId": "85922",
    "Html": "<p>First of all thanks for Hyper-v PS library! (sorry for my English - I'm from Russia))</p>\r\n<p>There are error after running a cmdlet:</p>\r\n<p>export-vm -vm MyVM -path \\\\MyFileServer\\Share -copystate -wait -force</p>\r\n<p>Exporting the VM kmrvs-virt-02</p>\r\n<p>Test-WMIResult : Attempt to export MyVM to \\\\MyFileServer\\Share failed. Failed to copy file from 'C:\\VirtualMachines\\MyVM.vhd' to '\\\\MyFileServer\\Share\\MyVM\\Virtual Hard Disks\\MyVM.vhd': General access denied error (0x80070005) At C:\\program files\\modules\\hyperv\\VM.ps1:27 char:113<br>+                 if ( ($VSMgtSvc.ExportVirtualSystem($VM.__path,($CopyState.Ispresent),$path)    | Test-wmiResult &lt;&lt;&lt;&lt;  -wait:($wait -or $preserve) -JobWaitText ($lstr_ExportOfVm -f $vm.elementName)`<br>&nbsp;+ CategoryInfo          : NotSpecified: (:) [Write-Error], WriteErrorException<br>&nbsp;+ FullyQualifiedErrorId : Microsoft.PowerShell.Commands.WriteErrorException,Test-WMIResult</p>\r\n<p>I check permissions and share security and virtual machine is stopped - seems everything is ok.</p>\r\n<p>I can run successful cmdlet from PowerShell:</p>\r\n<p>copy &quot;C:\\VirtualMachines\\MyVM.vhd&quot; &quot;\\\\MyFileServer\\Share\\MyVM.vhd&quot;</p>\r\n<p>And it working. But Export-VM says that access denied..</p>\r\n<p>Also I try mount network drive with authorization such as &quot;net use b: \\\\MyFileServer\\share passwd /user:hyperv_backup_user&quot; and Export-VM on this network drive but it's fail with same error.</p>\r\n<p>What I'm doing wrong?</p>",
    "PostedDate": "2010-02-19T03:29:14.853-08:00",
    "UserRole": null,
    "MarkedAsAnswerDate": null
  },
  {
    "Id": "417017",
    "ThreadId": "85922",
    "Html": "<p>I suppose the actual export is done by one of the Hyper-V services and which probably have no permission to access your file share.</p>",
    "PostedDate": "2010-03-11T08:36:20.053-08:00",
    "UserRole": null,
    "MarkedAsAnswerDate": null
  },
  {
    "Id": "419493",
    "ThreadId": "85922",
    "Html": "<p>I would suggest reviewing Ben Armstrong's blog on 'Exporting / Importing from a network share [Hyper-V]':<br><br>http://blogs.msdn.com/virtual_pc_guy/archive/2010/03/15/exporting-to-importing-from-a-network-share-hyper-v.aspx</p>\r\n<p>Ben goes into detail what perms need to be established when exporting to a network share.</p>\r\n<p>Good luck.</p>\r\n<p>Cheers,<br>John</p>",
    "PostedDate": "2010-03-17T17:54:43.43-07:00",
    "UserRole": null,
    "MarkedAsAnswerDate": null
  },
  {
    "Id": "419995",
    "ThreadId": "85922",
    "Html": "<p>for me, export-vm works well on a remote share without any additional permission.<br><br>first, before running export-vm, I do invoke-shutdown the VM; I'm very unsure the export function can work on alive machines;<br>then, from my controller machine (another R2 machine) I do an export to <a>\\\\server\\f$\\hyper-v\\exports</a>, and it happens to work fine.<br><br>I must add that both server and controller are in the same domain, which probably allows me to do that without pain.<br>Cheers,<br><strong>Laurent</strong></p>",
    "PostedDate": "2010-03-18T14:56:03.503-07:00",
    "UserRole": null,
    "MarkedAsAnswerDate": null
  },
  {
    "Id": "497209",
    "ThreadId": "85922",
    "Html": "<p>I've got the same issue.</p>\r\n<p>&nbsp;</p>\r\n<p>I can export to a share using hyper-v mgr (i.e. permissions are setup), but using the pslibrary, I get the general access denied errors.&nbsp; I tried using the audit log to see which user is authenticating on the target server but there is no record.</p>\r\n<p>&nbsp;</p>\r\n<p>I can run the command from the host, but not remotely from a different machine.</p>\r\n<p>&nbsp;</p>",
    "PostedDate": "2010-09-22T13:41:20.557-07:00",
    "UserRole": null,
    "MarkedAsAnswerDate": null
  },
  {
    "Id": "507838",
    "ThreadId": "85922",
    "Html": "<p>Did you try adding the &quot;machine account&quot; full access to the network share?</p>\r\n<p>&nbsp;</p>\r\n<p>&nbsp;</p>",
    "PostedDate": "2010-10-15T08:40:43.647-07:00",
    "UserRole": null,
    "MarkedAsAnswerDate": null
  },
  {
    "Id": "573272",
    "ThreadId": "85922",
    "Html": "<p>&nbsp;</p>\r\n<p>This is a piece of code that I wrote that I believe does what your looking for, it does the following:</p>\r\n<p>1. Shuts down each VM<br />2. Takes a snapshot of the VM and waits 30 seconds<br />3. Starts the VM<br />4. Copies the Snapshot off to our DR Hyper-V server<br />5. Shuts down the VM and tells it to remove the snapshots (merge them)<br />6. Allows the snapshot to merge wiats 90 seconds<br />7. Starts the VM<br />8. Writes each step to Copy.txt&nbsp;<br />9. moves on to the next VM</p>\r\n<p>10. After all VM have been copied, mails the copy.txt to our support group.&nbsp;</p>\r\n<p>VM's are located in D:\\VM-Config<br />VM Drives are located in D:\\VM-Drive&nbsp;<br />Scripts are located in D:\\VM-Backup-Script&nbsp;</p>\r\n<p>I run this as a scheduled task using a cmd file.&nbsp;<br />The file must be run as a user that has Admin rights on both Hyper-V servers.</p>\r\n<p><strong>CMD Code:</strong></p>\r\n<p>PowerShell \"D:\\VM-Backup-Script\\new-backup-multi.PS1\" /wait</p>\r\n<p><strong>Power Shell Code: (new-backup-multi.PS1)</strong></p>\r\n<p>Set-ExecutionPolicy unrestricted -force<br />import-module \"C:\\Program Files\\HyperV_Powershell\\hyperv.psd1\"<br />Remove-Item D:\\VM-Backup-Script\\copy.txt<br />$arrComps = \"Server1\", \"Server2\", \"Server3\"<br />Start-Transcript D:\\VM-Backup-Script\\copy.txt<br />foreach ($arrComps in $arrComps)<br />{<br />invoke-vmshutdown $arrComps -force<br />new-vmsnapshot $arrComps -force -waitstart-sleep -s 30<br />Start-VM $arrComps -HeartBeatTimeOut 300</p>\r\n<p>$date = Get-Date -format yyyy-MM-dd<br />New-Item \\\\phys-hvb\\d$\\VM-Drives\\$date -type directory -force<br />Copy-Item D:\\VM-Drives\\$arrComps\\*.vhd \\\\Remote-Server\\d$\\VM-Drives\\$date\\<br />select-vmsnapshot $arrComps | remove-vmsnapshot -wait -tree -force<br />invoke-vmshutdown $arrComps -force<br />start-sleep -s 90<br />Start-VM $arrComps -HeartBeatTimeOut 300<br />}<br />Stop-Transcript<br /><br />$fileData = (Get-Content \"D:\\VM-Backup-Script\\copy.txt\" | out-string)<br />$file = \"D:\\VM-Backup-Script\\copy.txt\"<br />$smtpServer = \"your SMTP relay Server\"<br />$msg = new-object Net.Mail.MailMessage<br />$att = new-object Net.Mail.Attachment($file)<br />$smtp = new-object Net.Mail.SmtpClient($smtpServer)<br />$msg.From = \"Your-Server@mail.com\"<br />$msg.To.Add(\"Recipient@mail.com\")<br />$msg.Subject = \"Hyper-V Backup Results\"<br />$msg.Body = $fileData<br />$msg.Attachments.Add($att)<br />$smtp.Send($msg)<br />$att.Dispose()</p>",
    "PostedDate": "2011-02-28T07:04:37.76-08:00",
    "UserRole": null,
    "MarkedAsAnswerDate": null
  },
  {
    "Id": "683006",
    "ThreadId": "85922",
    "Html": "<p>I also have such kind of trouble, the difference is: I try to export VM from Hyper-V cluster (Windows Server 2008 R2) to remote share on Samba. Export job started from user, who have all rigths on this shared folder, but I can't write vhd-file from export. The first action, what my script do on remote shared folder is to rename\\remove\\create folders for this export. And this actions executed successfully, but only the export cmdlet.</p>\r\n<p>I think, if this cmdlet (Export-VM) has such parameter as -Credential (like Move-Item cmdlet), which transmit credentials, it will works.</p>\r\n<p>Sorry for my bed English, I'm from Ukraine.</p>",
    "PostedDate": "2011-10-12T01:44:18.383-07:00",
    "UserRole": null,
    "MarkedAsAnswerDate": null
  },
  {
    "Id": "683056",
    "ThreadId": "85922",
    "Html": "<p>To&nbsp;<a class=\"UserProfileLink\" href=\"http://www.codeplex.com/site/users/view/yeah\">yeah</a></p>\r\n<p>First of all, you have to read this&nbsp;<a href=\"http://support.microsoft.com/kb/2008849\">http://support.microsoft.com/kb/2008849</a>&nbsp;and this&nbsp;<a href=\"http://blogs.msdn.com/b/virtual_pc_guy/archive/2010/03/15/exporting-to-importing-from-a-network-share-hyper-v.aspx\">http://blogs.msdn.com/b/virtual_pc_guy/archive/2010/03/15/exporting-to-importing-from-a-network-share-hyper-v.aspx</a></p>\r\n<p>If your Hyper-V and Fileshare are in one domain, you may have luck.&nbsp;</p>\r\n<p>In my case I have no variants, only export to local path and after then - copy to network share.</p>\r\n<p>In russian:&nbsp;</p>\r\n<p>Кароч, если оба сервера в одном домене, то пройди по второй ссылке и расставь права, как там описано, хотя и в первой тоже самое %)</p>\r\n<p>В моем случае это не пройдёт, у меня файловая шара на Самбе и не в домене. Только экспортировать на локальный диск, а потом копировать на шару.</p>",
    "PostedDate": "2011-10-12T04:32:10.83-07:00",
    "UserRole": null,
    "MarkedAsAnswerDate": null
  },
  {
    "Id": "1076923",
    "ThreadId": "85922",
    "Html": "&quot;Dlute,&quot; this is WONDERFUL code, but has a number of errors in it.<br />\nAt least one place is &quot;munged together,&quot; when it should have a space between 2 commands.<br />\nApparently, powershell vm-library cmdlets act differently depending on server version (i.e., if my VM host is 2008 R2 vs. 2012 [mine is 2012 server]) and depnding on if you installed/loaded/imported Gold/R2 vs. Stable SP1? (I did pull down the latest, and it appears to have some holes that existed back in SP1 and before).<br />\n<br />\nApparently, invoke-shutdown doesn't always work, but there is an alternative command &quot;stop-vm&quot; - not sure of the differences. Is &quot;invoke-shutdown just running &quot;stop-vm?&quot;<br />\n<br />\nA couple places, I think you might have &quot;piped&quot; one part of a line to another, but since a space (or 'pipe character') is missing, it's hard to know for sure.<br />\nAlso, some of the VM library cmdlets apparently want &quot;vm-command -VM actual-vm-name&quot; and others want &quot;vm-command -Name actual-vm-name&quot; - there's a lot of inconsistency here, as well as the fact that some cmdlets don't want any added modifiers (i.e., start-vm vm-name), or don't give any error messages if they fail (possibly in event logs, but no direct messages such as &quot;Hey, dude, I failed!&quot;)<br />\n<br />\nVarious items also appear that they may depend on version of Integration Services and/or underlying Guest o/s; i.e., W2K3 and XP seem to have some oddities that aren't handled exactly the same vs. 2008 / 2008 R2 / 2012; and, I'm guessing, there are some dependencies &amp; oddities based upon version of Powershell?<br />\n<br />\nThe Gold/R2 release of the VM cmdlet library appears to have some fixes UN-DONE from the SP1 release. I guess the SP1 may be the more stable release?<br />\nBecause... some things had comments in various news articles saying, &quot;Oh, this is FIXED in SP1.&quot; Well, if that's true, then why is it BROKEN in the version that is NEWER than SP1? - all FIXES for SP1 should be included/rolled-up into R2 (and maybe the are, and I'm just hallucinating).<br />\n<br />\nIn server 2012, after doing &quot;import-module &quot;C:\\Program Files\\modules\\HyperV\\hyperv.psd1&quot;,&quot; various VM-based cmdlets fail (like invoke-shutdown, start-vm, etc.), UNTIL you exit and re-enter Powershell UI - once you do that, then it resets/fixes some things again (temporarily). When the &quot;start-vm&quot; or &quot;invoke-shutdown&quot; do not work, they do not always give errors, just return to the command line, and then you are left wondering: &quot;Did it work?&quot;<br />\n<br />\nHere is one place you had badly messed up in your script:<br />\n&quot;invoke-vmshutdown $arrComps -force<br />\n new-vmsnapshot $arrComps <strong>-force -waitstart-sleep -s 30</strong><br />\n Start-VM $arrComps -HeartBeatTimeOut 300&quot;<br />\n<br />\nApparently, &quot;-waitstart-sleep&quot; is not a command and needs either a pipe character and/or a carriage return after &quot;-wait&quot; [carriage-return] then &quot;start-sleep -s 30&quot; (or was there a 'pipe' character between -wait and start-sleep?)<br />\n<br />\nPersonally, all I want to do is: 1) Stop a vm, 2) Export the vm (don't care about 'snapshot' - I guess someone can tell me why that is so much better than just exporting the stopped vm? - aside from the fact that snapshot is generally quick and I can restart my vm, while the snapshot can then be copied later; vs. waiting for the export to finish before being able to start my vm back running again). <br />\n<br />\nStill, via your script there are at least TWO shutdowns, since you come back and remove the snapshot later; would be nice to have only ONE shutdown. In many case, TWO separate shutdowns would be more disruptive than one long outage to export the VM. <br />\n",
    "PostedDate": "2013-08-05T13:18:21.173-07:00",
    "UserRole": null,
    "MarkedAsAnswerDate": null
  }
]