[
  {
    "Id": "1253492",
    "ThreadId": "547710",
    "Html": "I get this error when importing. <br />\nI am running as Admin and policy is unrestricted.<br />\nHowever I am able to view a bunch of Functions when i run gcm -module hyperv.<br />\n<pre><code>\nPS D:\\users\\v-igoza.PHX&gt; import-module 'C:\\Program Files\\modules\\HyperV\\HyperV.psd1'\nAt C:\\Program Files\\modules\\HyperV\\Menu.ps1:276 char:79\n+               20   {  $SelectedVHD = (Select-List -InputObject $vhd -Property ,@ ...\n+                                                                               ~\nMissing argument in parameter list.\nAt C:\\Program Files\\modules\\HyperV\\Menu.ps1:1141 char:79\n+               20   {  $SelectedVHD = (Select-List -InputObject $vhd -Property ,@ ...\n+                                                                               ~\nMissing argument in parameter list.\n    + CategoryInfo          : ParserError: (:) [], ParentContainsErrorRecordException\n    + FullyQualifiedErrorId : MissingArgument\n\nPS D:\\users\\v-igoza.PHX&gt; Get-ExecutionPolicy\nUnrestricted</code></pre>\n\n",
    "PostedDate": "2014-06-05T14:32:39.563-07:00",
    "UserRole": null,
    "MarkedAsAnswerDate": null
  },
  {
    "Id": "1309455",
    "ThreadId": "547710",
    "Html": "Hi, zaytsevi\r<br />\n<br />\nI have encountered the same error, and it was because of the strict syntax of PowerShell version 3.\r<br />\nThis article helped me to solve the problem.\r<br />\n<br />\n<a href=\"http://pshyperv.codeplex.com/workitem/9620\" rel=\"nofollow\">http://pshyperv.codeplex.com/workitem/9620</a><br />\n",
    "PostedDate": "2014-09-30T23:43:28.173-07:00",
    "UserRole": null,
    "MarkedAsAnswerDate": null
  }
]