[
  {
    "Id": "532565",
    "ThreadId": "237522",
    "Html": "\r\n<p>Hi,</p>\r\n<p>I just started using the library and have been loving it so far. There is a need for me to be able install the library on a machine in silent mode. Ideally i want to&nbsp;run install.cmd in silent / unattended mode so that it doesnt ask me to &quot;Press any\r\n key to continue...&quot; during the installation process. Can you any of help me with this? Is there any other way to install the library other than Install.cmd?</p>\r\n<p>&nbsp;</p>\r\n<p>Thanks,</p>\r\n<p>aish</p>\r\n<p>&nbsp;</p>\r\n",
    "PostedDate": "2010-12-07T15:18:29.463-08:00",
    "UserRole": null,
    "MarkedAsAnswerDate": null
  },
  {
    "Id": "560720",
    "ThreadId": "237522",
    "Html": "\r\n<p>You can safely edit the intall file to remove the pause line.</p>\r\n",
    "PostedDate": "2011-02-04T04:59:27.107-08:00",
    "UserRole": null,
    "MarkedAsAnswerDate": null
  }
]