[
  {
    "Id": "180010",
    "ThreadId": "53472",
    "Html": "Hello,<br>\r\n<br>\r\nFirst, I load the library hyperv.ps1 and it loaded all the functions.<br>\r\nI tried to <strong>create a new virtual machine</strong> with this command :<br>\r\n<br>\r\nPS C:\\&gt; New-VM &quot;VmTest&quot; -server &quot;F-2008&quot;<br>\r\nThat work.<br>\r\n<br>\r\nBut I have a little problem when I want to <strong>remove this VM</strong>, that doesn't work.<br>\r\n<br>\r\n<span style=\"text-decoration:underline\"><strong>My command :</strong></span><br>\r\n<br>\r\nPS C:\\&gt; Remove-VM &quot;VmTest&quot; -server &quot;F-2008&quot;<br>\r\n<br>\r\nThanks for the help.<br>\r\n",
    "PostedDate": "2009-04-16T01:35:11.763-07:00",
    "UserRole": null,
    "MarkedAsAnswerDate": null
  },
  {
    "Id": "180021",
    "ThreadId": "53472",
    "Html": "Hi,<br>\r\n<br>\r\nI find the answer here : http://pshyperv.codeplex.com/Thread/View.aspx?ThreadId=35524<br>\r\nIt's because I use a French Windows.<br>\r\n<br>\r\nThanks ste69008. \r\n",
    "PostedDate": "2009-04-16T02:06:39.077-07:00",
    "UserRole": null,
    "MarkedAsAnswerDate": null
  }
]