[
  {
    "Id": "516475",
    "ThreadId": "233331",
    "Html": "\r\n<p>Hi,</p>\r\n<p>I want to move an existing VHD from one running VM to another VM using a PS script.<br>\r\nI was able to do this with PassThrough disks using a PS script before, but when I try to use Add-VMDisk I get a message the VM is still running.</p>\r\n<p>This is the script I was using:</p>\r\n<p>. C:\\PS_Scripts\\hyperv.ps1</p>\r\n<p>$vm = gc env:computername<br>\r\n# vm = Virtual Machine<br>\r\n$st = $args[0]<br>\r\n# st = Start Type<br>\r\n$si = $args[1]<br>\r\n# si = System Instance</p>\r\n<p>if ($st -eq &quot;Prepare&quot;)<br>\r\n{<br>\r\n&nbsp;if ($si -eq &quot;ci&quot;)<br>\r\n&nbsp;{<br>\r\n&nbsp;&nbsp;add-vmpassthrough $vm 0 15 -scsi &quot;Disk 19&quot; -Server blade9-sap<br>\r\n&nbsp;} else {<br>\r\n&nbsp;&nbsp;add-vmpassthrough $vm 0 16 -scsi &quot;Disk 20&quot; -Server blade9-sap<br>\r\n&nbsp;}<br>\r\n}</p>\r\n<p><br>\r\nif ($st -eq &quot;Unprepare&quot;)<br>\r\n{<br>\r\n&nbsp;if ($si -eq &quot;ci&quot;)<br>\r\n&nbsp;{<br>\r\n&nbsp;&nbsp;remove-vmdrive $vm 0 15 -scsi -Server blade9-sap<br>\r\n&nbsp;} else {<br>\r\n&nbsp;&nbsp;remove-vmdrive $vm 0 16 -scsi -Server blade9-sap<br>\r\n&nbsp;}<br>\r\n}</p>\r\n<p>Please advise</p>\r\n<p>&nbsp;</p>\r\n",
    "PostedDate": "2010-11-03T07:38:29.77-07:00",
    "UserRole": null,
    "MarkedAsAnswerDate": null
  }
]