[
  {
    "Id": "527003",
    "ThreadId": "236047",
    "Html": "\r\n<p>Hi, please can someone provide a working example of the Import-VM command?</p>\r\n<p>The documentation is no help, and &quot;get-help import-VM -examples&quot; does not work either.</p>\r\n<p>I have 5 VHD files per VM, and I have tried using a powershell array to define the VHD files (as instructed in the documentation), but to no avail.</p>\r\n<p>Many thanks in advance.</p>\r\n",
    "PostedDate": "2010-11-25T07:59:46.71-08:00",
    "UserRole": null,
    "MarkedAsAnswerDate": null
  }
]