[
  {
    "Id": "192358",
    "ThreadId": "56915",
    "Html": "<p>I have just started working with the Hyper-V powershell and I have been looking for a way to change the location (parentpath) that a VHD uses when looking for its parent disk in a differential relationship.&nbsp; The VHD's I have are from a VPC VM and I am looking to automate bringing them across into a hyper-V&nbsp;configuration and was hoping to be able to change the path information so the parent directory could be changed, it seems to be escaping me at this time...</p>\r\n<p>Thank you,</p>\r\n<p>Paul</p>",
    "PostedDate": "2009-05-20T07:04:39.33-07:00",
    "UserRole": null,
    "MarkedAsAnswerDate": null
  },
  {
    "Id": "198691",
    "ThreadId": "56915",
    "Html": "<p>Get-VHDInfo will show you what the setting currently us, but I haven't written anything to change it. <a href=\"http://msdn.microsoft.com/en-us/library/cc136960(VS.85).aspx\">http://msdn.microsoft.com/en-us/library/cc136960(VS.85).aspx</a>&nbsp;documents&nbsp;a function for reconnecting the disk: I may add this for the 1.0c release</p>\r\n<p>&nbsp;</p>\r\n<p>&nbsp;</p>\r\n<p>&nbsp;</p>",
    "PostedDate": "2009-06-07T02:17:45.727-07:00",
    "UserRole": null,
    "MarkedAsAnswerDate": null
  },
  {
    "Id": "198692",
    "ThreadId": "56915",
    "Html": "This discussion has been copied to a work item. Click <a href=\"http://pshyperv.codeplex.com/WorkItem/View.aspx?WorkItemId=4121\">here</a> to go to the work item and continue the discussion.",
    "PostedDate": "2009-06-07T02:18:08.71-07:00",
    "UserRole": null,
    "MarkedAsAnswerDate": null
  }
]