[
  {
    "Id": "154288",
    "ThreadId": "46219",
    "Html": "It looks like it is giving me the size of just the .avhd file...<br>\r\n<br>\r\nIs this expected behavior?<br>\r\n<br>\r\nBlake\r\n",
    "PostedDate": "2009-02-04T08:37:36.23-08:00",
    "UserRole": null,
    "MarkedAsAnswerDate": null
  },
  {
    "Id": "155610",
    "ThreadId": "46219",
    "Html": "yes , it is expected. <br>\r\n<br>\r\nQuick explanation, when you take a snapshot , a new differencing VHD is created with an extension of .aVHD that is attached as the disk on the drive on disk controller on the VM. <br>\r\n<br>\r\nSometimes this this is what you want and sometimes not,  you can call  <em>Get-VHDInfo $_.diskpath</em> with the path to the aVHD and get its .parent property. And keep doing so recursively until one finds a file with a VHD extension instead of aVHD. <br>\r\n<br>\r\nI'll probably add this in a future version, so the ancestor and currently attached disk are both accessible . \r\n",
    "PostedDate": "2009-02-08T15:06:09.713-08:00",
    "UserRole": null,
    "MarkedAsAnswerDate": null
  }
]