[
  {
    "Id": "1431009",
    "ThreadId": "640146",
    "Html": "Not surprisingly... <br />\n<pre><code>        #if ($VHDPath -notmatch &quot;VHD$&quot; )                     {$VHDPath    += &quot;.VHD&quot;}\n</code></pre>\n\nComment that out from #532 in disk.ps1, and trust in the user to supply the correct pathname. Otherwise you'll end up with the non-existent c-drive.vhdx.vhd.<br />\n<br />\n(edit: oops, I meant to log this as an issue.. but up for discussion anyway :P)<br />\n",
    "PostedDate": "2015-06-19T03:20:22.677-07:00",
    "UserRole": null,
    "MarkedAsAnswerDate": null
  }
]