[
  {
    "Id": "263742",
    "ThreadId": "77152",
    "Html": "<p>Hi,</p>\r\n<p>I have 5 servers with hyperv, and i want to know the space of the vhd in each vm</p>\r\n<p>With the script i have the size of the vhds of the server than i run the script.-</p>\r\n<p><strong>Get-VMDisk | foreach { if ($_.DriveName -eq &quot;Hard Drive&quot;) {$env:vhd=$_.Diskpath}; Get-VHDInfo -vhdPath $env:vhd | Format-Table FullName, FileSize, MaxInternalSize, TypeName -AutoSize }<br></strong></p>\r\n<p>how i do to obtain the size of remote servers.</p>\r\n<p>thanks</p>\r\n<p>&nbsp;</p>\r\n<p>&nbsp;</p>",
    "PostedDate": "2009-12-04T11:04:40.35-08:00",
    "UserRole": null,
    "MarkedAsAnswerDate": null
  },
  {
    "Id": "265111",
    "ThreadId": "77152",
    "Html": "<p><strong>Get-VMDisk </strong>doesn't support -server , [I can't see why I did</p>\r\n<p>What you can do is</p>\r\n<p>Get-vm -server Server1,Server2,Server3&nbsp;&nbsp; | get-vmDiskController | get-vmDriveByController | get-VMdiskByDrive | foreach-object {Get-vhdinfo -server $_.__server -vhdpath $_.connection[0] }&nbsp;| format-table</p>\r\n<p><strong>&nbsp;</strong></p>",
    "PostedDate": "2009-12-08T14:53:51.71-08:00",
    "UserRole": null,
    "MarkedAsAnswerDate": null
  },
  {
    "Id": "266266",
    "ThreadId": "77152",
    "Html": "<p><br>JAMESONE</p>\r\n<p>I run what the script but it didn't work.</p>\r\n<p>Get-WmiObject : Not supported <br>At C:\\Program Files\\Modules\\hyperv\\Disk.ps1:621 char:40<br>+                 $VMRASD = Get-WmiObject &lt;&lt;&lt;&lt;  -ComputerName $Server -Namespace $HyperVNamespace -Query &quot;ASSOCIATORS OF {$_} where ResultClass = MSVM_ResourceAllocationSe<br>ttingData&quot;<br>    + CategoryInfo          : InvalidOperation: (:) [Get-WmiObject], ManagementException<br>    + FullyQualifiedErrorId : GetWMIManagementException,Microsoft.PowerShell.Commands.GetWmiObjectCommand</p>\r\n<p>If I run the script for the local server there's no problem, the problem appears when i try to run it to a remote server.</p>\r\n<p>my script </p>\r\n<p>Get-vm -server otherserver | get-vmDiskController | <br>get-vmDriveByController | get-VMdiskByDrive | <br>foreach-object {Get-vhdinfo -server $_.__server -vhdpath $_.connection[0]} | <br>Format-Table __Server, FullName, @{label=?FileSize(GB)?; Expression={?{0:N2}? -f ($_.FileSize/1024mb)}}, @{label=?MaxInternalSize(GB)?; Expression={?{0:N2}? -f ($_.MaxInternalSize/1024mb)}}, TypeName -autosize </p>\r\n<p> </p>\r\n<p>thanks</p>\r\n<p> </p>\r\n<p> </p>\r\n<p> </p>\r\n<p><br> </p>\r\n<blockquote>----Mensaje original----<br>De: notifications@codeplex.com<br>Fecha: 08/12/2009 19:53 <br>Para: <br>Asunto: Re: Get VHD Info from all hosts [PSHyperv:77152]<br><br> pre {font-size:1.25em;}<p>From: jamesone</p>\r\n<div id=ThreadNotificationPostBody>\r\n<p><strong>Get-VMDisk </strong>doesn't support -server , [I can't see why I did</p>\r\n<p>What you can do is</p>\r\n<p>Get-vm -server Server1,Server2,Server3   | get-vmDiskController | get-vmDriveByController | get-VMdiskByDrive | foreach-object {Get-vhdinfo -server $_.__server -vhdpath $_.connection[0] } | format-table</p>\r\n<p><strong> </strong></p></div>\r\n<br>&lt;/BLOCKQUOTE<br></blockquote>",
    "PostedDate": "2009-12-11T07:23:15.353-08:00",
    "UserRole": null,
    "MarkedAsAnswerDate": null
  },
  {
    "Id": "269441",
    "ThreadId": "77152",
    "Html": "<p>JAMESONE</p>\r\n<p>I run what the script but it didn't work.</p>\r\n<p>Get-WmiObject : Not supported <br>At C:\\Program Files\\Modules\\hyperv\\Disk.ps1:621 char:40<br>+ $VMRASD = Get-WmiObject &lt;&lt;&lt;&lt; -ComputerName $Server -Namespace $HyperVNamespace -Query &quot;ASSOCIATORS OF {$_} where ResultClass = MSVM_ResourceAllocationSe<br>ttingData&quot;<br>+ CategoryInfo : InvalidOperation: (:) [Get-WmiObject], ManagementException<br>+ FullyQualifiedErrorId : GetWMIManagementException,Microsoft.PowerShell.Commands.GetWmiObjectCommand</p>\r\n<p>If I run the script for the local server there's no problem, the problem appears when i try to run it to a remote server.</p>\r\n<p>my script</p>\r\n<p>Get-vm -server otherserver | get-vmDiskController | <br>get-vmDriveByController | get-VMdiskByDrive | <br>foreach-object {Get-vhdinfo -server $_.__server -vhdpath $_.connection[0]} | <br>Format-Table __Server, FullName, @{label=?FileSize(GB)?; Expression={?{0:N2}? -f ($_.FileSize/1024mb)}}, @{label=?MaxInternalSize(GB)?; Expression={?{0:N2}? -f ($_.MaxInternalSize/1024mb)}}, TypeName -autosize</p>\r\n<p>&nbsp;thanks a lot</p>",
    "PostedDate": "2009-12-20T16:47:31.02-08:00",
    "UserRole": null,
    "MarkedAsAnswerDate": null
  },
  {
    "Id": "274863",
    "ThreadId": "77152",
    "Html": "<p>I'm looking at this now - hopefully in a day or so you will be able to use get-vmDisk with multiple servers.</p>\r\n<p>&nbsp;</p>",
    "PostedDate": "2010-01-08T10:13:47.933-08:00",
    "UserRole": null,
    "MarkedAsAnswerDate": null
  },
  {
    "Id": "276833",
    "ThreadId": "77152",
    "Html": "<p>Thanks</p>\r\n<p>but now i have another problem what i want you know</p>\r\n<p>When i ran the script Get-VMDisk -server&nbsp;server01 | foreach { if ($_.DriveName -eq 'Hard Drive') {Get-VHDInfo -server $_.__Server -vhdPath $_.Diskpath}} * Server01 is not the server&nbsp;where i ran the script.</p>\r\n<p>I&nbsp;had a error message:</p>\r\n<p>Split-Path : Cannot find drive. A drive with the name 'E' does not exist.<br>At line:1 char:14<br>+ ($(Split-Path &lt;&lt;&lt;&lt;&nbsp; $VHDPath) -eq &quot;&quot;)<br>&nbsp;&nbsp;&nbsp; + CategoryInfo&nbsp;&nbsp;&nbsp;&nbsp;&nbsp;&nbsp;&nbsp;&nbsp;&nbsp; : ObjectNotFound: (E:String) [Split-Path], DriveNotFoundException<br>&nbsp;&nbsp;&nbsp; + FullyQualifiedErrorId : DriveNotFound,Microsoft.PowerShell.Commands.SplitPathCommand</p>\r\n<p>I think the error is in the line: 482 from disk.ps1 (if ($(Split-Path $VHDPath) -eq &quot;&quot;) {$VHDPath = Join-Path $(Get-VhdDefaultPath $Server) $VHDPath }), for me the error comes becouse in the server02 where i ran the script didn't had the drive E:\\</p>\r\n<p>I coment the line and it works fine.</p>\r\n<p>&nbsp;</p>\r\n<p>&nbsp;</p>\r\n<p>&nbsp;</p>\r\n<p>&nbsp;</p>\r\n<p>&nbsp;</p>\r\n<p>&nbsp;</p>\r\n<p>&nbsp;</p>\r\n<p>&nbsp;</p>",
    "PostedDate": "2010-01-13T12:33:20.02-08:00",
    "UserRole": null,
    "MarkedAsAnswerDate": null
  },
  {
    "Id": "277249",
    "ThreadId": "77152",
    "Html": "<p>Ah....</p>\r\n<p>OK that is the last bug fix / enhancement for this build. I've gone through and replaced split-path everywhere.</p>\r\n<p>&nbsp;</p>\r\n<p>&nbsp;</p>\r\n<p>&nbsp;</p>",
    "PostedDate": "2010-01-14T11:05:05.88-08:00",
    "UserRole": null,
    "MarkedAsAnswerDate": null
  }
]