[
  {
    "Id": "200101",
    "ThreadId": "59104",
    "Html": "<p style=\"margin:0in 0in 10pt\"><span style=\"font-size:small;font-family:Calibri\">I have created a Base Virtual Machine and I am able to create the Copy of Base Virtual Machine with different VM Name using script , as it is creating copy from base, the Name of Computer is same as Base Virtual Machine. I want to change the Name of the computer (New Virtual Machine).</span></p>\r\n<p style=\"margin:0in 0in 10pt\"><span style=\"font-size:small;font-family:Calibri\">How I can change the &ldquo;Computer Name&rdquo; of newly created Virtual Machine and add that into Domain?</span></p>\r\n<p style=\"margin:0in 0in 10pt\"><span style=\"font-size:small;font-family:Calibri\">Thanks,</span></p>\r\n<p style=\"margin:0in 0in 10pt\"><span style=\"font-size:small;font-family:Calibri\">Pankaj </span></p>",
    "PostedDate": "2009-06-10T11:26:09.127-07:00",
    "UserRole": null,
    "MarkedAsAnswerDate": null
  },
  {
    "Id": "200579",
    "ThreadId": "59104",
    "Html": "<p>In order to duplicate machines from a single image, you should read the Microsoft documentation on Sysprep for your version of Windows.&nbsp; Sysprep will allow you to turn an installed operating system into a template for other systems.</p>\r\n<p><a href=\"http://technet.microsoft.com/en-us/library/bb457073.aspx\">http://technet.microsoft.com/en-us/library/bb457073.aspx</a></p>\r\n<p>Make sure that you're syspreping your images before you make duplicates!&nbsp;</p>\r\n<p>For the computer name, and for joining a domain, you're going to want to use an unattended setup answer file (unattend.xml in Vista/2k8, sysprep.inf in earlier operating systems).</p>",
    "PostedDate": "2009-06-11T14:15:58.89-07:00",
    "UserRole": "Coordinator",
    "MarkedAsAnswerDate": null
  },
  {
    "Id": "200664",
    "ThreadId": "59104",
    "Html": "<p>Thanks for quick response, I will try with Sysprep, and I am sure it should solve my problem. Thanks again for perfect answer!</p>\r\n<p>Pankaj</p>",
    "PostedDate": "2009-06-11T19:21:37.677-07:00",
    "UserRole": null,
    "MarkedAsAnswerDate": null
  }
]