[
  {
    "Id": "172378",
    "ThreadId": "51412",
    "Html": "Is there anyway to set the VLAN tag on a virtual NIC using this very funky Library !?\r\n",
    "PostedDate": "2009-03-26T09:01:55.68-07:00",
    "UserRole": null,
    "MarkedAsAnswerDate": null
  },
  {
    "Id": "183134",
    "ThreadId": "51412",
    "Html": "Steve, I'll investigate this, but for now the answer is no. \r\n",
    "PostedDate": "2009-04-24T00:19:29.477-07:00",
    "UserRole": null,
    "MarkedAsAnswerDate": null
  }
]