[
  {
    "Id": "158702",
    "ThreadId": "47417",
    "Html": "Great tool, thanks for all of the work you've put in on this!  Is there a way to create a new VM from an existing VHD as in the New VM Wizard?<br>\r\n<br>\r\nThanks!<br>\r\n",
    "PostedDate": "2009-02-17T14:58:49.397-08:00",
    "UserRole": null,
    "MarkedAsAnswerDate": null
  },
  {
    "Id": "162246",
    "ThreadId": "47417",
    "Html": "<p>Hi,<br>\r\n<br>\r\nHere is what you can do with this awesome library of functions:</p>\r\n<p>$NewVM = New-VM -name &quot;My-VM&quot; <br>\r\n<br>\r\n## Add a disk drive to disk controller 0 at position 0<br>\r\nAdd-VMDrive $NewVM 0 0<br>\r\n<br>\r\n## Attach an existing VHD file<br>\r\nAdd-VMDisk $NewVM &quot;C:\\MyOS.VHD&quot;<br>\r\n<br>\r\nEnjoy!<br>\r\n/Dung<br>\r\n<br>\r\n<br>\r\n       </p>\r\n",
    "PostedDate": "2009-02-26T03:07:01.963-08:00",
    "UserRole": null,
    "MarkedAsAnswerDate": null
  }
]