[
  {
    "Id": "984340",
    "ThreadId": "428965",
    "Html": "\r\n<p>Hi everyone,</p>\r\n<p>I use this library a bit and found it very helpful but I am facing a problem in using many commands.</p>\r\n<p>Is there any documentation for this library from where I can get help for how to use each command???</p>\r\n<p>Waiting for kind response.</p>\r\n<p>&nbsp;</p>\r\n<p>&nbsp;</p>\r\n<p>regards....</p>\r\n<p>Muhammad Basit</p>\r\n",
    "PostedDate": "2013-01-08T23:49:35.917-08:00",
    "UserRole": null,
    "MarkedAsAnswerDate": null
  },
  {
    "Id": "1073724",
    "ThreadId": "428965",
    "Html": "hello, try downloading pdf file en DOWNLOADS tab\r<br />\n<br />\n<a href=\"https://pshyperv.codeplex.com/downloads/get/101935\" rel=\"nofollow\">https://pshyperv.codeplex.com/downloads/get/101935</a>\r<br />\n<br />\nbye<br />\n",
    "PostedDate": "2013-07-26T16:50:28.453-07:00",
    "UserRole": null,
    "MarkedAsAnswerDate": null
  }
]