[
  {
    "Id": "828642",
    "ThreadId": "353614",
    "Html": "\r\n<p>Hi,<br>\r\n<br>\r\nI'm trying to create a newly virtual machine in powershell without any interaction.<br>\r\n<br>\r\nFor now, I succeed to create a VM with one ide boot disk, a nic in a specific vlan but I can't add a PassThrough&nbsp; disk to the vM.<br>\r\n<br>\r\nThe following command worked but it's asking me to choose the disk I want to add but I want no interaction<br>\r\n<br>\r\n&nbsp;Get-VM $vm | Add-VMPassThrough -ControllerID 0 -LUN 0 -scsi -PhysicalDisk (Select-VMPhysicalDisk)<br>\r\n<br>\r\nIs anyone have already succeeded this without using wmi commands ?</p>\r\n",
    "PostedDate": "2012-04-25T13:50:25.133-07:00",
    "UserRole": null,
    "MarkedAsAnswerDate": null
  }
]