[
  {
    "Id": "1266254",
    "ThreadId": "551704",
    "Html": "The problem I am having with people using this library is that the columns returned are different from the standard one. For example, you call it &quot;VMHostName&quot; while Windows CmdLet is just &quot;Name&quot;. I can alter my querys but then I need to know that this library is used, what is the fastest way (perhaps through PowerShell command) to determine this?\r<br />\n<br />\nThanks<br />\n",
    "PostedDate": "2014-07-16T06:51:56.513-07:00",
    "UserRole": null,
    "MarkedAsAnswerDate": null
  }
]