[
  {
    "Id": "630616",
    "ThreadId": "262189",
    "Html": "\r\n<p>I have 2 questions maybe someone can help out.</p>\r\n<p>1. How do you impersonate a local administrator user while using the HyperV modules?</p>\r\n<p>&nbsp;</p>\r\n<p>I have to load the hyper V module with a batch file like so...</p>\r\n<p>start %windir%\\System32\\WindowsPowerShell\\v1.0\\powershell.exe -ExecutionPolicy Bypass -noExit -Command &quot;Import-Module '%ProgramFiles%\\modules\\Hyperv'&quot;</p>\r\n<p>2. After importing the HyperV module i would like to create a snapshot</p>\r\n<p>start %windir%\\System32\\WindowsPowerShell\\v1.0\\powershell.exe -ExecutionPolicy Bypass -noExit -Command &quot;Import-Module '%ProgramFiles%\\modules\\Hyperv'&quot; new-VMSnapshot</p>\r\n<p>does not work. I would like to run it all in a script.</p>\r\n",
    "PostedDate": "2011-06-21T08:02:10.737-07:00",
    "UserRole": null,
    "MarkedAsAnswerDate": null
  },
  {
    "Id": "644842",
    "ThreadId": "262189",
    "Html": "<p>powershell -c \"set-executionpolicy bypass -force\"<br />if not exist \"C:\\windows\\System32\\WindowsPowerShell\\v1.0\\Modules\\HyperV\" (robocopy <a href=\"file://172.23.141.15/team/v-zhaox/HyperV\">D:\\HyperV</a> C:\\windows\\System32\\WindowsPowerShell\\v1.0\\Modules\\HyperV *.* &amp; PowerShell.exe -Command \"&amp; {echo 'Import-Module HyperV.psd1' &gt;&gt; $profile.AllUsersAllHosts}\" )</p>\r\n<p>powershell -c \"get-vm -running\"</p>\r\n<p>[System.Diagnostics.ProcessStartInfo] $psi = (new-object System.Diagnostics.ProcessStartInfo)</p>\r\n<p>$psi.FileName = \"powershell.exe\"</p>\r\n<p>$psi.Verb = \"runas\"<br />$psi.WorkingDirectory = $pwd</p>\r\n<p>$psi.Arguments = \"new-VMSnapshot\"</p>\r\n<p>$p = [System.Diagnostics.Process]::Start($psi)</p>\r\n<p>#wait until the process exits<br />$p.WaitForExit()</p>",
    "PostedDate": "2011-07-20T01:40:17.343-07:00",
    "UserRole": null,
    "MarkedAsAnswerDate": null
  }
]