[
  {
    "Id": "434245",
    "ThreadId": "210195",
    "Html": "<p>I am attempting to add-vmdisk to some vms but getting errors when attempting to use the CLI.<br>Seen below is a passthrough disk added through the UI for example: &quot;Physical drive:&quot;</p>\r\n<p><span style=\"font-size:small\"><span style=\"font-family:Calibri\">PS C:\\hyper-v&gt; Get-VMDisk | foreach {$_.diskpath}<br></span></span><span style=\"font-size:small\"><span style=\"font-family:Calibri\">H:\\PEDAG-D1S2\\PEDAG-D1S2\\PEDAG-D1S2_MB-TEMPLATE.vhd<br></span></span><span style=\"font-size:small\"><span style=\"font-family:Calibri\">H:\\PEDAG-D1S1\\PEDAG-D1S1\\PEDAG-D1S1_MB-TEMPLATE.vhd<br></span></span><strong><span style=\"font-size:small\"><span style=\"font-family:Calibri\">Physical drive: Disk 10 900.00 GB Bus 0 Lun 1 Target 2<br></span></span></strong><span style=\"font-size:small\"><span style=\"font-family:Calibri\"><br>But when attempting through the CLI to add a physical disk &quot;passthrough&quot; from a san drive I get.</span></span></p>\r\n<p><span style=\"font-size:small\"><span style=\"font-family:Calibri\">PS C:\\hyper-v&gt; add-vmdisk -VM D1S1 -controllerid 0 -lun 2 -path &quot;Physical drive Disk 2 900.00 GB <br></span></span><span style=\"font-size:small\"><span style=\"font-family:Calibri\">Bus 0 Lun 3 Target 2&quot; -SCSI -Server &quot;dell-blade9&quot;</span></span></p>\r\n<p><span style=\"color:red\"><span style=\"font-size:small\"><span style=\"font-family:Calibri\">Test-WMIResult : Failed to add Hard Disk Image to D1S1, return code'D1S1' failed to add device<br></span></span></span><span style=\"color:red\"><span style=\"font-size:small\"><span style=\"font-family:Calibri\">'Microsoft Virtual Hard Disk'. (Virtual machine ID FFBFCE86-665A-4622-8BC9-28D8CBD18431)<br></span></span></span><span style=\"color:red\"><span style=\"font-size:small\"><span style=\"font-family:Calibri\">'D1S1': Attachment 'C:\\Users\\Public\\Documents\\Hyper-V\\Virtual Hard Disks\\Physical drive Disk 2<br></span></span></span><span style=\"color:red\"><span style=\"font-size:small\"><span style=\"font-family:Calibri\">900.00 GB Bus 0 Lun 3 Target 2.VHD' could not be found due to error: 'The system cannot find th<br></span></span></span><span style=\"color:red\"><span style=\"font-size:small\"><span style=\"font-family:Calibri\">e file specified.' (0x80070002). (Virtual machine ID FFBFCE86-665A-4622-8BC9-28D8CBD18431)<br></span></span></span><span style=\"color:red\"><span style=\"font-size:small\"><span style=\"font-family:Calibri\">At C:\\Program Files\\modules\\Hyperv\\VMConfig.ps1:56 char:43<br></span></span></span><span style=\"color:red\"><span style=\"font-size:small\"><span style=\"font-family:Calibri\">+&nbsp;&nbsp;&nbsp;&nbsp;&nbsp;&nbsp;&nbsp;&nbsp;&nbsp;&nbsp;&nbsp;&nbsp; if ( ($result | Test-wmiResult &lt;&lt;&lt;&lt; -wait:$wait -JobWaitText ($lstr_CreateHW -f</span></span></span><span style=\"color:red\"><span style=\"font-size:small\"><span style=\"font-family:Calibri\">$Rasd.ElementName)`<br></span></span></span><span style=\"color:red\"><span style=\"font-size:small\"><span style=\"font-family:Calibri\">&nbsp;&nbsp; + CategoryInfo&nbsp;&nbsp;&nbsp;&nbsp;&nbsp;&nbsp;&nbsp;&nbsp; : NotSpecified: (:) [Write-Error], WriteErrorException<br></span></span></span><span style=\"color:red\"><span style=\"font-size:small\"><span style=\"font-family:Calibri\">&nbsp;&nbsp; + FullyQualifiedErrorId : Microsoft.PowerShell.Commands.WriteErrorException,Test-WMIResult</span></span></span></p>\r\n<p><span style=\"font-size:small\"><span style=\"font-family:Calibri\">And after adding the same LUN/Disk through the UI its working.<br></span></span><span style=\"font-size:small\"><span style=\"font-family:Calibri\">PS C:\\hyper-v&gt; Get-VMDisk D1S1| foreach {$_.diskpath}<br>H:\\PEDAG-D1S1\\PEDAG-D1S1\\PEDAG-D1S1_MB-TEMPLATE.vhd<br>Physical drive: Disk 10 900.00 GB Bus 0 Lun 1 Target 2<br>Physical drive: Disk 4 900.00 GB Bus 0 Lun 2 Target 2<br><strong>Physical drive: Disk 2 900.00 GB Bus 0 Lun 3 Target 2</strong><br>PS C:\\hyper-v&gt;</span></span></p>\r\n<p><span style=\"font-size:small\"><span style=\"font-family:Calibri\">I am sure I am just missing a paramater or putting in wrong info but the PDF does really go over passthrough disks from san examples.</span></span></p>",
    "PostedDate": "2010-04-22T08:13:21.577-07:00",
    "UserRole": null,
    "MarkedAsAnswerDate": null
  },
  {
    "Id": "434261",
    "ThreadId": "210195",
    "Html": "<p>What is getting added into the VM, is a Hard Drive, linked to a VHD that is blank.</p>\r\n<p>Under the SCSI Controller its showing<br>Hard Drive<br>&lt;file&gt;</p>\r\n<p>Instead of being linked to the Physical hard disk.</p>",
    "PostedDate": "2010-04-22T08:51:23.36-07:00",
    "UserRole": null,
    "MarkedAsAnswerDate": null
  },
  {
    "Id": "528943",
    "ThreadId": "210195",
    "Html": "\r\n<p>I have the same issue. Do you know how to add the physical hard disk (pass-through disk) from add-vmdisk?</p>\r\n",
    "PostedDate": "2010-11-30T11:00:59.197-08:00",
    "UserRole": null,
    "MarkedAsAnswerDate": null
  },
  {
    "Id": "531177",
    "ThreadId": "210195",
    "Html": "\r\n<div style=\"font-family:Tahoma; direction:ltr; color:#000000; font-size:13px\">\r\n<div>unfortunately not, we are trying to find at way now.</div>\r\n<div>the issue we get with hyper-v is that if we run any powershell scripts out there now is that with a san drive it adds the &quot;drive&quot; to the scsi adapter, but doesn't enumerate with the correct san drive number.</div>\r\n<div>a local physical disk it works just fine. it most likey is some scsi command blocked with hyper-v but we still are trying to even find that out.</div>\r\n<div></div>\r\n<div style=\"font-family:Times New Roman; color:#000000; font-size:16px\">\r\n<hr tabindex=\"-1\">\r\n<div id=\"x_x_divRpF576356\" style=\"direction:ltr\"><font color=\"#000000\" size=\"2\" face=\"Tahoma\"><b>From:</b> willychan [notifications@codeplex.com]<br>\r\n<b>Sent:</b> Tuesday, November 30, 2010 14:01<br>\r\n<b>To:</b> derrick.baxter@whiteeaglesaints.com<br>\r\n<b>Subject:</b> Re: Add-VMdisk passthrough SAN drive [PSHyperv:210195]<br>\r\n</font><br>\r\n</div>\r\n<div></div>\r\n<div>\r\n<p>From: willychan</p>\r\n<div id=\"x_x_ThreadNotificationPostBody\">\r\n<p>I have the same issue. Do you know how to add the physical hard disk (pass-through disk) from add-vmdisk?</p>\r\n</div>\r\n<div id=\"x_x_ThreadNotificationFooter\">\r\n<p>Read the <a href=\"http://pshyperv.codeplex.com/Thread/View.aspx?ThreadId=210195&ANCHOR#Post528943\" target=\"_blank\">\r\nfull discussion online</a>.</p>\r\n<p>To add a post to this discussion, reply to this email (<a href=\"mailto:PSHyperv@discussions.codeplex.com@discussions.codeplex.com?subject=[PSHyperv:210195]\" target=\"_blank\">PSHyperv@discussions.codeplex.com@discussions.codeplex.com</a>)</p>\r\n<p>To start a new discussion for this project, email <a href=\"mailto:PSHyperv@discussions.codeplex.com@discussions.codeplex.com\" target=\"_blank\">\r\nPSHyperv@discussions.codeplex.com@discussions.codeplex.com</a></p>\r\n<p>You are receiving this email because you subscribed to this discussion on CodePlex. You can\r\n<a href=\"https://pshyperv.codeplex.com/discussions/210195/unsubscribe/\" target=\"_blank\">\r\nunsubscribe</a> on CodePlex.com.</p>\r\n<p>Please note: Images and attachments will be removed from emails. Any posts to this discussion will also be available online at CodePlex.com</p>\r\n</div>\r\n</div>\r\n</div>\r\n</div>\r\n",
    "PostedDate": "2010-12-04T11:03:46.84-08:00",
    "UserRole": null,
    "MarkedAsAnswerDate": null
  }
]