[
  {
    "Id": "176041",
    "ThreadId": "52390",
    "Html": "Hi <br>\r\n<br>\r\nFirst of all I would like to say 'thank you' for this fantastic library. It makes staging new Hyper-V VMs much easier. <br>\r\n<br>\r\nI ran into an issue where my VMs were not fully configured when the automated OS installation started. The problem is basically that Add-VMNewHardDisk when called with -fixed takes quite a while for larger disks. I work around the issue by using New-Vhd -fixed -wait<br>\r\n<br>\r\nI would like to suggest adding a -wait switch to Add-VMNewHardDisk which is then passed to New-Vhd <br>\r\n<br>\r\nThanks<br>\r\nLars Norman Søndergaard\r\n",
    "PostedDate": "2009-04-06T02:43:22.823-07:00",
    "UserRole": null,
    "MarkedAsAnswerDate": null
  },
  {
    "Id": "183125",
    "ThreadId": "52390",
    "Html": "Thanks, I've made that change and it will appear in the 1.0c version \r\n",
    "PostedDate": "2009-04-23T23:55:40.54-07:00",
    "UserRole": null,
    "MarkedAsAnswerDate": null
  }
]