[
  {
    "Id": "238154",
    "ThreadId": "69943",
    "Html": "<p>When you are creating a external switch from the UI of hyper-v manager, there is a check box 'Allow management operating system to share this network adapter',</p>\r\n<p>by checking it,&nbsp; the external network to be created will share the NIC with the host, by unchecking it, the external network to be created will have a exclusive use to the bound NIC.</p>\r\n<p>My question is how can we use powershell to check or uncheck it?</p>\r\n<p>I found if we just invoke the function New-VMExternalSwitch, by default this option is checked.</p>\r\n<p>&nbsp;</p>\r\n<p>&nbsp;</p>\r\n<p>Any input will be greatly appreciated.</p>",
    "PostedDate": "2009-09-23T23:34:54.05-07:00",
    "UserRole": null,
    "MarkedAsAnswerDate": null
  },
  {
    "Id": "251978",
    "ThreadId": "69943",
    "Html": "<p>In R2 there is a command Remove-VMSwitchNic which will leave the Switch bound to the external&nbsp;network but remove the virtual NIC connected to it in the host OS.&nbsp; At the moment I don't have a way to create the switch without the NIC in the host OS, So you need to allow it to be created an then remove it.</p>\r\n<p>&nbsp;</p>",
    "PostedDate": "2009-10-31T09:55:46.283-07:00",
    "UserRole": null,
    "MarkedAsAnswerDate": null
  }
]