[
  {
    "Id": "590115",
    "ThreadId": "252125",
    "Html": "<p><span id=\"result_box\" lang=\"en\"><span class=\"hps\" title=\"Haz clic para obtener traducciones alternativas\">I need start</span> <span class=\"hps\" title=\"Haz clic para obtener traducciones alternativas\">and 3</span> <span class=\"hps\" title=\"Haz clic para obtener traducciones alternativas\">minutes after</span> <span class=\"hps\" title=\"Haz clic para obtener traducciones alternativas\">turning off</span> <span class=\"hps\" title=\"Haz clic para obtener traducciones alternativas\">all</span> <span class=\"hps\" title=\"Haz clic para obtener traducciones alternativas\">my</span> <span class=\"hps\" title=\"Haz clic para obtener traducciones alternativas\">virtual machines</span> <span class=\"hps\" title=\"Haz clic para obtener traducciones alternativas\">but</span> <span class=\"hps\" title=\"Haz clic para obtener traducciones alternativas\">I</span> <span class=\"hps\" title=\"Haz clic para obtener traducciones alternativas\">want to</span> <span class=\"hps\" title=\"Haz clic para obtener traducciones alternativas\">do</span> <span class=\"hps\" title=\"Haz clic para obtener traducciones alternativas\">in</span> <span class=\"hps\" title=\"Haz clic para obtener traducciones alternativas\">groups</span> <span class=\"hps\" title=\"Haz clic para obtener traducciones alternativas\">of</span> <span class=\"hps\" title=\"Haz clic para obtener traducciones alternativas\">5</span><span title=\"Haz clic para obtener traducciones alternativas\">.</span> <span class=\"hps\" title=\"Haz clic para obtener traducciones alternativas\">Could</span> <span class=\"hps\" title=\"Haz clic para obtener traducciones alternativas\">anyone help me</span><span title=\"Haz clic para obtener traducciones alternativas\">?&nbsp; </span></span><span id=\"result_box\" lang=\"en\"><span class=\"hps\" title=\"Haz clic para obtener traducciones alternativas\">Given</span> <span class=\"hps\" title=\"Haz clic para obtener traducciones alternativas\">that</span> <span class=\"hps\" title=\"Haz clic para obtener traducciones alternativas\">all</span> <span class=\"hps\" title=\"Haz clic para obtener traducciones alternativas\">machines</span> <span class=\"hps\" title=\"Haz clic para obtener traducciones alternativas\">are</span> <span class=\"hps\" title=\"Haz clic para obtener traducciones alternativas\">off</span> <span class=\"hps\" title=\"Haz clic para obtener traducciones alternativas\">from the</span> <span class=\"hps\" title=\"Haz clic para obtener traducciones alternativas\">beginning.</span></span><span id=\"result_box\" lang=\"en\"><br /><br /> <span class=\"hps\" title=\"Haz clic para obtener traducciones alternativas\">I've seen</span> <span class=\"hps\" title=\"Haz clic para obtener traducciones alternativas\">the</span> <span class=\"hps\" title=\"Haz clic para obtener traducciones alternativas\">option</span> <span class=\"hps\" title=\"Haz clic para obtener traducciones alternativas\">to use</span> <span class=\"hps\" title=\"Haz clic para obtener traducciones alternativas\">the</span> <span class=\"hps\" title=\"Haz clic para obtener traducciones alternativas\">sleep command</span> <span class=\"hps\" title=\"Haz clic para obtener traducciones alternativas\">but</span> <span class=\"hps\" title=\"Haz clic para obtener traducciones alternativas\">does not convince me</span><span title=\"Haz clic para obtener traducciones alternativas\">.</span><br /><br /> <span class=\"hps\" title=\"Haz clic para obtener traducciones alternativas\">greetings</span></span></p>",
    "PostedDate": "2011-04-01T04:14:12.127-07:00",
    "UserRole": null,
    "MarkedAsAnswerDate": null
  }
]