[
  {
    "Id": "152402",
    "ThreadId": "45662",
    "Html": "I have a clean Hyper-V system, fully patched, with no VMs, and have using V1.0 of the Hyper-V library.<br>\r\n<br>\r\nThe sequence of events:<br>\r\n<br>\r\n<p dir=ltr>Load PowerShell</p>\r\n<p dir=ltr><strong><em>PS C:\\Scripts&gt;</em></strong> <strong>. ./HyperV.PS1</strong></p>\r\n<p dir=ltr>VM Functions loaded</p>\r\n<p dir=ltr style=\"margin-right:0px\">Name<br>\r\n----<br>\r\nAdd-VMDISK<br>\r\n...</p>\r\n<span id=UniqueID1233291958637>\r\n<p><em><strong>PS C:\\Scripts&gt;</strong></em> <strong>$DC = New-VM &quot;ZZDC2&quot;</strong><br>\r\nYou cannot call a method on a null-valued expression.<br>\r\nAt C:\\Windows\\setup\\Scripts\\hyperv.ps1:770 char:39<br>\r\n+   $arguments = @($vmGsd.psbase.GetText( &lt;&lt;&lt;&lt; [System.Management.TextFormat]::WmiDtd20),$null,$null,$null,$null)</p>\r\n<p>0<br>\r\nCreated VM 'ZZDC2'<br>\r\n<br>\r\nAt this point the VM is created but the name is &quot;New Virtual Machine&quot;. $DC appears to be null. I can then retrieve the VM using Get-VM and work on it normally - including renaming it with Set-VM.</p>\r\n</span>\r\n",
    "PostedDate": "2009-01-29T21:17:28.363-08:00",
    "UserRole": null,
    "MarkedAsAnswerDate": null
  },
  {
    "Id": "152747",
    "ThreadId": "45662",
    "Html": "This affected only PowerShell V1 , and was missed as I did the final tests on V2.  <br>\r\n<br>\r\nThe new 1.00a release has the fix in. \r\n",
    "PostedDate": "2009-01-30T17:40:47.063-08:00",
    "UserRole": null,
    "MarkedAsAnswerDate": null
  }
]