[
  {
    "Id": "256043",
    "ThreadId": "74813",
    "Html": "<p>Hello,</p>\r\n<p>&nbsp;</p>\r\n<p>I am using the R2-RC release.&nbsp; I am trying to execute add-vmdisk on machine A to connect an ISO that is located on machine B to a VM on machine C.&nbsp; My syntax is like this:</p>\r\n<p>&nbsp;</p>\r\n<p style=\"padding-left:30px\">$vm = get-vm &lt;vm-name&gt; -server &lt;machine_C&gt;</p>\r\n<p style=\"padding-left:30px\">add-vmdisk -vm $vm -controllerid 0 -lun 1 -VHDPath \\\\&lt;machine_B&gt;\\&lt;share&gt;\\&lt;path-to-ISO&gt; -DVD</p>\r\n<p style=\"padding-left:30px\">&nbsp;</p>\r\n<p>I get an error from powershell</p>\r\n<p style=\"padding-left:60px\">Test-wmiResult : Failed to add ISO Disk Image to &lt;vmname&gt;, return code'&lt;vmname&gt; failed to add device 'Microsoft Virtual CD/DVD Disk'. (Virtual mach<br>ine ID 018D94F7-9DBB-4CA4-8F61-2A23D38C92C4)<br>'&lt;vmname&gt;': User Account does not have sufficient privilege to open attach<br>ment '&lt;\\\\machine_B&gt;\\&lt;share&gt;\\&lt;path-to-ISO&gt;. Error: 'General access denied error' (0x80070005). (Virtual m<br>achine ID 018D94F7-9DBB-4CA4-8F61-2A23D38C92C4)<br>At D:\\WINDOWS\\system32\\WindowsPowerShell\\v1.0\\Modules\\hyperv\\VMConfig.ps1:56 ch<br>ar:43<br>+&nbsp;&nbsp;&nbsp;&nbsp;&nbsp;&nbsp;&nbsp;&nbsp;&nbsp;&nbsp;&nbsp;&nbsp; if ( ($result | Test-wmiResult &lt;&lt;&lt;&lt;&nbsp; -wait:$wait -JobWaitText ($l<br>str_CreateHW -f $Rasd.ElementName)`<br>&nbsp;&nbsp;&nbsp; + CategoryInfo&nbsp;&nbsp;&nbsp;&nbsp;&nbsp;&nbsp;&nbsp;&nbsp;&nbsp; : NotSpecified: (:) [Write-Error], WriteErrorExcep<br>&nbsp;&nbsp; tion<br>&nbsp;&nbsp;&nbsp; + FullyQualifiedErrorId : Microsoft.PowerShell.Commands.WriteErrorExceptio<br>&nbsp;&nbsp; n,Test-wmiResult</p>\r\n<p style=\"padding-left:60px\">&nbsp;</p>\r\n<p>The event log on the Hyper-V host has a similar error.&nbsp; I used the same syntax successfully when executing the powershell cmd on the Hyper-V host itself.&nbsp; I can't find any permissions errors in audit logs.&nbsp; Any ideas?</p>\r\n<p>&nbsp;</p>\r\n<p>thanks!</p>\r\n<p>Martin</p>",
    "PostedDate": "2009-11-11T09:55:32.04-08:00",
    "UserRole": null,
    "MarkedAsAnswerDate": null
  },
  {
    "Id": "256347",
    "ThreadId": "74813",
    "Html": "<p>You will have the same problem if you try to do this from the GUI. You need to give the machine (not your user&nbsp;account) permission to the ISO. I think John Howard has a blog post on this&nbsp; - will try to find more info for you.</p>\r\n<p>&nbsp;</p>\r\n<p>&nbsp;</p>",
    "PostedDate": "2009-11-12T07:24:37.14-08:00",
    "UserRole": null,
    "MarkedAsAnswerDate": null
  },
  {
    "Id": "256766",
    "ThreadId": "74813",
    "Html": "<p>I agree that it also happens using the GUI from a remote machine. Are you thinking that setting up constrained delegation such as described here:</p>\r\n<p>&nbsp;</p>\r\n<p>http://virtuallyaware.spaces.live.com/blog/cns!549C424F228D6040!175.entry</p>\r\n<p>&nbsp;</p>\r\n<p>will fix it?&nbsp;</p>\r\n<p>thanks</p>\r\n<p>Martin</p>",
    "PostedDate": "2009-11-13T06:56:50.05-08:00",
    "UserRole": null,
    "MarkedAsAnswerDate": null
  },
  {
    "Id": "257524",
    "ThreadId": "74813",
    "Html": "<p>Constrained delegation does in fact fix this problem.&nbsp; Essentially you need the same configuration as you need so that SCVMM 2008 R2 can Share an ISO to a VM.</p>\r\n<p>Assume<br>&nbsp; machine A will execute the powershell script</p>\r\n<p>&nbsp; machine B hosts the VM</p>\r\n<p>&nbsp; machine C hosts the ISO (shared via windows file share)</p>\r\n<p>User account used to execute the script on Machine A must have read access (or more) to the ISO file on machine C</p>\r\n<p>Machine B's machine account (B$) must have read access (or more) to the ISO file on machine C</p>\r\n<p>Machine B's AD object must be configured with constrained delegation allowing delegation to machine C, using Any authentication protocol, for service cifs (SMB)<br><br>thanks!<br><br>Martin</p>\r\n<p>&nbsp;</p>\r\n<p>&nbsp;</p>",
    "PostedDate": "2009-11-16T07:20:06.05-08:00",
    "UserRole": null,
    "MarkedAsAnswerDate": null
  },
  {
    "Id": "564940",
    "ThreadId": "74813",
    "Html": "<p>We have configured constrained delegation but we still have the same issue and same error being seen.</p>\r\n<p>Is there any other thing we need to configure to resolve the issue.</p>\r\n<p>&nbsp;</p>",
    "PostedDate": "2011-02-11T15:21:32.94-08:00",
    "UserRole": null,
    "MarkedAsAnswerDate": null
  },
  {
    "Id": "565158",
    "ThreadId": "74813",
    "Html": "<p>Hi,</p>\r\n<p>&nbsp;</p>\r\n<p>Make sure that in your constrained delegation setup you chose \"use any authentication protocol\"; I don't think this is the default.</p>\r\n<p>&nbsp;</p>\r\n<p>Martin</p>",
    "PostedDate": "2011-02-12T08:26:11.483-08:00",
    "UserRole": null,
    "MarkedAsAnswerDate": null
  },
  {
    "Id": "565191",
    "ThreadId": "74813",
    "Html": "<p>Thanks Martin.</p>\r\n<p>Yes, we do have this option selected and problem still being seen.</p>",
    "PostedDate": "2011-02-12T10:59:35.683-08:00",
    "UserRole": null,
    "MarkedAsAnswerDate": null
  },
  {
    "Id": "565919",
    "ThreadId": "74813",
    "Html": "<p>Martin,</p>\r\n<p>We are running windows 2008 R2 Enterprise edition, does it matter?</p>\r\n<p>I have re-verified constraint delegation and verything looks good.</p>\r\n<p>NiviRavi</p>",
    "PostedDate": "2011-02-14T08:15:37.893-08:00",
    "UserRole": null,
    "MarkedAsAnswerDate": null
  },
  {
    "Id": "566135",
    "ThreadId": "74813",
    "Html": "<p>Hi Martin,</p>\r\n<p>It works great only if have&nbsp; -VHDPath \\\\&lt;machine_B&gt;\\&lt;share&gt;\\&lt;path-to-ISO&gt; -DVD&nbsp;&nbsp; and does not work if we give&nbsp;&nbsp;-VHDPath <a href=\"file://\\\\&lt;ipaddress of Machine B&gt;\\&lt;share&gt;\\&lt;path-to-ISO\">\\\\&lt;ipaddress of Machine B&gt;\\&lt;share&gt;\\&lt;path-to-ISO</a>&gt; -DVD&nbsp;&nbsp;.</p>\r\n<p>Any ideas to resolve this?</p>\r\n<p>&nbsp;</p>\r\n<p>Ravi</p>\r\n<p>&nbsp;</p>\r\n<p style=\"padding-left: 30px;\">&nbsp;</p>",
    "PostedDate": "2011-02-14T14:45:40.283-08:00",
    "UserRole": null,
    "MarkedAsAnswerDate": null
  },
  {
    "Id": "566432",
    "ThreadId": "74813",
    "Html": "<p>I don't remember trying that scenario.&nbsp; Can you configure constrained delegation while identifying machine B by IP instead of name?</p>\r\n<p>&nbsp;</p>\r\n<p>Martin</p>",
    "PostedDate": "2011-02-15T05:26:50.387-08:00",
    "UserRole": null,
    "MarkedAsAnswerDate": null
  }
]