[
  {
    "Id": "687720",
    "ThreadId": "276787",
    "Html": "\r\n<p>While I have not tested all&nbsp;the set-VM functions, it appears that the -autoStart option cannot be combined with the -server option.</p>\r\n<p>Example:</p>\r\n<p><span style=\"text-decoration:underline\">Works:</span></p>\r\n<p>set-VM $NewVM -autoStart $StartupAction[&quot;AlwaysStartup&quot;]</p>\r\n<p><span style=\"text-decoration:underline\">Does not work:</span></p>\r\n<p>set-VM $NewVM -autoStart $StartupAction[&quot;AlwaysStartup&quot;] -server $server</p>\r\n<p>&nbsp;</p>\r\n<p>Ay suggestions?</p>\r\n<p>&nbsp;</p>\r\n<p>&nbsp;</p>\r\n",
    "PostedDate": "2011-10-21T16:54:31.933-07:00",
    "UserRole": null,
    "MarkedAsAnswerDate": null
  }
]