[
  {
    "Id": "724602",
    "ThreadId": "286018",
    "Html": "<p>Hello,</p>\n<p>We had 4 Hyper-V host in our environment, I want make and run&nbsp;a Powershell script in one place, export all the VMs in 4 host to a shared folder one by one.</p>\n<p>All the host and Shared folder are the member of same domain. Also I had read and act following the documents <a href=\"http://support.microsoft.com/kb/2008849\">http://support.microsoft.com/kb/2008849</a>&nbsp;and <a href=\"http://blogs.msdn.com/b/virtual_pc_guy/archive/2010/03/15/exporting-to-importing-from-a-network-share-hyper-v.aspx\">http://blogs.msdn.com/b/virtual_pc_guy/archive/2010/03/15/exporting-to-importing-from-a-network-share-hyper-v.aspx</a>&nbsp;, but&nbsp;I still get \"Failed to create export directory with&nbsp;error 'General access denied error'(0x80070005)\".</p>\n<p>In my test I find that the command can export the local VM to a remote shared folder, it also can export the remote VM to the VM's host local folder even if I use the path as <a href=\"file://\\\\localhostservername\\sharedname\">\\\\localhostservername\\sharedname</a>.</p>\n<p>What's the wrong with me?</p>\n<p>Thanks</p>\n<p>Zhou</p>",
    "PostedDate": "2012-01-12T19:15:11.357-08:00",
    "UserRole": null,
    "MarkedAsAnswerDate": null
  },
  {
    "Id": "724660",
    "ThreadId": "286018",
    "Html": "<p>Hello!</p>\r\n<p>Do you restart Hyper-V hosts after giving permitions to the network share? Host get this permitions only after restart.</p>\r\n<p>You post&nbsp;<span>\"Failed to create export directory with&nbsp;error 'General access denied error'(0x80070005)\", so...</span></p>\r\n<p><span>What kind of permitions do you give to hyper-v host? Maybe it havn't rights to create/remove folders? </span></p>\r\n<p><span>Also, check the path, what you want to create by your script.</span></p>\r\n<p><span>Waiting for reply. :)</span></p>",
    "PostedDate": "2012-01-13T01:20:10.637-08:00",
    "UserRole": null,
    "MarkedAsAnswerDate": null
  },
  {
    "Id": "725533",
    "ThreadId": "286018",
    "Html": "<p>Hello,</p>\r\n<p>Thanks for your help.</p>\r\n<p>I had restart all the three servers, but the error message still exist.</p>\r\n<p>The user I login is a member of domain admins, and had administrator permition in the three servers.</p>\r\n<p>From the console I can export to the remote folder, and the path in the script is copied from the address field of explorer.</p>\r\n<p>Thanks.</p>",
    "PostedDate": "2012-01-15T16:55:44.603-08:00",
    "UserRole": null,
    "MarkedAsAnswerDate": null
  }
]