[
  {
    "Id": "860015",
    "ThreadId": "362741",
    "Html": "\r\n<p>I managed to get the library installed, I think. So now what? How do I connect to the hyper-v server from Powershell on my desktop? Is that what I even need to do or is ALL this done on the server? All I've been trying to do the last few days is view a list\r\n of VMs on my hyper-v server but ALL the instructions I find are so vague and incomplete I never manage to accomplish anything.</p>\r\n<p>I did all the steps in the last reply on this page:&nbsp;<a href=\"http://pshyperv.codeplex.com/discussions/344783\">http://pshyperv.codeplex.com/discussions/344783</a>... but honestly I don't even know what that did or why I had to do it.&nbsp;</p>\r\n<p>I suppose IF there were any documentation here&nbsp;<a href=\"http://pshyperv.codeplex.com/documentation\">http://pshyperv.codeplex.com/documentation</a>, that is where it would tell me how to connect to my hyper-v server over the LAN using Powershell and\r\n the library it boasts.</p>\r\n<p>Can anyone give me clear or explicit instructions on how to connect to the server? Or, maybe a link to a how-to that is complete and there are no dead ends?</p>\r\n<p>----------</p>\r\n<p>I have this command:&nbsp;</p>\r\n<p>Start-VM &ndash;Name &ldquo;[VM Name]&rdquo;</p>\r\n<p>...from this URL:&nbsp;<a href=\"http://technet.microsoft.com/en-us/library/hh848559.aspx\">http://technet.microsoft.com/en-us/library/hh848559.aspx</a></p>\r\n<p>...but as you can guess when I type that in my Powershell on my desktop I get &quot;Start-VM : A parameter cannot be found that matches parameter name 'Name'.&quot;</p>\r\n<p>...I'm guessing, because I'm not yet connected to the Hyper-V server :\\</p>\r\n",
    "PostedDate": "2012-07-10T16:13:15.79-07:00",
    "UserRole": null,
    "MarkedAsAnswerDate": null
  },
  {
    "Id": "860027",
    "ThreadId": "362741",
    "Html": "\r\n<p>Perfect example. After posting the above SOS, I found this page (<a href=\"http://www.virtualizationadmin.com/articles-tutorials/microsoft-hyper-v-articles/management/managing-hyper-v-from-command-line-part2.html\">http://www.virtualizationadmin.com/articles-tutorials/microsoft-hyper-v-articles/management/managing-hyper-v-from-command-line-part2.html</a>)&nbsp;where,\r\n upon reading the intro I began to get very excited only until I got to the part where they said &quot;If you want to see which virtual machines exist on your Hyper-V server, use the following command:</p>\r\n<p><em>Get-VM</em></p>\r\n<p><em>&quot;</em></p>\r\n<p>As soon as I saw that lonely command <em>all by itself </em>I knew this wasn't going to help me. And how is it that no one ever seems to start out by saying &quot;in order to get a list of the virtual machines on a particular HOST, you must first\r\n<em>CONNECT TO IT...&quot;. </em>:(</p>\r\n",
    "PostedDate": "2012-07-10T16:56:27.41-07:00",
    "UserRole": null,
    "MarkedAsAnswerDate": null
  },
  {
    "Id": "908880",
    "ThreadId": "362741",
    "Html": "<p>The remote Hyper-V server should have WMI Remote Administration enabled (see below).</p>\r\n<p>Suppose you have two machine - one with Windows 7, and another with Windows Server 20008 R2&nbsp;and Hyper-V installed and some VMs running. Here are basic steps that you need to follow:</p>\r\n<p>Install PSHyperV library on the Windows 7 machine.</p>\r\n<p>Enable WMI remote administration on Windows Sever 2008 R2 machine by running the following command from CMD console:</p>\r\n<p>&nbsp;&nbsp;&nbsp;&nbsp;&nbsp; netsh firewall set service type=RemoteAdmin profile=all</p>\r\n<p>Now on your Windows 7 machine run PowerShell console elevated (as Administrator), load HyperV module and execute Get-VM command against the remote server:</p>\r\n<p>PS C:\\Windows\\system32&gt; Import-Module D:\\hyperv\\HyperV.psd1</p>\r\n<p>PS C:\\Windows\\system32&gt; get-vm -server Server-01</p>\r\n<p>Host&nbsp;&nbsp;&nbsp;&nbsp;&nbsp;&nbsp;&nbsp;&nbsp;&nbsp;&nbsp;&nbsp;&nbsp;&nbsp;&nbsp;&nbsp;&nbsp;&nbsp;&nbsp;&nbsp;&nbsp;&nbsp; VMElementName&nbsp;&nbsp;&nbsp;&nbsp;&nbsp;&nbsp;&nbsp;&nbsp;&nbsp;&nbsp;&nbsp;&nbsp; State&nbsp;&nbsp;&nbsp;&nbsp;&nbsp;&nbsp;&nbsp; Up-Time (mS) Owner<br />--------&nbsp;&nbsp;&nbsp;&nbsp;&nbsp;&nbsp;&nbsp;&nbsp;&nbsp;&nbsp;&nbsp;&nbsp;&nbsp;&nbsp;&nbsp;&nbsp;&nbsp; -------------&nbsp;&nbsp;&nbsp;&nbsp;&nbsp;&nbsp;&nbsp;&nbsp;&nbsp;&nbsp;&nbsp;&nbsp; -----&nbsp;&nbsp;&nbsp;&nbsp;&nbsp;&nbsp;&nbsp; ------------ -----<br />Server-01&nbsp;&nbsp;&nbsp;&nbsp;&nbsp;&nbsp;&nbsp;&nbsp;&nbsp;&nbsp;&nbsp;&nbsp;&nbsp;&nbsp;&nbsp;&nbsp; Win-RQ539&nbsp;&nbsp;&nbsp;&nbsp;&nbsp;&nbsp;&nbsp;&nbsp;&nbsp;&nbsp;&nbsp; Running&nbsp;&nbsp;&nbsp;&nbsp;&nbsp; 1048716623<br />Server-01&nbsp;&nbsp;&nbsp;&nbsp;&nbsp;&nbsp;&nbsp;&nbsp;&nbsp;&nbsp;&nbsp;&nbsp;&nbsp;&nbsp;&nbsp;&nbsp; WIN-MU733&nbsp;&nbsp;&nbsp;&nbsp;&nbsp;&nbsp;&nbsp;&nbsp;&nbsp;&nbsp;&nbsp;&nbsp; Running&nbsp;&nbsp;&nbsp;&nbsp;&nbsp; 74205949<br />Server-01&nbsp;&nbsp;&nbsp;&nbsp;&nbsp;&nbsp;&nbsp;&nbsp;&nbsp;&nbsp;&nbsp;&nbsp;&nbsp;&nbsp;&nbsp;&nbsp; vm1&nbsp;&nbsp;&nbsp;&nbsp;&nbsp;&nbsp;&nbsp;&nbsp;&nbsp;&nbsp;&nbsp;&nbsp;&nbsp;&nbsp;&nbsp;&nbsp;&nbsp;&nbsp;&nbsp;&nbsp;&nbsp;&nbsp; Running&nbsp;&nbsp;&nbsp;&nbsp;&nbsp; 1031760270</p>\r\n<p>Note that another link you referring to, <a href=\"http://technet.microsoft.com/en-us/library/hh848559.aspx\">http://technet.microsoft.com/en-us/library/hh848559.aspx</a>, is for a different PowerShell Hyper-V management module, the one that ships with Windows Server 2012. Windows Server 2012 has WMI remote management enabled by default so the remote Hyper-V management commands from either built-in module or the module from this project should just work.</p>\r\n<p>&nbsp;</p>",
    "PostedDate": "2012-09-05T14:44:07.807-07:00",
    "UserRole": null,
    "MarkedAsAnswerDate": null
  }
]