[
  {
    "Id": "1073718",
    "ThreadId": "451560",
    "Html": "hello all, im going to implement this library in production environment and i need a rollback procedure just in case.\r<br />\n<br />\ni could make a registry backup to restore it if need it.\r<br />\nbut how can i remove library o restore original one if instalation fails or any error occurs?\r<br />\n<br />\nthank you very much in advance!\r<br />\nbest regards<br />\n",
    "PostedDate": "2013-07-26T16:28:58.143-07:00",
    "UserRole": null,
    "MarkedAsAnswerDate": null
  }
]