[
  {
    "Id": "587270",
    "ThreadId": "251397",
    "Html": "\r\n<p>Using PsHyperV R2 SP1 on&nbsp;WS2008 R2. VHD is mounted as SCSI.</p>\r\n<p>Trying to create a command to remove all drives from all VMs on a host that contain &quot;backup&quot; in the VHD filename. This is the command I'm using:</p>\r\n<div style=\"color:black; background-color:white\">\r\n<pre>get<span style=\"color:gray\">-</span>VMdisk | where {<span style=\"color:orangered\">$_</span>.diskpath <span style=\"color:gray\">-match</span> <span style=\"color:#a31515\">&quot;backup&quot;</span>} | <span style=\"color:blue\">foreach</span> {remove<span style=\"color:gray\">-</span>VMDrive <span style=\"color:gray\">-</span>diskonly <span style=\"color:gray\">-</span>VM <span style=\"color:orangered\">$_</span>.VMelementName <span style=\"color:gray\">-</span>controllerId <span style=\"color:orangered\">$_</span>.controllerId <span style=\"color:gray\">-</span>L <span style=\"color:orangered\">$_</span>.driveLun}\r\n</pre>\r\n</div>\r\n<p>There is no error posted, and <strong>get-VMdisk </strong>no longer lists the disk. But the disk is still present in the VM, and visible in the Hyper-V Console.</p>\r\n<p>I've also tried the same thing with this command:</p>\r\n<div style=\"color:black; background-color:white\">\r\n<pre>dismount<span style=\"color:gray\">-</span>vhd <span style=\"color:#a31515\">&quot;F:\\GuestBackups\\01infr001Cbackup2.vhd&quot;</span>\r\n</pre>\r\n</div>\r\n<p>After confirming that I want to dismount it, I get this error:</p>\r\n<div style=\"color:black; background-color:white\">\r\n<pre>Test<span style=\"color:gray\">-</span>WMIResult : The Dismount operation <span style=\"color:blue\">for</span> F:\\GuestBackups\\01infr001Cbackup2.vhd returned a fa\r\nilure response of: InvalidParameter\r\nAt C:\\Program Files\\modules\\hyperV\\Disk.ps1:431 char:35\r\n<span style=\"color:gray\">&#43;</span>                     Test<span style=\"color:gray\">-</span>wmiResult &lt;&lt;&lt;&lt;  <span style=\"color:gray\">-</span>result (<span style=\"color:orangered\">$ImageManagementService</span>.Unmount(<span style=\"color:orangered\">$VHDPath</span>))\r\n<span style=\"color:gray\">-</span>wait <span style=\"color:gray\">-</span>JobWaitText (<span style=\"color:orangered\">$lStr_DiskDismounting</span> <span style=\"color:gray\">&#43;</span> <span style=\"color:orangered\">$vhdPath</span>) `\r\n    <span style=\"color:gray\">&#43;</span> CategoryInfo          : NotSpecified: (:) <span style=\"color:gray\">[</span><span style=\"color:teal\">Write-Error</span><span style=\"color:gray\">]</span>, WriteErrorException\r\n    <span style=\"color:gray\">&#43;</span> FullyQualifiedErrorId : Microsoft.PowerShell.Commands.WriteErrorException,Test<span style=\"color:gray\">-</span>WMIResult\r\n</pre>\r\n</div>\r\n",
    "PostedDate": "2011-03-27T13:30:58.487-07:00",
    "UserRole": null,
    "MarkedAsAnswerDate": null
  }
]