[
  {
    "Id": "572118",
    "ThreadId": "247570",
    "Html": "\r\n<p>I have been trying desperately to use the -Preserve parameter of Export-VM.&nbsp; Everytime I try this, the machine files get exported just fine, but when it start to zip the files up it always ends in an error like the one below:</p>\r\n<p>============================================================</p>\r\n<p>Exception calling &quot;NameSpace&quot; with &quot;1&quot; argument(s): &quot;Unspecified error (Excepti<br>\r\non from HRESULT: 0x80004005 (E_FAIL))&quot;<br>\r\nAt C:\\Program Files\\modules\\Hyperv\\Helper.ps1:27 char:40<br>\r\n&#43;&nbsp;&nbsp;&nbsp;&nbsp;&nbsp;&nbsp;&nbsp;&nbsp;&nbsp;&nbsp;&nbsp;&nbsp;&nbsp; $global:shellApp.NameSpace &lt;&lt;&lt;&lt; ($Zippath).CopyHere($File.fullna<br>\r\nme)<br>\r\n&nbsp;&nbsp;&nbsp; &#43; CategoryInfo&nbsp;&nbsp;&nbsp;&nbsp;&nbsp;&nbsp;&nbsp;&nbsp;&nbsp; : NotSpecified: (:) [], MethodInvocationException<br>\r\n&nbsp;&nbsp;&nbsp; &#43; FullyQualifiedErrorId : ComMethodTargetInvocation</p>\r\n<p>Exception calling &quot;NameSpace&quot; with &quot;1&quot; argument(s): &quot;Unspecified error (Excepti<br>\r\non from HRESULT: 0x80004005 (E_FAIL))&quot;<br>\r\nAt C:\\Program Files\\modules\\Hyperv\\Helper.ps1:27 char:40<br>\r\n&#43;&nbsp;&nbsp;&nbsp;&nbsp;&nbsp;&nbsp;&nbsp;&nbsp;&nbsp;&nbsp;&nbsp;&nbsp;&nbsp; $global:shellApp.NameSpace &lt;&lt;&lt;&lt; ($Zippath).CopyHere($File.fullna<br>\r\nme)<br>\r\n&nbsp;&nbsp;&nbsp; &#43; CategoryInfo&nbsp;&nbsp;&nbsp;&nbsp;&nbsp;&nbsp;&nbsp;&nbsp;&nbsp; : NotSpecified: (:) [], MethodInvocationException<br>\r\n&nbsp;&nbsp;&nbsp; &#43; FullyQualifiedErrorId : ComMethodTargetInvocation</p>\r\n<p>========================================================</p>\r\n<p>Has anyone successfully used this functionality that would be willing to share the secret??&nbsp;Every other function I have tried has worked beautifully (KUDOS to the developers).</p>\r\n",
    "PostedDate": "2011-02-25T06:19:22.11-08:00",
    "UserRole": null,
    "MarkedAsAnswerDate": null
  },
  {
    "Id": "573591",
    "ThreadId": "247570",
    "Html": "<p>Is this happening on full server, Server-Core , or Hyper-V server ? I'll check this ASAP.</p>",
    "PostedDate": "2011-02-28T16:51:23.183-08:00",
    "UserRole": null,
    "MarkedAsAnswerDate": null
  },
  {
    "Id": "573855",
    "ThreadId": "247570",
    "Html": "\r\n<div>\r\n<p><span style=\"font-size:11.0pt; font-family:\">Hyper-V server in a cluster. I tried running script (commandlet) on same host as virtual machine and from another cluster node. No matter how I tried it, I ended up with a zip file with a size of zero and errors\r\n showing.</span></p>\r\n<p><span style=\"font-size:11.0pt; font-family:\"></span></p>\r\n<div>\r\n<p><b><span style=\"font-size:11.0pt; font-family:\">Paul Stocks</span></b><span style=\"font-size:11.0pt; font-family:\">\r\n</span><span style=\"font-size:9.0pt; font-family:\">| Server Engineer | Technology Services Department</span><span style=\"font-size:11.0pt; font-family:\"></span></p>\r\n<p><b><span style=\"font-size:9.0pt; font-family:\">Analysts International Corporation</span></b><span style=\"font-size:9.0pt; font-family:\"> | 3601 West 76th Street, Suite 500| Minneapolis, MN 55435<br>\r\nDID: (952) 838-2998 | IPTel: 810-2998 | FAX: (952) 838-3150 </span><span style=\"font-size:9.0pt; font-family:\">|\r\n<a href=\"mailto:pstocks@analysts.com\">pstocks@analysts.com</a> | <a href=\"http://www.analysts.com\">\r\n<span style=\"color:#7F7F7F\">www.analysts.com</span></a></span><span style=\"font-size:11.0pt; font-family:\"></span></p>\r\n<p><span style=\"font-size:11.0pt; font-family:\"></span></p>\r\n<p style=\"margin-bottom:12.0pt\"><span style=\"font-size:11.0pt; font-family:\"><img border=\"0\" width=\"127\" height=\"35\" id=\"x_x_Picture_x0020_1\" src=\"cid:image001.jpg@01CBD7F1.AF5BCBB0\" alt=\"Description: Email signature logo\"></span><span style=\"font-size:9.0pt; font-family:\">\r\n</span><span style=\"font-size:9.0pt; font-family:\"></span><b><span style=\"font-size:9.0pt; font-family:\">...IT Professionals On Demand</span></b><span style=\"font-size:9.0pt; font-family:\"></span></p>\r\n</div>\r\n<p><span style=\"font-size:11.0pt; font-family:\"></span></p>\r\n<div>\r\n<div style=\"border:none; border-top:solid #B5C4DF 1.0pt; padding:3.0pt 0in 0in 0in\">\r\n<p><b><span style=\"font-size:10.0pt; font-family:\">From:</span></b><span style=\"font-size:10.0pt; font-family:\"> jamesone [email removed]\r\n<br>\r\n<b>Sent:</b> Monday, February 28, 2011 6:51 PM<br>\r\n<b>To:</b> Stocks, Paul<br>\r\n<b>Subject:</b> Re: Preserve parameter in Export-VM [PSHyperv:247570]</span></p>\r\n</div>\r\n</div>\r\n<p></p>\r\n<p><span style=\"font-size:9.0pt; font-family:\">From: jamesone</span></p>\r\n<div id=\"x_x_ThreadNotificationPostBody\" style=\"margin-bottom:24.0pt\">\r\n<p><span style=\"font-size:9.0pt; font-family:\">Is this happening on full server, Server-Core , or Hyper-V server ? I'll check this ASAP.</span></p>\r\n</div>\r\n</div>\r\n",
    "PostedDate": "2011-03-01T07:19:28.993-08:00",
    "UserRole": null,
    "MarkedAsAnswerDate": null
  },
  {
    "Id": "578587",
    "ThreadId": "247570",
    "Html": "<p>OK I've checked this properly now. The bad news is that this depends on the windows shell , hence the problem with&nbsp;&nbsp;$global:shellApp.NameSpace</p>\r\n<p>The workround would be&nbsp; as follows.</p>\r\n<p>If you search in the file VM.PS1 This line is the one which creates the zip file.</p>\r\n<p>&nbsp; Add-ZIPContent \"$path\\$($vm.elementname)\\importFiles.zip\" \"$path\\$($vm.elementname)\\config.xml\",\"$path\\$($vm.elementname)\\virtual machines\"</p>\r\n<p>You can replace it with whatever command line zip / rar / whatever format tool you choose.&nbsp; You'll probably need 2 commands, In the old days of Free command line PKZIP it would have been something like</p>\r\n<p>PKZIP.EXE&nbsp;&nbsp; \"$path\\$($vm.elementname)\\importFiles.zip\"&nbsp;&nbsp;&nbsp; -a \"$path\\$($vm.elementname)\\config.xml\"&nbsp;</p>\r\n<p>PKZIP.EXE&nbsp;&nbsp; \"$path\\$($vm.elementname)\\importFiles.zip\"&nbsp;&nbsp;&nbsp; -a \"\"$path\\$($vm.elementname)\\virtual machines\"</p>\r\n<p>Powershell will munge the bits inside the quotes and pass the executable a zip file name, the -a (add) switch and the File Path or Folder Path.</p>\r\n<p>There is a second line for backing up snapshot information</p>\r\n<p>if (Get-ChildItem \"$path\\$($vm.elementname)\\snapshots\") {Add-ZIPContent \"$path\\$($vm.elementname)\\importFiles.zip\" \"$path\\$($vm.elementname)\\snapshots\"}</p>\r\n<p>Again change Add-zipcontent to use your command line tool&nbsp; , the first parameter is the zip file name and the second is what is being added to it.</p>\r\n<p>Hope that helps</p>\r\n<p>James.</p>\r\n<p>&nbsp;</p>\r\n<p>&nbsp;</p>",
    "PostedDate": "2011-03-10T11:25:37.323-08:00",
    "UserRole": null,
    "MarkedAsAnswerDate": null
  }
]