[
  {
    "Id": "942255",
    "ThreadId": "403379",
    "Html": "\r\n<p>I have tried many variations of the command</p>\r\n<p>&nbsp;get-VMDiskController Test-PC SCSI Controller</p>\r\n<p>&nbsp;</p>\r\n<p>But Keep getting back</p>\r\n<p>Get-WmiObject : The RPC server is unavailable. (Exception from HRESULT: 0x800706BA)</p>\r\n<p>&nbsp;</p>\r\n<p>Could someone tell me if I am doing this correctly. Sorry I am new with PowerShell. But if someone could help me that would be great!</p>\r\n",
    "PostedDate": "2012-11-15T11:56:01.493-08:00",
    "UserRole": null,
    "MarkedAsAnswerDate": null
  }
]