[
  {
    "Id": "596185",
    "ThreadId": "253626",
    "Html": "\r\n<p>I am having trouble exporting a VM to a shared drive when I run the export-vm command from the server sharing the drive.&nbsp; The same command works when run from the server with the VM on it.&nbsp;&nbsp;&nbsp; I am using the command &quot;&#65279;&#65279;&#65279;export-vm VmName\r\n<a href=\"file://shareserver/Share\">\\\\ShareServer\\Share</a> VmServer -copystate -wait&quot;.&nbsp; When run from the ShareServer, I get a 'general access denied' error.&nbsp; Both servers are part of the same domain, and I am logged in as the domain admin when I\r\n run the commands.&nbsp; I would greatly appreciate any help.</p>\r\n<p>thanks,</p>\r\n<p>Steve</p>\r\n",
    "PostedDate": "2011-04-12T14:14:05.017-07:00",
    "UserRole": null,
    "MarkedAsAnswerDate": null
  },
  {
    "Id": "598667",
    "ThreadId": "253626",
    "Html": "<p>I thought I should add some more info to my post.&nbsp; The ShareServer is running WIndows HyperV Server 2008 R2.&nbsp; The VmServer is running Windows Server 2008 R2 Enterprize edition.&nbsp; Also, if I run the export-cm command and try to export the same VM to the C: drive of the VmServer it works without error.</p>\r\n<p>STEVE</p>",
    "PostedDate": "2011-04-17T08:34:37.323-07:00",
    "UserRole": null,
    "MarkedAsAnswerDate": null
  },
  {
    "Id": "603501",
    "ThreadId": "253626",
    "Html": "<p>Hello,</p>\r\n<p>&nbsp;</p>\r\n<p>Try to give a&nbsp;full access to the shared drive&nbsp;for the computer account.<br />fabrice</p>",
    "PostedDate": "2011-04-27T04:25:59.673-07:00",
    "UserRole": null,
    "MarkedAsAnswerDate": null
  },
  {
    "Id": "603569",
    "ThreadId": "253626",
    "Html": "<p>Hello Fabrice,</p>\r\n<p>I have verified both computer accounts do have full access.&nbsp; If you run the command from the VmServer to export to the ShareServer, it works.</p>\r\n<p>Steve</p>\r\n<p>&nbsp;</p>",
    "PostedDate": "2011-04-27T06:40:43.867-07:00",
    "UserRole": null,
    "MarkedAsAnswerDate": null
  },
  {
    "Id": "682995",
    "ThreadId": "253626",
    "Html": "<p>I don't understand, have you solve this trouble or not?</p>\r\n<p>I also have such kind of trouble, the difference is: I try to export VM from Hyper-V cluster (Windows Server 2008 R2) to remote share on Samba. Export job started from user, who have all rigths on this shared folder, but I can't write vhd-file from export.</p>\r\n<p>I think, if this cmdlet (Export-VM) has such parameter as -Credential (like Move-Item cmdlet), which transmit credentials, it will works.</p>",
    "PostedDate": "2011-10-12T01:11:24.413-07:00",
    "UserRole": null,
    "MarkedAsAnswerDate": null
  },
  {
    "Id": "683083",
    "ThreadId": "253626",
    "Html": "\r\n<div>\r\n<p><span style=\"font-size:11.0pt; font-family:\">My problem was I could not start an export to a share from the machine offering the share. I was able to get the export to a share to work from the machine with the VM. The trick is to give the server and the\r\n user permissions on the share. The Virtual PC Guy’s Blog has instructions on how to do this using windows. Maybe you can adapt them to Samba. The link is http://blogs.msdn.com/b/virtual_pc_guy/archive/2010/03/15/exporting-to-importing-from-a-network-share-hyper-v.aspx</span></p>\r\n<p><span style=\"font-size:11.0pt; font-family:\"></span></p>\r\n<p><span style=\"font-size:11.0pt; font-family:\">Steve</span></p>\r\n<p><span style=\"font-size:11.0pt; font-family:\"></span></p>\r\n<div>\r\n<div style=\"border:none; border-top:solid #B5C4DF 1.0pt; padding:3.0pt 0in 0in 0in\">\r\n<p><b><span style=\"font-size:10.0pt; font-family:\">From:</span></b><span style=\"font-size:10.0pt; font-family:\"> es5ape [email removed]\r\n<br>\r\n<b>Sent:</b> Wednesday, October 12, 2011 4:11 AM<br>\r\n<b>To:</b> seday@tds.net<br>\r\n<b>Subject:</b> Re: Export-VM to drive share [PSHyperv:253626]</span></p>\r\n</div>\r\n</div>\r\n<p></p>\r\n<p><span style=\"font-size:9.0pt; font-family:\">From: es5ape</span></p>\r\n<div id=\"ThreadNotificationPostBody\" style=\"margin-bottom:24.0pt\">\r\n<p><span style=\"font-size:9.0pt; font-family:\">I don't understand, have you solve this trouble or not?</span></p>\r\n<p><span style=\"font-size:9.0pt; font-family:\">I also have such kind of trouble, the difference is: I try to export VM from Hyper-V cluster (Windows Server 2008 R2) to remote share on Samba. Export job started from user, who have all rigths on this shared folder,\r\n but I can't write vhd-file from export.</span></p>\r\n<p><span style=\"font-size:9.0pt; font-family:\">I think, if this cmdlet (Export-VM) has such parameter as -Credential (like Move-Item cmdlet), which transmit credentials, it will works.</span></p>\r\n</div>\r\n</div>\r\n",
    "PostedDate": "2011-10-12T05:30:58.863-07:00",
    "UserRole": null,
    "MarkedAsAnswerDate": null
  },
  {
    "Id": "683154",
    "ThreadId": "253626",
    "Html": "<p>I have been read this instructions. The problem based on difference between access rights in Samba and NTFS. Those method is not for me :(</p>",
    "PostedDate": "2011-10-12T07:20:08.413-07:00",
    "UserRole": null,
    "MarkedAsAnswerDate": null
  }
]