[
  {
    "Id": "581734",
    "ThreadId": "250020",
    "Html": "\r\n<p>While Executing: <strong>Get-VM</strong></p>\r\n<p>If one of the VM names in the <strong>-VM </strong>parameter contains the characters &quot;[&quot; or &quot;]&quot; the nested command (in the VM.ps1 script) ...</p>\r\n<p><strong>Get-WmiObject -computername $Server -NameSpace $HyperVNamespace -Query $WQL | Add-Member -MemberType ALIASPROPERTY -Name &quot;VMElementName&quot; -Value &quot;ElementName&quot; -PassThru</strong></p>\r\n<p>...returns a NULL value.</p>\r\n<p>As a quick fix, I just added the following (right after the existing <strong>$Name = $Name.Replace(&quot;*&quot;,&quot;%&quot;)\r\n</strong>line 58):</p>\r\n<p>&nbsp;&nbsp;&nbsp;&nbsp;&nbsp;&nbsp;&nbsp;&nbsp;&nbsp;&nbsp;&nbsp; $Name = $Name.Replace(&quot;[&quot;,&quot;%&quot;)<br>\r\n&nbsp;&nbsp;&nbsp;&nbsp;&nbsp;&nbsp;&nbsp;&nbsp;&nbsp;&nbsp;&nbsp; $Name = $Name.Replace(&quot;]&quot;,&quot;%&quot;)</p>\r\n<p>I didn't want to have to ask the end user to change the name of their VMs, so I thought this would be the best way to handle this &quot;issue&quot; (I am not even sure it is an issue).</p>\r\n<p>Thoughts?</p>\r\n",
    "PostedDate": "2011-03-16T14:42:19.44-07:00",
    "UserRole": null,
    "MarkedAsAnswerDate": null
  },
  {
    "Id": "582928",
    "ThreadId": "250020",
    "Html": "<p>I don't think these are the only characters which can be put in a display name but vause a WQL query to break.&nbsp; I want to try to get a complete list before putting&nbsp; a fix in. I'm going to make this a work item so it doesn't slip of my to do list.</p>\r\n<p>&nbsp;</p>",
    "PostedDate": "2011-03-18T17:50:06.477-07:00",
    "UserRole": null,
    "MarkedAsAnswerDate": null
  },
  {
    "Id": "582929",
    "ThreadId": "250020",
    "Html": "This discussion has been copied to a work item. Click <a href=\"http://pshyperv.codeplex.com/workitem/8030\">here</a> to go to the work item and continue the discussion.",
    "PostedDate": "2011-03-18T17:50:36.783-07:00",
    "UserRole": null,
    "MarkedAsAnswerDate": null
  }
]