[
  {
    "Id": "621548",
    "ThreadId": "259822",
    "Html": "\r\n<p>While Executing: Get-VM</p>\r\n<p>NOTE: I may have an older version where this is not supported yet, but if a specific filter for &quot;Paused&quot; is desired, it is not available like $Running, $Suspended and $Stopped for this command.</p>\r\n<p>I needed this functionality because I wanted to quickly retrieve VMs that were in a&nbsp;$Suspended, $Stopped AND $Paused state. I could have filtered for &quot;Paused&quot; after the fact, but I saw how easy it was to use the switches for $Suspended and $Stopped\r\n so I wondered if it would be worth adding a $Paused switch.</p>\r\n<p>As a quick update for my purposes, I just added the following to the VM.ps1 file:</p>\r\n<p>To the State Parameter (around Line 50):</p>\r\n<p>&nbsp;&nbsp;&nbsp;&nbsp;&nbsp;&nbsp;&nbsp; [Switch]$Suspended, <br>\r\n&nbsp;&nbsp;&nbsp;&nbsp;&nbsp;&nbsp;&nbsp; [switch]$Running, <br>\r\n&nbsp;&nbsp;&nbsp;&nbsp;&nbsp;&nbsp;&nbsp; [switch]$Stopped, <br>\r\n&nbsp;&nbsp;&nbsp;&nbsp;&nbsp;&nbsp;&nbsp; [switch]$Paused<br>\r\n&nbsp;&nbsp;&nbsp; )</p>\r\n<p>To the If Statement starting around Line 64:</p>\r\n<p>&nbsp;&nbsp;&nbsp;&nbsp;&nbsp;&nbsp;&nbsp;&nbsp;&nbsp;&nbsp;&nbsp; if ($Running -or $Stopped -or $Suspended -or $Paused) {\r\n<br>\r\n&nbsp;&nbsp;&nbsp;&nbsp;&nbsp;&nbsp;&nbsp;&nbsp;&nbsp;&nbsp;&nbsp;&nbsp;&nbsp;&nbsp;&nbsp; $state = &quot;&quot;\r\n<br>\r\n&nbsp;&nbsp;&nbsp;&nbsp;&nbsp;&nbsp;&nbsp;&nbsp;&nbsp;&nbsp;&nbsp;&nbsp;&nbsp;&nbsp;&nbsp; if ($Running)&nbsp;&nbsp; {$State &#43;= &quot; or enabledState = &quot; &#43; [int][VMState]::Running&nbsp;&nbsp; }<br>\r\n&nbsp;&nbsp;&nbsp;&nbsp;&nbsp;&nbsp;&nbsp;&nbsp;&nbsp;&nbsp;&nbsp;&nbsp;&nbsp;&nbsp;&nbsp; if ($Stopped)&nbsp;&nbsp; {$State &#43;= &quot; or enabledState = &quot; &#43; [int][VMState]::Stopped&nbsp;&nbsp; }<br>\r\n&nbsp;&nbsp;&nbsp;&nbsp;&nbsp;&nbsp;&nbsp;&nbsp;&nbsp;&nbsp;&nbsp;&nbsp;&nbsp;&nbsp;&nbsp; if ($Suspended) {$State &#43;= &quot; or enabledState = &quot; &#43; [int][VMState]::Suspended }<br>\r\n&nbsp;&nbsp;&nbsp;&nbsp;&nbsp;&nbsp;&nbsp;&nbsp;&nbsp;&nbsp;&nbsp;&nbsp;&nbsp;&nbsp;&nbsp; if ($Paused)&nbsp;&nbsp;&nbsp; {$State &#43;= &quot; or enabledState = &quot; &#43; [int][VMState]::Paused }<br>\r\n&nbsp;&nbsp;&nbsp;&nbsp;&nbsp;&nbsp;&nbsp;&nbsp;&nbsp;&nbsp;&nbsp;&nbsp;&nbsp;&nbsp;&nbsp; $state = $state.substring(4)&nbsp;\r\n<br>\r\n&nbsp;&nbsp;&nbsp;&nbsp;&nbsp;&nbsp;&nbsp;&nbsp;&nbsp;&nbsp;&nbsp;&nbsp;&nbsp;&nbsp;&nbsp; $WQL &#43;= &quot; AND ($state)&quot;\r\n<br>\r\n&nbsp;&nbsp;&nbsp;&nbsp;&nbsp;&nbsp;&nbsp;&nbsp;&nbsp;&nbsp;&nbsp; }</p>\r\n<p>This way, the &quot;Paused&quot; state can be baked right into $WQL.</p>\r\n<p>Thoughts?</p>\r\n",
    "PostedDate": "2011-06-01T11:13:01.523-07:00",
    "UserRole": null,
    "MarkedAsAnswerDate": null
  }
]