[
  {
    "Id": "576709",
    "ThreadId": "248739",
    "Html": "\r\n<p>Dear Sir,<br>\r\n<br>\r\nI have two Windows Server 2008 R2 Hyper-V Servers with SP1.<br>\r\nI need to ensure that I can restore virtual machines (VMs) in the event of a Hardware failure.<br>\r\nI am using one server at the moment and the second one is standby in case of failure.<br>\r\n<br>\r\nThe answer is:<br>\r\nUse a PowerShell script to shut down, export, and start each VM, and then to copy the export to the opposite 2nd Hyper-V server. Run the script once per day on each Hyper-V Server...<br>\r\n<br>\r\nMy question is:<br>\r\nCould someone please help me to create above script under powershell on my current online Hyper-V Server to shut down, export, and start each VM, and then to copy the export to the opposite 2nd Hyper-V server?<br>\r\nThen I will add the script to Task Scheduler to run once per day after working hours.<br>\r\n<br>\r\nI never worked before to create powershell scripts...&nbsp;<br>\r\nI need the full syntax.<br>\r\n<br>\r\nThank You.</p>\r\n",
    "PostedDate": "2011-03-07T08:51:26.39-08:00",
    "UserRole": null,
    "MarkedAsAnswerDate": null
  },
  {
    "Id": "754711",
    "ThreadId": "248739",
    "Html": "<p>I wrote a script for this you may be interested in. You can find it here: ﻿﻿﻿﻿﻿﻿﻿﻿<a href=\"http://www.czerno.com/html/windows/hyperv/cluster/HyperV_Export_VMs.asp\" target=\"_blank\">http://www.czerno.com/html/windows/hyperv/cluster/HyperV_Export_VMs.asp</a></p>",
    "PostedDate": "2012-02-10T15:07:53.497-08:00",
    "UserRole": null,
    "MarkedAsAnswerDate": null
  },
  {
    "Id": "757213",
    "ThreadId": "248739",
    "Html": "<p>Look previous post</p>\r\n<p>http://pshyperv.codeplex.com/discussions/272206</p>\r\n<p>and schedule copy ;)</p>",
    "PostedDate": "2012-02-11T09:17:42.417-08:00",
    "UserRole": null,
    "MarkedAsAnswerDate": null
  }
]