[
  {
    "Id": "258086",
    "ThreadId": "75409",
    "Html": "<p>Hi, I have installed the pshyperv in my HyperV Server 2008 r2. And I log in as administrator.</p>\r\n<p>When I tried to use SetVMDisk to attach the host dvd drive in my vm &quot;abc&quot;, I got the following errors:</p>\r\n<p>PS C:\\Users\\Administrator&gt; Set-VMDisk abc 1 1 (Get-WmiObject -Query &quot;Select * Fr<br>om win32_cdromdrive Where ID='D:' &quot; ).deviceID<br><br>Test-wmiResult : Failed to add Hard Disk Image to abc, return code'abc' failed<br>to add resources. (Virtual machine ID 006423F0-A592-4A85-86D2-FFA058C2944A)<br>'abc' failed to set folder permission for IDE\\CDROMATAPI_IHAS120___6___________<br>____________7L0M____: The system cannot find the path specified. (0x80070003) (<br>Virtual machine ID 006423F0-A592-4A85-86D2-FFA058C2944A).<br>At C:\\Program Files\\modules\\HyperV\\VMConfig.ps1:56 char:43<br>+&nbsp;&nbsp;&nbsp;&nbsp;&nbsp;&nbsp;&nbsp;&nbsp;&nbsp;&nbsp;&nbsp;&nbsp; if ( ($result | Test-wmiResult &lt;&lt;&lt;&lt;&nbsp; -wait:$wait -JobWaitText ($l<br>str_CreateHW -f $Rasd.ElementName)`<br>&nbsp;&nbsp;&nbsp; + CategoryInfo&nbsp;&nbsp;&nbsp;&nbsp;&nbsp;&nbsp;&nbsp;&nbsp;&nbsp; : NotSpecified: (:) [Write-Error], WriteErrorExcep<br>&nbsp;&nbsp; tion<br>&nbsp;&nbsp;&nbsp; + FullyQualifiedErrorId : Microsoft.PowerShell.Commands.WriteErrorExceptio<br>&nbsp;&nbsp; n,Test-wmiResult<br><br>PS C:\\Users\\Administrator&gt;</p>\r\n<p>&nbsp;</p>\r\n<p>Can anyone help?</p>",
    "PostedDate": "2009-11-17T17:42:38.773-08:00",
    "UserRole": null,
    "MarkedAsAnswerDate": null
  },
  {
    "Id": "260234",
    "ThreadId": "75409",
    "Html": "<p>Failed to add Hard Disk Image to abc,</p>\r\n<p>Is the giveaway. I'll double check for a bug in set-vmdisk but in the meantime can you check that the drive is a virtual DVD drive not a virtual hard disk.</p>\r\n<p>&nbsp;</p>",
    "PostedDate": "2009-11-24T07:36:56.33-08:00",
    "UserRole": null,
    "MarkedAsAnswerDate": null
  }
]