[
  {
    "Id": "619836",
    "ThreadId": "259392",
    "Html": "\r\n<p>Hello,</p>\r\n<p>I'm trying to create and start a new VM but my VM starts up with the network disconnected. Add-VMNIC adds a network adapter but I don't no how to set this to use the host's local area nework. It looks like Set-VMNICConnection might be the one but it gives\r\n me not found:</p>\r\n<p>The term 'set-vmnicconnection' is not recognized as the name of a cmdlet, function, script file, or operable program. C<br>\r\nheck the spelling of the name, or if a path was included, verify that the path is correct and try again.<br>\r\nAt line:1 char:20<br>\r\n&#43; set-vmnicconnection &lt;&lt;&lt;&lt;<br>\r\n&nbsp;&nbsp;&nbsp; &#43; CategoryInfo&nbsp;&nbsp;&nbsp;&nbsp;&nbsp;&nbsp;&nbsp;&nbsp;&nbsp; : ObjectNotFound: (set-vmnicconnection:String) [], CommandNotFoundException<br>\r\n&nbsp;&nbsp;&nbsp; &#43; FullyQualifiedErrorId : CommandNotFoundException</p>\r\n<p>Any suggestions?</p>\r\n<p>Thanks</p>\r\n<p>Guy</p>\r\n",
    "PostedDate": "2011-05-28T14:10:39.72-07:00",
    "UserRole": null,
    "MarkedAsAnswerDate": null
  },
  {
    "Id": "620909",
    "ThreadId": "259392",
    "Html": "<p>My problem of how to use the host's network switch is solved, I was using the wrong virtual switch name when I called Add-VMNic.</p>",
    "PostedDate": "2011-05-31T10:08:19.307-07:00",
    "UserRole": null,
    "MarkedAsAnswerDate": null
  }
]