[
  {
    "Id": "202459",
    "ThreadId": "59800",
    "Html": "<p>I am trying to script the creation of a new Hyper-V VM &amp; attaching it to an existing .vhd file.</p>\r\n<p>I am using Double-take software to replicate the Hyper-V VM to a remote site&nbsp;via a stretch VLAN&nbsp;&amp; I am able to script the creation of the VM &amp; connection to the replicated .vhd file.&nbsp;&nbsp;&nbsp; All good.</p>\r\n<p>However when I use the Add-VMNIC command to add a NIC to the new VM, a unique GUID is always used.&nbsp;&nbsp; I need to be able to specify the same GUID as was used on the original VM, in order to bring up the identical network configuration.</p>\r\n<p>The Add-VMNIC command is supposed to support a GUID switch.&nbsp; Does anybody know how to use this switch?</p>\r\n<p>Many thanks in advance..</p>",
    "PostedDate": "2009-06-17T05:46:03.023-07:00",
    "UserRole": null,
    "MarkedAsAnswerDate": null
  },
  {
    "Id": "215835",
    "ThreadId": "59800",
    "Html": "<p>The syntax for add-vmnic includes -guid just put -guid&nbsp; {your guid} and you're in business. It creates a new guid if none is specified.</p>",
    "PostedDate": "2009-07-24T12:35:35.14-07:00",
    "UserRole": null,
    "MarkedAsAnswerDate": null
  }
]