[
  {
    "Id": "436278",
    "ThreadId": "210790",
    "Html": "<p>I try to use the Import-VM but I keep on getting errors or some output without that my virtual machines show up in the UI of Hyper-V R2.</p>\r\n<p>What I want to do is rather simple: Instead of using the UI for IMPORTING virtual machines (which have been exported earlier), I'd like to use Import-VM with an option to create a COPY and DUPLICATE, as the UI allows me to select.</p>\r\n<p>Anyway I am a bit irritated that I need to point to one or multiple VHD files, instead of the config.xml file, as the UI requires. <br>So I created an array of my .VHD files via $a = &quot;path\\vhd1&quot;, &quot;path\\vhd2&quot;</p>\r\n<p>Is it possible to use Import-VM instead of the UI for importing VMs as copies and duplicates or do I need to look for something else?</p>\r\n<p>Thank you in advance.</p>",
    "PostedDate": "2010-04-27T20:17:56.5-07:00",
    "UserRole": null,
    "MarkedAsAnswerDate": null
  },
  {
    "Id": "589563",
    "ThreadId": "210790",
    "Html": "<p>HELP!!!!&nbsp; I to am having an issue with Import-VM and cannot find any examples.&nbsp; I am trying to import a VM located on an external USB Drive, and when I use the code to grab the .vhd files for import-vm, import-vm assumes that is where the configuration information is, but it is&nbsp; in the directory above.&nbsp; How do I change the directory once I have given Import-VM the path to the .vhd files?&nbsp; If I try to enter another -paths statement, it chokes.</p>",
    "PostedDate": "2011-03-31T08:07:38.99-07:00",
    "UserRole": null,
    "MarkedAsAnswerDate": null
  },
  {
    "Id": "631294",
    "ThreadId": "210790",
    "Html": "<p>BUMP!</p>\r\n<p>&nbsp;</p>\r\n<p>Not a single example of Import-VM on the net? Anyone help here?</p>",
    "PostedDate": "2011-06-22T11:11:02.777-07:00",
    "UserRole": null,
    "MarkedAsAnswerDate": null
  },
  {
    "Id": "651870",
    "ThreadId": "210790",
    "Html": "<p>I just found these modules, but I beleive based on what I read in the minimal documentation of import-vm that this function should be upgraded to work with R2. They mention zip files and the like, and i don't think those are created under Hyper-V R2. I just did a quick search in the template tree i created and there are no zip files to be found.</p>\r\n<p>The link from get-help import-vm -online (<a href=\"http://msdn.microsoft.com/en-us/library/cc136798(VS.85).aspx\">http://msdn.microsoft.com/en-us/library/cc136798(VS.85).aspx</a>) states that this method is deprecated in favor of a new method (<a href=\"http://msdn.microsoft.com/en-us/library/dd379583(v=VS.85).aspx\">http://msdn.microsoft.com/en-us/library/dd379583(v=VS.85).aspx</a>)</p>\r\n<p>I haven't checked but if nobody has posted a ticket regarding this, i'll toss one in there.</p>\r\n<p>Thanks,</p>",
    "PostedDate": "2011-08-03T10:14:28.67-07:00",
    "UserRole": null,
    "MarkedAsAnswerDate": null
  }
]