[
  {
    "Id": "223781",
    "ThreadId": "65773",
    "Html": "<p>&nbsp;&nbsp;&nbsp; Hello, dear group members, I just begin to work with powershell and hyper-V. Thanks for the very useful library, and here is my question.<br>&nbsp;&nbsp;&nbsp; My leader want me to add some physical hard disks to the VM SCSI Controller (there are 36 extra hard disks in all), and I am caught by the problem.<br>&nbsp; I can add SCSI controller by function Add-VMSCSIController, add SCSI drive by function Add-VMDRIVE, but how can I add a physical hard disk other than a VHD or a ISO to the VM, like the hyper-V Manager do.<br>&nbsp; By the way, I have tried to pass the DeviceID like &quot;<a>\\\\.\\PHYSICALDRIVE13</a>&quot; as the VHDPATH parameter, but it doesn't work. Could any one please teach me how to deal with this problem, can I still use the original Add-VMDISK function or must add some other code?<br>&nbsp; Thanks very much for your warmly help!!!</p>",
    "PostedDate": "2009-08-15T00:01:38.743-07:00",
    "UserRole": null,
    "MarkedAsAnswerDate": null
  },
  {
    "Id": "223785",
    "ThreadId": "65773",
    "Html": "<p>PS. I heard Jamesone had written a seperate add passthru function, would you please send the function to me in reply or to my mail <a href=\"mailto:53524616@163.com\">53524616@163.com</a>.</p>\r\n<p>&nbsp;&nbsp;&nbsp;&nbsp;&nbsp;&nbsp;&nbsp;&nbsp;&nbsp;&nbsp;&nbsp;&nbsp;&nbsp;&nbsp;&nbsp;&nbsp;&nbsp; Thanks very much for your assistance!!!</p>",
    "PostedDate": "2009-08-15T00:47:04.68-07:00",
    "UserRole": null,
    "MarkedAsAnswerDate": null
  },
  {
    "Id": "230765",
    "ThreadId": "65773",
    "Html": "<p>It's in the 1.0c release which will go live later today</p>",
    "PostedDate": "2009-09-03T10:28:31.223-07:00",
    "UserRole": null,
    "MarkedAsAnswerDate": null
  }
]