[
  {
    "Id": "593916",
    "ThreadId": "253058",
    "Html": "\r\n<p>Hi ,</p>\r\n<p>&nbsp;&nbsp;&nbsp;&nbsp;&nbsp; Any particular reasons why such libraries are not part of an official Windows/HyperV release ? This would really help in projects which require official support to use them. Presently , we can only use the limited Powershell\r\n commands available with HyperV , right ?? I am new to HyperV and Powershell and any help would be appreciated. Thanks.</p>\r\n",
    "PostedDate": "2011-04-07T21:19:31.817-07:00",
    "UserRole": null,
    "MarkedAsAnswerDate": null
  },
  {
    "Id": "606775",
    "ThreadId": "253058",
    "Html": "<p>This is not a question for this project.&nbsp; Microsoft simply did not include any such libraries with Server 2008 or Server 2008 R2.&nbsp; For full official PowerShell support today, you need to look at System Center Virtual Machine Manager.</p>\r\n<p>I'm not sure what you mean by \"we can only use the limited PowerShell commands available in HyperV\".</p>",
    "PostedDate": "2011-05-03T17:31:38.36-07:00",
    "UserRole": null,
    "MarkedAsAnswerDate": null
  }
]