[
  {
    "Id": "590108",
    "ThreadId": "252120",
    "Html": "<p>&nbsp;</p>\n<p><span style=\"font-family: 'Segoe UI','sans-serif'; color: black; font-size: 10pt;\">Hi</span></p>\n<p><span style=\"font-family: 'Segoe UI','sans-serif'; color: black; font-size: 10pt;\">forgive me if i am missing something obvious, this is my first attempt at powershell scripting. i have the following script to shutdown a vm, export and then start the machine backup.</span></p>\n<p><span style=\"font-family: 'Segoe UI','sans-serif'; color: black; font-size: 10pt;\">Import-Module \"c:\\Program Files\\modules\\Hyperv\"</span></p>\n<p><span style=\"font-family: 'Segoe UI','sans-serif'; color: black; font-size: 10pt;\"><br />Get-VM -server server1 -vm vm1 | invoke-vmshutdown -force</span></p>\n<p><span style=\"font-family: 'Segoe UI','sans-serif'; color: black; font-size: 10pt;\">Export-VM -VM vm1 -Path \"c:\\temp\\vm1\" -CopyState -wait</span></p>\n<p><span style=\"font-family: 'Segoe UI','sans-serif'; color: black; font-size: 10pt;\">Get-VM -server server1 -vm vm1 | Start-VM</span></p>\n<p><span style=\"font-family: 'Segoe UI','sans-serif'; color: black; font-size: 10pt;\">the script shuts down the virtual machine and creates the export correctly but doesn't start the machine backup. there are no errors and the script seems to pause at \"Get-VM -server server1 -vm vm1 | Start-VM\" if i hit the enter key the script continues and the machine starts up.</span></p>\n<p><span style=\"font-family: 'Segoe UI','sans-serif'; color: black; font-size: 10pt;\">I need the script to continue automatically as i intend to schedule this to run overnight. </span></p>\n<p><span style=\"font-family: 'Segoe UI','sans-serif'; color: black; font-size: 10pt;\">any help would be greatly appreciated </span></p>",
    "PostedDate": "2011-04-01T03:45:19.69-07:00",
    "UserRole": null,
    "MarkedAsAnswerDate": null
  }
]