[
  {
    "Id": "428808",
    "ThreadId": "208704",
    "Html": "<p>Hi,</p>\r\n<p>I'm looking for a command that would list me all the vm in a particular Hyper parent.</p>\r\n<p>And these vm(s) should not be located in the local disk (c:) or where Hyperv parent is installed.</p>\r\n<p>Can someone help me please.</p>\r\n<p>Thanks in advance!</p>\r\n<p>-Prasad</p>\r\n<p>&nbsp;</p>",
    "PostedDate": "2010-04-08T07:30:47.303-07:00",
    "UserRole": null,
    "MarkedAsAnswerDate": null
  }
]