[
  {
    "Id": "570883",
    "ThreadId": "247258",
    "Html": "\r\n<p>Hello,</p>\r\n<p>I am fairly new to hyper-v and specifically this library for command line access to management.&nbsp; I have a Windows 2008 R2 Core installation and we don't have Microsoft System Center to manage via the GUI.&nbsp; I have the hyper-v library installed for\r\n powershell and have created a new VM, assigned memory and nic to it and now need to attach a VHD file that I created from the utility disk2VHD.&nbsp; I'm a bit confused by the documentation on the steps necessary to accomplish this.</p>\r\n<p>My vhd is on the local core server in:&nbsp; v:\\virtual machines\\servername\\serveranme\\servername.vhd</p>\r\n<p>It was made from a physical server that had a c: and e: drive, both are in the VHD.</p>\r\n<p>I would like to attach it to my newly created VM and boot the VM...</p>\r\n<p>Can you point me in the right direction or provide an example?</p>\r\n<p>thanks</p>\r\n<p>Stan</p>\r\n",
    "PostedDate": "2011-02-23T09:17:52.457-08:00",
    "UserRole": null,
    "MarkedAsAnswerDate": null
  },
  {
    "Id": "573594",
    "ThreadId": "247258",
    "Html": "<p>Add-VMdisk -vm \"yourVMname\" -path \"v:\\virtual machines\\servername\\serveranme\\servername.vhd\"</p>\r\n<p>Should do it.</p>",
    "PostedDate": "2011-02-28T16:55:42.473-08:00",
    "UserRole": null,
    "MarkedAsAnswerDate": null
  }
]