[
  {
    "Id": "626878",
    "ThreadId": "261181",
    "Html": "\r\n<p>How do I use the PowerShell Management Library for Hyper-V to eject or unmount an ISO file from the virtual machine's DVD drive?</p>\r\n",
    "PostedDate": "2011-06-13T06:25:40.407-07:00",
    "UserRole": null,
    "MarkedAsAnswerDate": null
  },
  {
    "Id": "644816",
    "ThreadId": "261181",
    "Html": "<p>get-vm -running | get-vmdisk | where {$_.diskpath -eq \"D:\\temp\\temp.iso\" } | foreach {remove-vmDrive -diskonly -vm $_.vmelementName&nbsp; $_.controllerId -L $_.driveLun}</p>",
    "PostedDate": "2011-07-20T00:22:00.067-07:00",
    "UserRole": null,
    "MarkedAsAnswerDate": null
  }
]