[
  {
    "Id": "831962",
    "ThreadId": "354484",
    "Html": "\r\n<p>Greetings,</p>\r\n<p>&nbsp;&nbsp; I found the following snippet which works great:</p>\r\n<p>new-vm $SRV1 -path $VMLoc<br>\r\nnew-vhd -vhdpaths $VMLoc\\$SRV1 -size $SRV1VHD<br>\r\nadd-vmdisk -vm $SRV1 -controllerid 0 -lun 0 -path $VMLoc\\$SRV1<br>\r\nget-vm $SRV1 | add-vmdrive -controllerid 1 -lun 0 -dvd<br>\r\nget-vm $SRV1 | set-vmmemory -memory $SRAM<br>\r\nget-vm $SRV1 | add-vmnic -virtualswitch $Network1</p>\r\n<p>&nbsp;</p>\r\n<p>The only thing is that I need to set the option &quot;Install an operating system from a network-based server&quot;. How do I do that please?</p>\r\n<p>Thanks</p>\r\n<p>David Z</p>\r\n",
    "PostedDate": "2012-05-03T18:37:44.147-07:00",
    "UserRole": null,
    "MarkedAsAnswerDate": null
  },
  {
    "Id": "831969",
    "ThreadId": "354484",
    "Html": "<p>Found the answer...I also had to modify the last line above to make it legacy. My last two lines are now:</p>\r\n<p>get-vm $SRV1 | add-vmnic -virtualswitch $Network1 -legacy<br />set-vm $SRV1 -bootorder 3,1,2,0</p>\r\n<p>the numbers on the boot order can be found by searching MSDN for the<a title=\"Msvm_VirtualSystemSettingData\" href=\"http://msdn.microsoft.com/en-us/library/cc136944%28v=vs.85%29.aspx\"> Msvm_VirtualSystemSettingData</a> class</p>\r\n<p>Hope this helps someone one day!</p>\r\n<p>&nbsp;</p>\r\n<p>Cheers</p>\r\n<p>David Z</p>",
    "PostedDate": "2012-05-03T19:16:00.557-07:00",
    "UserRole": null,
    "MarkedAsAnswerDate": null
  }
]