[
  {
    "Id": "809759",
    "ThreadId": "348456",
    "Html": "\r\n<p>Hello,</p>\r\n<p>I'm trying to export a VM using &quot;Export-VM -VM mdc-dc03 -Path c:\\temp -CopyState -Force&quot;.</p>\r\n<p>When I start PowerShell with admin privilege, I get this error:</p>\r\n<p>Test-WMIResult : Attempt to export MDC-DC03 to c:\\temp failed. InvalidStateForOperationAt C:\\temp\\HyperV\\VM.ps1:28 char:113&#43; &nbsp; &nbsp; &nbsp; &nbsp; &nbsp; &nbsp; &nbsp; &nbsp; if ( ($VSMgtSvc.ExportVirtualSystem($VM.__path,($CopyState.Ispresent),$path)\r\n &nbsp; &nbsp;| Test-wmiResult &lt;&nbsp; -wait:($wait -or $preserve) -JobWaitText ($lstr_ExportOfVm -f $vm.elementName)`&nbsp; &nbsp; &#43; CategoryInfo &nbsp; &nbsp; &nbsp; &nbsp; &nbsp;: NotSpecified: (:) [Write-Error], WriteErrorException&nbsp; &nbsp; &#43; FullyQualifiedErrorId\r\n : Microsoft.PowerShell.Commands.WriteErrorException,Test-WMIResult</p>\r\n<p>&nbsp;</p>\r\n<p>If I start Powershell with no privilege, nothing happens (no error but no action).</p>\r\n<p>Any idea?</p>\r\n",
    "PostedDate": "2012-03-13T10:43:17.397-07:00",
    "UserRole": null,
    "MarkedAsAnswerDate": null
  },
  {
    "Id": "811686",
    "ThreadId": "348456",
    "Html": "<p>First question:&nbsp; Was the VM in a stopped state?&nbsp;</p>\r\n<p>Test-WMIResult : Attempt to export MDC-DC03 to c:\\temp failed. <span style=\"color: #0000ff;\">InvalidStateForOperationAt</span> C:\\temp\\HyperV\\VM.ps1:28</p>",
    "PostedDate": "2012-03-16T15:46:04.943-07:00",
    "UserRole": null,
    "MarkedAsAnswerDate": null
  },
  {
    "Id": "812503",
    "ThreadId": "348456",
    "Html": "<p>No. I tested with stopped VM and it works.&nbsp;</p>\r\n<p>So, is there any way to export/backup a running VM?</p>",
    "PostedDate": "2012-03-19T06:59:31.993-07:00",
    "UserRole": null,
    "MarkedAsAnswerDate": null
  },
  {
    "Id": "813101",
    "ThreadId": "348456",
    "Html": "<p>No, export can only be performed on a stopped VM.&nbsp; Back is a different issue.&nbsp; You can use a variety of backup tools at the OS level or, if the backup tool supports VSS, at the host level.</p>\r\n<p>&nbsp;</p>",
    "PostedDate": "2012-03-20T10:16:28.72-07:00",
    "UserRole": null,
    "MarkedAsAnswerDate": null
  }
]