[
  {
    "Id": "674484",
    "ThreadId": "273263",
    "Html": "\r\n<p>Great module!</p>\r\n<p>I got errors running Get-VhdDefaultPath even as an admin when running under reduced permissions (from a non-admin prompt, for instance) until I added the -EnableAllPrivileges parameter to the Get-WmiObject call.</p>\r\n<p>Function Get<span style=\"color:gray\">-</span>VhdDefaultPath<br>\r\n{<span style=\"color:green\"># .ExternalHelp&nbsp; MAML-VMDisk.XML</span><br>\r\n&nbsp;&nbsp;&nbsp; <span style=\"color:blue\">param</span> (<span style=\"color:gray\">[</span><span style=\"color:teal\">ValidateNotNullOrEmpty()</span><span style=\"color:gray\">]</span><br>\r\n&nbsp;&nbsp;&nbsp;&nbsp;&nbsp;&nbsp;&nbsp;&nbsp;&nbsp;&nbsp; <span style=\"color:gray\">\r\n[</span><span style=\"color:teal\">String</span><span style=\"color:gray\">]</span><span style=\"color:orangered\">$Server</span><span style=\"color:gray\">=</span><span style=\"color:#a31515\">&quot;.&quot;</span>)&nbsp;&nbsp;&nbsp;\r\n<span style=\"color:green\">#Only work with images on one server&nbsp; </span><br>\r\n&nbsp;&nbsp;&nbsp; (Get<span style=\"color:gray\">-</span>WmiObject <span style=\"color:gray\">\r\n-</span>EnableAllPrivileges <span style=\"color:gray\">-</span>computerName <span style=\"color:orangered\">\r\n$server</span> <span style=\"color:gray\">-</span>NameSpace <span style=\"color:orangered\">\r\n$HyperVNamespace</span> <span style=\"color:gray\">-</span>Class <span style=\"color:#a31515\">\r\n&quot;MsVM_VirtualSystemManagementServiceSettingData&quot;</span>).DefaultVirtualHardDiskPath\r\n<span style=\"color:gray\">-replace</span> <span style=\"color:#a31515\">&quot;\\\\$&quot;</span>,<span style=\"color:#a31515\">&quot;&quot;</span><br>\r\n}</p>\r\n<div style=\"color:black; background-color:white\">\r\n<pre>Cheers,</pre>\r\n<pre>&nbsp;</pre>\r\n<pre>Rob.</pre>\r\n</div>\r\n",
    "PostedDate": "2011-09-20T18:04:04.383-07:00",
    "UserRole": null,
    "MarkedAsAnswerDate": null
  },
  {
    "Id": "674487",
    "ThreadId": "273263",
    "Html": "<p>Apparently that was not the problem.&nbsp; I am broken again from a non-elevated context.</p>\r\n<p>Rob.</p>",
    "PostedDate": "2011-09-20T18:10:58.69-07:00",
    "UserRole": null,
    "MarkedAsAnswerDate": null
  },
  {
    "Id": "674490",
    "ThreadId": "273263",
    "Html": "<p>Somehow I had a bad module load state in my script context and correct application of Import-Module -Force cleared it up.</p>\r\n<p>Sorry for the false alarm!</p>\r\n<p>Rob.</p>",
    "PostedDate": "2011-09-20T18:24:46.087-07:00",
    "UserRole": null,
    "MarkedAsAnswerDate": null
  }
]