[
  {
    "Id": "99666",
    "ThreadId": "29907",
    "Html": "Thanks for posting the scripts. Can we get a text listing of all the tasks you can accomplish with the scripts paired with script name? A &quot;table of contents&quot;? Thanks in advance.\r\n",
    "PostedDate": "2008-06-18T18:45:00.293-07:00",
    "UserRole": null,
    "MarkedAsAnswerDate": null
  },
  {
    "Id": "100549",
    "ThreadId": "29907",
    "Html": "It's one script with a collection of functions, so&nbsp;that side is easy :-) I have a word document which contains roughly this info - function name, parameters, examples. and I'll post that with the next turn of the code.\r\n",
    "PostedDate": "2008-06-24T07:22:23.113-07:00",
    "UserRole": null,
    "MarkedAsAnswerDate": null
  },
  {
    "Id": "100568",
    "ThreadId": "29907",
    "Html": "Excellent! Thanks.\r\n",
    "PostedDate": "2008-06-24T08:11:29.673-07:00",
    "UserRole": null,
    "MarkedAsAnswerDate": null
  }
]