[
  {
    "Id": "593410",
    "ThreadId": "252927",
    "Html": "\r\n<p>Hi All ,</p>\r\n<p>&nbsp;&nbsp;&nbsp;&nbsp;&nbsp;&nbsp;&nbsp;&nbsp;&nbsp;&nbsp;&nbsp;&nbsp;&nbsp; I wanted to know if there is a Powershell script which deploys a VM from library server onto a host , but still keeps a copy in the library server. &quot;Move-VM&quot; would move it and\r\n I dont think cloning (&quot;New-VM&quot;) is possible on a VM in a library server ?? Any ideas ? My basic aim is to create a copy of a VM (residing on a host) onto a library server (which I can achieve by cloning on library server) and later re-deploying on the host\r\n (delete the old VM if it exists and deploy the one from the library server) , but still keep a copy of it on the library server.</p>\r\n<p>The only way I can think of is deploying onto the host and again cloning onto the library server</p>\r\n",
    "PostedDate": "2011-04-07T04:03:34.29-07:00",
    "UserRole": null,
    "MarkedAsAnswerDate": null
  }
]