[
  {
    "Id": "730050",
    "ThreadId": "287254",
    "Html": "\r\n<p>hi friends</p>\r\n<p>it is 3 days that i'm trying hard to make on 1 line powershell code , but that's making me crazy !!</p>\r\n<p>i need a code that Creates a differencing VHD for Virtual machine but the VHD always is created as&nbsp;<span>Dynamically Expanding</span>&nbsp;( and not differencing ) ( that's make me mad !)</p>\r\n<p>here is my syntax :</p>\r\n<p>&nbsp;</p>\r\n<p>$vm = &quot;MyVM&quot;</p>\r\n<p>$VmAndVhdPath = &quot;D:\\MyFolder1\\$vm&quot;</p>\r\n<p>new-vm -name $vm -path &nbsp;$vmAndVhdpath</p>\r\n<p><span>Add-VMNewHardDisk -VM $VM -controllerID 0 -lun 0 -parentvhd &quot;D:\\MyFolder2\\win2008-diff.vhd&quot; -VHDpath &quot;$vmAndVhdpath\\$vm.vhd&quot; -force</span></p>\r\n<p>command makes the VHD but from type of&nbsp;<span>Dynamically Expanding</span>&nbsp;( and not differencing ) &nbsp;:-( &nbsp; :-(</p>\r\n<p>exponentially Grateful to someone who help me</p>\r\n<p>thanks in advance</p>\r\n<p>&nbsp;</p>\r\n<p>&nbsp;</p>\r\n",
    "PostedDate": "2012-01-24T10:14:28.59-08:00",
    "UserRole": null,
    "MarkedAsAnswerDate": null
  }
]