[
  {
    "Id": "415390",
    "ThreadId": "204162",
    "Html": "<p>Hi all,</p>\r\n<p>&nbsp;</p>\r\n<p>I'm currently encountering a problem with Network on HyperV.</p>\r\n<p>I've created a switch port, but the network card created doesn't appear with the friendlyname (specified in the command line) until a reload.</p>\r\n<p>&nbsp;</p>\r\n<p>I need this information to get&nbsp; the IP Address affected to this card.</p>\r\n<p>&nbsp;</p>\r\n<p>Where can I find the information (IP Adress and FriendlyName) and the association ?</p>\r\n<p>&nbsp;</p>\r\n<p>Thanks</p>\r\n<p>Sorry for my poor English .. I'm french ^^</p>",
    "PostedDate": "2010-03-08T03:21:24.103-08:00",
    "UserRole": null,
    "MarkedAsAnswerDate": null
  }
]