[
  {
    "Id": "530736",
    "ThreadId": "237053",
    "Html": "\r\n<p>Hi,</p>\r\n<p>Is there anyone who know how to import the module in all sessions?</p>\r\n<p>I think that something has to be done in relationship to profile.ps1 (in Examples folder), but I do not understand how to make this issue working.</p>\r\n<p>I need to use Hyper-V module by default, without specifying all the times &quot;powershell -noExit -Command &quot;&amp; &quot;Import-Module '%ProgramFiles%\\modules\\Hyperv' &quot;&quot; &nbsp;</p>\r\n<p>Thanks in advance</p>\r\n",
    "PostedDate": "2010-12-03T08:53:52.257-08:00",
    "UserRole": null,
    "MarkedAsAnswerDate": null
  }
]