[
  {
    "Id": "270917",
    "ThreadId": "79117",
    "Html": "<p>I ran Install.cmd through Remote Desktop Connection at Hyper-V Server 2008 R2.<br><br>After the copying the files at HyperV_Install, the registry file, PS_Console.REG, was failed&nbsp; to run with the following 2 errors:<br><br>Registry Editor<br>Cannot import C:\\HyerV\\install.cmd: The specified file is not a registry script.<br>You can only import binary registry files from within the registry editor.<br><br>Registry Editor<br>Cannot import \\..\\PS_Console.REG: Error opening the file.&nbsp; There may be a disk or file system error.<br><br>Then, I closed the PowerShell Configurator and the installation script and I ran this registry file for importing.&nbsp; It showed success.<br><br>Finally, I could run VM from this PowerShell window.&nbsp; However, whenever I quit and launch PowerShell again, I need to type 'import-module hyperv.psd1', in order to run VM.<br><br>Please advise what I have missed.&nbsp; Thanks!</p>",
    "PostedDate": "2009-12-26T21:46:26.273-08:00",
    "UserRole": null,
    "MarkedAsAnswerDate": null
  },
  {
    "Id": "274853",
    "ThreadId": "79117",
    "Html": "<p>I've found the CMD needs to be run in a command prompt double clicking it sometimes causes this error and I'm still not sure why, but it is on my to-do list.</p>\r\n<p>You can omit the extension but you always need to import the module. Your can put the command to do it in your profile (see $profile for the path) so it happens automatically .</p>",
    "PostedDate": "2010-01-08T10:03:12.7-08:00",
    "UserRole": null,
    "MarkedAsAnswerDate": null
  }
]