[
  {
    "Id": "430425",
    "ThreadId": "209174",
    "Html": "<div>\r\n<div>\r\n<p>HI,</p>\r\n<p>I'm trying to query for the Virtual Hard diks files of the VMs using  SCVMM PS query.</p>\r\n<p>Why VirtualHardDisks lists AVHD filenames, instead of VHD filenames?</p>\r\n<p>Please refer to example below, for Name=hyperv1, AVHD filenames are  listed, but for other VMs, VHD filenames are listed.</p>\r\n<p>What is alternate way to list only VHD files, even if AVHD files are  present?</p>\r\n<p>Example:</p>\r\n<p>PS C:\\Users\\smqa1&gt; get-vm -vmmserver 10.72.184.154&nbsp; | Format-List  -property Name, VirtualHardDisks<br> <br> <br> Name&nbsp;&nbsp;&nbsp;&nbsp;&nbsp;&nbsp;&nbsp;&nbsp;&nbsp;&nbsp;&nbsp;&nbsp; : test<br> VirtualHardDisks : {test}<br> <br> Name&nbsp;&nbsp;&nbsp;&nbsp;&nbsp;&nbsp;&nbsp;&nbsp;&nbsp;&nbsp;&nbsp;&nbsp; : hyperv1<br> VirtualHardDisks : {hyperv1_1D6A6301-4E33-4609-808B-841FB5F38724,  hyperv1_demo_<br> &nbsp;&nbsp;&nbsp;&nbsp;&nbsp;&nbsp;&nbsp;&nbsp;&nbsp;&nbsp;&nbsp;&nbsp;&nbsp;&nbsp;&nbsp;&nbsp;&nbsp;&nbsp;  B2914CB9-18C4-45D5-A2B8-71AC2D468B6F, hyperv1_disk_1_DB7BE37<br> &nbsp;&nbsp;&nbsp;&nbsp;&nbsp;&nbsp;&nbsp;&nbsp;&nbsp;&nbsp;&nbsp;&nbsp;&nbsp;&nbsp;&nbsp;&nbsp;&nbsp;&nbsp; C-02A7-4AD5-97BD-1169616ED27A}<br> <br> Name&nbsp;&nbsp;&nbsp;&nbsp;&nbsp;&nbsp;&nbsp;&nbsp;&nbsp;&nbsp;&nbsp;&nbsp; : hyperv_5<br> VirtualHardDisks : {hyperv_5_disk_1}<br> <br> Name&nbsp;&nbsp;&nbsp;&nbsp;&nbsp;&nbsp;&nbsp;&nbsp;&nbsp;&nbsp;&nbsp;&nbsp; : hyperv2<br> VirtualHardDisks : {hyperv2_disk_1}<br> <br> Name&nbsp;&nbsp;&nbsp;&nbsp;&nbsp;&nbsp;&nbsp;&nbsp;&nbsp;&nbsp;&nbsp;&nbsp; : hyperv3_suse<br> VirtualHardDisks :  {hyperv3_suse_disk_1}</p>\r\n<p>&nbsp;</p>\r\n<p>Thanks,</p>\r\n<p>Prasad</p>\r\n</div>\r\n</div>",
    "PostedDate": "2010-04-13T05:23:43.21-07:00",
    "UserRole": null,
    "MarkedAsAnswerDate": null
  },
  {
    "Id": "434031",
    "ThreadId": "209174",
    "Html": "<p>Was that&nbsp;VM created by using the SCVMM P2V process?<span id=\"_mce_start\" style=\"line-height:0;display:none\">﻿</span></p>",
    "PostedDate": "2010-04-22T00:07:36.627-07:00",
    "UserRole": null,
    "MarkedAsAnswerDate": null
  }
]