[
  {
    "Id": "665675",
    "ThreadId": "270996",
    "Html": "<p>I keep getting this error message when using trying to add new disk no matter what kind of cmdlet I use (i.e. new-vhd/add-vmdisk or Add-VMNewHardDisk).</p>\n<p>It worked just fine yesterday and it jsut stopped working today, nothing has changed.</p>\n<p>Anyone knows what this might be caused of??</p>\n<p>\"Warning: Could not add disk - could not find or create drive for it\"</p>\n<p>Thanks in advance!</p>\n<p>&nbsp;</p>\n<p>Here's the script:</p>\n<p>&nbsp;</p>\n<p><em>Param($VMName)</em><br /><br /><br /><br /><em>#Import-Module \"F:\\Software&amp;Utilities\\PowerShell Utilities\\PsHyperV\\HyperV\"</em><br /><br /><em>$nvm = New-VM&nbsp; -Name&nbsp; \"$VMName\"&nbsp; | Set-VMMemory -Memory 536870912</em><br /><br /><em>$dn = $VMName+\"_OSD\"</em><br /><br /><br /><em>Add-VMDrive $nvm 1 0</em><br /><br /><em>New-VHD E:\\VHDs\\$dn`.vhd</em><br /><br /><em>#Add-VMNewHardDisk -vm $nvm -controllerID 0 -lun 0 -VHDPath \"$pt\\$VMName.vhd\" -size 20gb</em><br /><br /><em>#Get-ChildItem E:\\VHDs\\$VMName.* | Select-Object | Rename-Item -NewName {$VMName+\"_OSD.vhd\"}</em><br /><br /><em>Add-VMDisk $nvm 0 0 \"E:\\VHDs\\$dn.*\"</em><br /><br /><br /><em>#Add-VMNewHardDisk -vm $nvm -VHDPath \"$VMName\" -controllerID 0 -lun 0 -size 20gb -scsi</em><br /><br /><em>#Add-VMDisk $nvm 0 1 \"F:\\Images\\windows_server_2008_r2_SED.iso\" -DVD</em></p>",
    "PostedDate": "2011-08-31T02:02:29.32-07:00",
    "UserRole": null,
    "MarkedAsAnswerDate": null
  },
  {
    "Id": "665727",
    "ThreadId": "270996",
    "Html": "<p>Strangely enough I've tried to use the Add-VMNewHardDisk cmdlet today but it completely ignores the -VHDPath argument and then fails to run the Add-VMDisk command, reporting that it cannot bind to the argument 'Path' as it is Null.</p>\r\n<p>I don't kow enough about Powershell to work out what needs to be fixed but I assume the issue is where the -VHDPath is converted to $NewVHD.&nbsp; Once there it seems this path is then not passed to the Add-VMDisk cmdlet.</p>\r\n<p>I can do the individual steps for now but I'd love to get it working smoothly.</p>",
    "PostedDate": "2011-08-31T04:50:49.22-07:00",
    "UserRole": null,
    "MarkedAsAnswerDate": null
  }
]