[
  {
    "Id": "654619",
    "ThreadId": "268232",
    "Html": "\r\n<p>Hi Guys,</p>\r\n<p>When Ever I try to&nbsp;get the state of VM hosted on local machine&nbsp;using&nbsp;Get-VMState, I get following&nbsp;error&nbsp;</p>\r\n<p>You cannot call a method on a null-valued expression. At C:\\Program Files\\modules\\HyperV\\VM.ps1:208 char:52<br>\r\n&#43;&nbsp;&nbsp;&nbsp;&nbsp;&nbsp;&nbsp;&nbsp;&nbsp;&nbsp;&nbsp;&nbsp;&nbsp; $result=$VSMgtSvc.GetSummaryInformation &lt;&lt;&lt;&lt; ( @( (Get-VMSettingData $vm ).__Path ) ,&nbsp; @(0,1,2,3,4,100,10<br>\r\n1,102,103,104,105,106,107,108))<br>\r\n&nbsp;&nbsp;&nbsp; &#43; CategoryInfo&nbsp;&nbsp;&nbsp;&nbsp;&nbsp;&nbsp;&nbsp;&nbsp;&nbsp; : InvalidOperation: (GetSummaryInformation:String) [], RuntimeException<br>\r\n&nbsp;&nbsp;&nbsp; &#43; FullyQualifiedErrorId : InvokeMethodOnNull</p>\r\n<p>Cannot convert null to type &quot;ReturnCode&quot; due to invalid enumeration values. Specify one of the following enumeration va<br>\r\nlues and try again. The possible enumeration values are &quot;OK, JobStarted, Failed, AccessDenied, NotSupported, Unknown, T<br>\r\nimeout, InvalidParameter, SystemInUse, InvalidStateForOperation, IncorrectDataType, SystemNotAvailable, OutOfMemory, Fi<br>\r\nleNotFound&quot;.<br>\r\nAt C:\\Program Files\\modules\\HyperV\\VM.ps1:223 char:80<br>\r\n&#43;&nbsp;&nbsp;&nbsp;&nbsp;&nbsp;&nbsp;&nbsp;&nbsp;&nbsp;&nbsp;&nbsp;&nbsp; else&nbsp; {write-Warning ($lStr_GetSummaryInfo&nbsp; -f [ReturnCode]$result. &lt;&lt;&lt;&lt; returnValue )}<br>\r\n&nbsp;&nbsp;&nbsp; &#43; CategoryInfo&nbsp;&nbsp;&nbsp;&nbsp;&nbsp;&nbsp;&nbsp;&nbsp;&nbsp; : NotSpecified: (:) [], RuntimeException<br>\r\n&nbsp;&nbsp;&nbsp; &#43; FullyQualifiedErrorId : RuntimeException</p>\r\n<p>&nbsp;</p>\r\n<p>Get-VMState works fine if I try to get a state of VM hosted on a remote server. Get-VM also works fine , but as I am using Get-VMState in my automated script and don't want to change my script.</p>\r\n<p>Please can anyone tell me solution for this problem</p>\r\n<p>&nbsp;</p>\r\n<p>Thanks in advance</p>\r\n",
    "PostedDate": "2011-08-08T08:58:40.117-07:00",
    "UserRole": null,
    "MarkedAsAnswerDate": null
  }
]