[
  {
    "Id": "466977",
    "ThreadId": "219345",
    "Html": "I have 2 servers with Windows 2008 R2 Hyper-V server core and I have an laptop with Windows XP. No other OS is available at this time.\r\nI stumble onto this website with a very Powerful Powershell Library that so far has worked great for me.  I created a VM with the CPU, Memory and Network settings and attached to capture the DVD media with Windows 7 to load my first Virtual Machine.  The problem is that I can't see the VM for any of the installations prompts.  Is there a way to see the VM from the Host or from my Windows XP laptop.  Any help would be appreciated.\r\n\r\nThanks.\r\n\r\nAlessandro Squeo",
    "PostedDate": "2010-07-13T14:15:15.03-07:00",
    "UserRole": null,
    "MarkedAsAnswerDate": null
  }
]