[
  {
    "Id": "608739",
    "ThreadId": "256706",
    "Html": "\r\n<p>Hello,</p>\r\n<p>I am trying to change an attached SCSI disk with Set-VMDisk. However I cannot get it to work, because it always changes the IDE disk on 0/0. Is it possible to use Set-VMDisk (or Add-VMDisk) with SCSI disks?</p>\r\n<p>Why? I want to rename the VHD attached to the SCSI ID...</p>\r\n<p>Thanks and best wishes,</p>\r\n<p>Gerard</p>\r\n",
    "PostedDate": "2011-05-06T15:13:30.103-07:00",
    "UserRole": null,
    "MarkedAsAnswerDate": null
  },
  {
    "Id": "608885",
    "ThreadId": "256706",
    "Html": "<p>That was quite simple: just add -SCSI</p>\r\n<p><span style=\"font-family: Courier New; font-size: x-small;\"><span style=\"font-family: Courier New; font-size: x-small;\"><span style=\"font-family: Courier New; font-size: x-small;\"><span style=\"font-family: Courier New; font-size: x-small;\"><span style=\"font-family: Courier New; font-size: x-small;\"><font face=\"Courier New\" size=\"2\">\r\n<p>Set-VMdisk <span style=\"font-family: Courier New; color: #800080; font-size: x-small;\"><span style=\"font-family: Courier New; color: #800080; font-size: x-small;\"><span style=\"font-family: Courier New; color: #800080; font-size: x-small;\">$VM</span></span></span><span style=\"font-family: Courier New; font-size: x-small;\"><span style=\"font-family: Courier New; font-size: x-small;\"> </span></span><span style=\"font-family: Courier New; color: #800080; font-size: x-small;\"><span style=\"font-family: Courier New; color: #800080; font-size: x-small;\"><span style=\"font-family: Courier New; color: #800080; font-size: x-small;\">$VHD</span></span></span><span style=\"font-family: Courier New; font-size: x-small;\"><span style=\"font-family: Courier New; font-size: x-small;\">.ControllerID </span></span><span style=\"font-family: Courier New; color: #800080; font-size: x-small;\"><span style=\"font-family: Courier New; color: #800080; font-size: x-small;\"><span style=\"font-family: Courier New; color: #800080; font-size: x-small;\">$VHD</span></span></span><span style=\"font-family: Courier New; font-size: x-small;\"><span style=\"font-family: Courier New; font-size: x-small;\">.DriveLUN </span></span><span style=\"font-family: Courier New; color: #800080; font-size: x-small;\"><span style=\"font-family: Courier New; color: #800080; font-size: x-small;\"><span style=\"font-family: Courier New; color: #800080; font-size: x-small;\">$NewName</span></span></span><span style=\"font-family: Courier New; font-size: x-small;\"> </span></p>\r\n</font></span></span><span style=\"font-family: Courier New; font-size: x-small;\"><span style=\"font-family: Courier New; font-size: x-small;\">-SCSI</span></span></span></span></span></p>\r\n<p>Thanks!</p>",
    "PostedDate": "2011-05-07T01:28:07.77-07:00",
    "UserRole": null,
    "MarkedAsAnswerDate": null
  }
]