[
  {
    "Id": "835141",
    "ThreadId": "355466",
    "Html": "\r\n<p>I'd like to use PSHyperV with Invoke-Command.</p>\r\n<p>I installed PSHyperV on both my 2008 R2 Hyper-V server, and my windows 7 machine. I write my scripts on my Windows 7 machine. Due to a complexity in what i'm trying to achieve, I can't use the &quot;Classic remoting&quot; available in PShyperV, but have to resort\r\n instead to WinRM and PowerShell remoting.</p>\r\n<p>Whenever I use simple commands like:</p>\r\n<p>Invoke-Command { Get-VM } -ComputerName NameOfHyperVServer -Credentials machine\\administrator</p>\r\n<p>I get an error saying that Get-VM is not a recognized cmdlet. Also, when I open a regular powershell window (on the console of the server), I get the same error.</p>\r\n<p>I've already added the file in %windir%\\system32\\WindowsPowershell\\v1.0\\modules - how can i make them register automatically?</p>\r\n<p>Thanks</p>\r\n",
    "PostedDate": "2012-05-11T07:39:36.95-07:00",
    "UserRole": null,
    "MarkedAsAnswerDate": null
  }
]