[
  {
    "Id": "166981",
    "ThreadId": "49894",
    "Html": "I must have a setting incorrect, but Add-VMNewHardDisk is failing inside the Add-VMDisk function, specifically on &quot;$result=$VSMgtSvc.psbase.invokeMethod(&quot;AddVirtualSystemResources&quot;, $arguments).&quot; I receive a 4096 error. This same code was working for me last week. I have not changed anything that I can recall.<br>\r\n<br>\r\nHere are the steps I am using. I am creating a differencing disk.<br>\r\n<br>\r\nThanks for the help.<br>\r\n<br>\r\n<p>$server = &quot;myserver&quot;<br>\r\n$vmName = &quot;TestChild&quot;<br>\r\n$vmParent = &quot;TestParent&quot;<br>\r\n$vmVirtualSwitch = &quot;My Virtual Network&quot;</p>\r\n<p># create a new virtual machine<br>\r\n$vm = New-VM $vmName -server $server</p>\r\n<p># get the vm<br>\r\n#$vm = Get-VM $vmName</p>\r\n<p># set cpu count<br>\r\nSet-VMCPUCount $vm 2 -server $server</p>\r\n<p># set memory size<br>\r\nSet-VMMemory $vm 2 -memory 4GB -server $server</p>\r\n<p># add a legacy network adapter<br>\r\nAdd-VMNIC -vm $vm -VirtualSwitch $vmVirtualSwitch -legacy</p>\r\n<p># add a default VMBus (non-legacy) network adapter<br>\r\nAdd-VMNIC -vm $vm -VirtualSwitch $vmVirtualSwitch</p>\r\n<p># add the hard drive to the VM - DIFFERENCING DISK<br>\r\n$vhdPath = &quot;$(Get-VhdDefaultPath)\\$vmName.vhd&quot;<br>\r\n$vhdParent = &quot;$(Get-VhdDefaultPath)\\$vmParent.vhd&quot;</p>\r\n<p>Add-VMNewHardDisk –vm $vm -controllerID 0 -lun 0 -vhdPath $vhdPath –parent $vhdParent -size 20GB</p>\r\n",
    "PostedDate": "2009-03-11T10:38:02.19-07:00",
    "UserRole": null,
    "MarkedAsAnswerDate": null
  },
  {
    "Id": "166992",
    "ThreadId": "49894",
    "Html": "Sorry to waste your time. I got this working after changing my $vmParent to equal &quot;TestParentVM,&quot; which is the name of the actual parent. So my 4096 error was because it could not find the proper parent. I wish those return results would show more detail.<br>\r\n<br>\r\nThanks.\r\n",
    "PostedDate": "2009-03-11T11:00:24.48-07:00",
    "UserRole": null,
    "MarkedAsAnswerDate": null
  },
  {
    "Id": "167021",
    "ThreadId": "49894",
    "Html": "One more thing to add, then I will get off my soap box for the day. I have managed to carry on a conversation with just myself with this thread. I hope it helps someone in the future. I have noticed that adding a new vm hard disk fails intermittently. <br>\r\n<br>\r\nAdd-VMNewHardDisk –vm $vm -controllerID 0 -lun 0 -vhdpath $vhdPath -parent $parent<br>\r\n<br>\r\nAs a result, I am putting this into a while loop and checking to see if the disk has been added after I execute the above code. If the disk has not been added, try and add it again. I have found success with this. I am not sure why the disk fails to add, but I get those 4096 errors. Here is the code I am using for now.<br>\r\n<br>\r\n<p># add the hard drive to the VM<br>\r\n$parent = &quot;$(get-VHDdefaultPath)\\$vmParent.vhd&quot;<br>\r\n$vhdPath = &quot;$(get-VHDdefaultPath)\\$vmName.vhd&quot;<br>\r\nAdd-VMNewHardDisk –vm $vm -controllerID 0 -lun 0 -vhdpath $vhdPath -parent $parent</p>\r\n<p># get the VM to see if a disk is attached to it, if it is not, then it failed<br>\r\n$disks = Get-VMDisk -vm $vm<br>\r\n$count = 1</p>\r\n<p># if the disk was not successfully added, try and add it again<br>\r\nwhile ($disks -eq $null -and $count -le 5)<br>\r\n{<br>\r\n Write-Host &quot;RETRY $count - The disk was not properly added. Attempting to retry.&quot;<br>\r\n <br>\r\n # delete the disk that was added but not attached<br>\r\n if (test-path -path $vhdPath)<br>\r\n {<br>\r\n  Remove-Item -Path $vhdPath -Force<br>\r\n }<br>\r\n <br>\r\n Add-VMNewHardDisk –vm $vm -controllerID 0 -lun 0 -vhdpath $vhdPath -parent $parent<br>\r\n  <br>\r\n $disks = Get-VMDisk -vm $vm<br>\r\n $count++<br>\r\n}</p>\r\n<p>if ($disks -eq $null)<br>\r\n{<br>\r\n Write-Host &quot;Operation failed to create this virtual machine. Contact an admin.&quot;<br>\r\n}<br>\r\nelse<br>\r\n{<br>\r\n Write-Host &quot;Operation completed successfully. Attempting to start the VM.&quot;<br>\r\n Start-VM -vm $vm -wait<br>\r\n}</p>\r\n",
    "PostedDate": "2009-03-11T12:08:24.013-07:00",
    "UserRole": null,
    "MarkedAsAnswerDate": null
  }
]