[
  {
    "Id": "543014",
    "ThreadId": "240227",
    "Html": "\r\n<p>Hi all,</p>\r\n<p>I was wondering if there is a way that powershell will automate these steps?</p>\r\n<p>http://networkfoo.org/server-infrastructure/recovering-your-virtual-machine-how-manually-merge-hyper-v-snapshots-back-one-</p>\r\n<p>i would like to automatically merge vhds of every existing VM located in a specific directory and run the script on a scheduled task.</p>\r\n",
    "PostedDate": "2011-01-02T19:34:00.397-08:00",
    "UserRole": null,
    "MarkedAsAnswerDate": null
  }
]