[
  {
    "Id": "266552",
    "ThreadId": "77921",
    "Html": "<p>Is it possible to configure a VM to allow migrations between different CPU types with the library?&nbsp; how?</p>\r\n<p>&nbsp;</p>\r\n<p>thank you,</p>\r\n<p>&nbsp;</p>\r\n<p>Barry</p>",
    "PostedDate": "2009-12-11T23:25:34.017-08:00",
    "UserRole": null,
    "MarkedAsAnswerDate": null
  },
  {
    "Id": "266689",
    "ThreadId": "77921",
    "Html": "<p>Not directly , however you can do this</p>\r\n<p>$procsSettingData=Get-VMCpuCount &lt;<strong>MyVm&gt;</strong><br>$procsSettingData.LimitProcessorFeatures = $true<br>Set-VMRASD -vm&nbsp; $vm -rasd $procsSettingData</p>\r\n<p>&lt;myVM&gt;can be a variable containing a VM object or the name of a VM</p>\r\n<p>&nbsp;</p>\r\n<p>&nbsp;</p>\r\n<p>&nbsp;</p>",
    "PostedDate": "2009-12-12T15:29:23.63-08:00",
    "UserRole": null,
    "MarkedAsAnswerDate": null
  },
  {
    "Id": "267208",
    "ThreadId": "77921",
    "Html": "<p>thank you for the reply.&nbsp; this is what I have and what I am getting.&nbsp; any ideas?&nbsp;</p>\r\n<p>&nbsp;</p>\r\n<p>&quot;Creating VM&quot;</p>\r\n<p>&nbsp;$myVM = (New-VM $vmName)<br>&nbsp;set-vmMemory&nbsp;&nbsp; $myVM $Memory <br>&nbsp;set-VMCPUCount $myVM $cpuCount</p>\r\n<p><br>(minor VM config here, removed to keep it short and simple for this post)</p>\r\n<p># set CPU to allow migrations between different CPU types<br>&nbsp;$procsSettingData=Get-VMCpuCount $myVM<br>&nbsp;$procsSettingData.LimitProcessorFeatures = $true<br>&nbsp;Set-VMRASD -vm&nbsp; $MyVM -rasd $procsSettingData</p>\r\n<p>...start VM,</p>\r\n<p>returning this error:</p>\r\n<p>The term 'Set-VMRASD' is not recognized as the name of a cmdlet, function, scri<br>pt file, or operable program. Check the spelling of the name, or if a path was<br>included, verify that the path is correct and try again.<br>At C:\\cns\\ProvisionSDCAVM.ps1:31 char:12<br>+&nbsp; Set-VMRASD &lt;&lt;&lt;&lt;&nbsp; -vm&nbsp; $MyVM -rasd $procsSettingData<br>&nbsp;&nbsp;&nbsp; + CategoryInfo&nbsp;&nbsp;&nbsp;&nbsp;&nbsp;&nbsp;&nbsp;&nbsp;&nbsp; : ObjectNotFound: (Set-VMRASD:String) [], CommandN<br>&nbsp;&nbsp; otFoundException<br>&nbsp;&nbsp;&nbsp; + FullyQualifiedErrorId : CommandNotFoundException</p>\r\n<p>&nbsp;</p>\r\n<p>&nbsp;</p>\r\n<p>THANK YOU!</p>",
    "PostedDate": "2009-12-14T11:27:19.443-08:00",
    "UserRole": null,
    "MarkedAsAnswerDate": null
  },
  {
    "Id": "267568",
    "ThreadId": "77921",
    "Html": "<p>Barry,&nbsp; sorry I made an assumption which is probably going to turn out to be the wrong&nbsp;one . This needs running the V2 (module) version, Set-VMRASD isn't in V1 - the all in one PS1 file.</p>\r\n<p>I'm pretty sure the feature works ONLY with Hyper-V R2 so you should have PowerShell V2 and be able to use the new version of the library.</p>\r\n<p>&nbsp;</p>",
    "PostedDate": "2009-12-15T06:56:21.297-08:00",
    "UserRole": null,
    "MarkedAsAnswerDate": null
  },
  {
    "Id": "267824",
    "ThreadId": "77921",
    "Html": "<p>awesome, thank you much</p>",
    "PostedDate": "2009-12-15T17:01:43.023-08:00",
    "UserRole": null,
    "MarkedAsAnswerDate": null
  }
]