[
  {
    "Id": "442657",
    "ThreadId": "212574",
    "Html": "<p>I would really like the enable-vmhost and disable-vmhost function in the library. Right now we have a core box running hyper-v r2 in the perimiter network&nbsp;and we enabled maintenance mode, now we cannot turn it off from scvmm!!!&nbsp; We thought it might be the&nbsp;firewall at first then we unblocked every thing.&nbsp; We&nbsp;event tested just a hub, and no go.&nbsp;&nbsp;Anyone have any thoughts on how to take this box out of maintenance mode?&nbsp;</p>\r\n<p>&nbsp;</p>\r\n<p>ps im terrible at spelling.... you would think with all the fancy buttons at the top here, there would be a spell check for people like me :)</p>",
    "PostedDate": "2010-05-13T14:47:52.35-07:00",
    "UserRole": null,
    "MarkedAsAnswerDate": null
  }
]