[
  {
    "Id": "156546",
    "ThreadId": "46805",
    "Html": "I cannot find a way to set the startup delay for a virtual machine. Is this piece missing from V1.00b? Everything else I thought I could want works brilliantly - I'm a very happy man.<br>\r\n<br>\r\nEdit: Found a solution <a href=\"http://blogs.msdn.com/taylorb/archive/2008/06/14/hyper-v-wmi-configuring-automatic-startup-shutdown-recovery-action-s-for-virtual-machines.aspx\">here</a> (which I've tweaked somewhat to do JUST the bare minimum for this function):<br>\r\n<pre>$Name = &quot;VMName&quot;<br>$Query = &quot;Select * from Msvm_ComputerSystem Where ElementName='$Name'&quot;<br>$DelaySecs = 60<br>$VSMS = gWMI -class &quot;Msvm_VirtualSystemManagementService&quot; -namespace &quot;root\\virtualization&quot;<br>foreach ($Vm in Get-WmiObject -Namespace root\\virtualization -Query $Query)<br>{<br>  $SD = gWMI -Namespace root\\virtualization -Query &quot;Associators of {$Vm} Where ResultClass=Msvm_VirtualSystemGlobalSettingData AssocClass=Msvm_ElementSettingData&quot;<br>  $SD.AutomaticStartupActionDelay = [System.Management.ManagementDateTimeconverter]::ToDmtfTimeInterval((New-TimeSpan -Seconds $DelaySecs))<br>  $VSMS.ModifyVirtualSystem($Vm, $SD.PSBase.GetText(1))<br>}</pre>\r\n<br>\r\nMaybe this could be added to the Set-VM method for the next release? Set-VM -Delay nn perhaps?\r\n",
    "PostedDate": "2009-02-10T22:36:53.793-08:00",
    "UserRole": null,
    "MarkedAsAnswerDate": null
  },
  {
    "Id": "168659",
    "ThreadId": "46805",
    "Html": "David, thanks, I didn't do this intially because I hadn't found an easy way to convert the time interval which you've done for me :-)  <br>\r\n<br>\r\nI've added it to Set-Vm and it will show up in the 1.00c release. <br>\r\n<br>\r\n",
    "PostedDate": "2009-03-16T11:24:37.873-07:00",
    "UserRole": null,
    "MarkedAsAnswerDate": null
  }
]