[
  {
    "Id": "187061",
    "ThreadId": "55405",
    "Html": "<p>I'm using the library to create a batch of VM's, but I want each VM to have a Static MAC.  Anyone know how to script that in Powershell?</p>\r\n<p></p>\r\n<p>Thanks!</p>\r\n",
    "PostedDate": "2009-05-05T12:26:37.92-07:00",
    "UserRole": null,
    "MarkedAsAnswerDate": null
  },
  {
    "Id": "188414",
    "ThreadId": "55405",
    "Html": "<p>add-vmNic already takes a -mac parameter :-)&nbsp; Just specify&nbsp;that. &nbsp;</p>\r\n<p>&nbsp;</p>\r\n<p>&nbsp;</p>\r\n<p>&nbsp;</p>\r\n<p>&nbsp;</p>",
    "PostedDate": "2009-05-09T03:55:37.187-07:00",
    "UserRole": null,
    "MarkedAsAnswerDate": null
  },
  {
    "Id": "188949",
    "ThreadId": "55405",
    "Html": "<p>I don't want to manage the MAC address generation, I just don't want the MAC address to change later on. &nbsp;I'm turning the VM on, waiting 10 seconds, and turning it off again so Hyper-V can create manage MAC address generation. &nbsp;I just want to change the MAC address from Dynamic to Static.</p>",
    "PostedDate": "2009-05-11T10:33:42.647-07:00",
    "UserRole": null,
    "MarkedAsAnswerDate": null
  },
  {
    "Id": "198682",
    "ThreadId": "55405",
    "Html": "<p>It won't change. A dynamic address is assigned at first boot and then remains the same for the life of the vm.</p>",
    "PostedDate": "2009-06-07T01:49:36.73-07:00",
    "UserRole": null,
    "MarkedAsAnswerDate": null
  }
]