[
  {
    "Id": "259158",
    "ThreadId": "75748",
    "Html": "<p><br>I have a powershell script that performs a P2V (convert physical server to virtual) using Virtual Machine Manager cmdlets.<br>The script runs fine if I run it from powershell and I enter my credentials when prompted.<br>I want to be able to schedule the script using Task Scheduler but have not figured out a way <br>to embed or pass the credentials.&nbsp; Please&nbsp; heip.</p>\r\n<p>Thanks</p>",
    "PostedDate": "2009-11-20T10:23:48.383-08:00",
    "UserRole": null,
    "MarkedAsAnswerDate": null
  },
  {
    "Id": "260230",
    "ThreadId": "75748",
    "Html": "<p>You should be able to&nbsp;specify the credentials as part of a scheduled job. Don't embed them in the script.</p>",
    "PostedDate": "2009-11-24T07:32:44.41-08:00",
    "UserRole": null,
    "MarkedAsAnswerDate": null
  },
  {
    "Id": "260367",
    "ThreadId": "75748",
    "Html": "<p>Hi, I try to build my p2v script&nbsp; base on Virtual Machine Manager&nbsp;p2v &nbsp;script</p>\r\n<p>and try to&nbsp;scedsule &nbsp;to run&nbsp;this script&nbsp; every&nbsp; week automatically</p>",
    "PostedDate": "2009-11-24T13:44:28.67-08:00",
    "UserRole": null,
    "MarkedAsAnswerDate": null
  },
  {
    "Id": "260764",
    "ThreadId": "75748",
    "Html": "<p>You do understand that this library has no connection with SCVMM ?&nbsp; :-)</p>\r\n<p>If you can post the lines of script which prompt for the password I can look at it and see if there is a way to embed the credentials, but you do realise (a) this is a bad thing to from a&nbsp;security point of view, and (b) when your password changes the script will need to change.</p>",
    "PostedDate": "2009-11-25T17:01:57.967-08:00",
    "UserRole": null,
    "MarkedAsAnswerDate": null
  },
  {
    "Id": "261941",
    "ThreadId": "75748",
    "Html": "<p>Hi,&nbsp; yes I knew this are security risk but we need to do&nbsp;scedgule script &nbsp;p2v&nbsp; of one of system ...</p>\r\n<p>Thanks.</p>\r\n<p>&nbsp;</p>\r\n<p>VMHost = Get-VMHost -VMMServer localhost | where {$_.Name -eq &quot;System10.newdom.com&quot;}<br>$MachineConfig = Get-MachineConfig -VMMServer localhost | where {$_.Name -eq &quot;10.15.14.46&quot;}</p>\r\n<p>New-P2V -VMMServer localhost -VMHost $VMHost -RunAsynchronously -JobGroup 61d4ebed-7990-4666-8185-7cb252f0e7ea -SourceNetworkConnectionID &quot;00:15:5D:73:43:00&quot; -PhysicalAddress &quot;00:15:5D:73:43:00&quot; -PhysicalAddressType Static -NoConnection -MachineConfig $MachineConfig</p>\r\n<p>$VMHost = Get-VMHost -VMMServer localhost | where {$_.Name -eq &quot;System10.newdom.com&quot;}<br>$MachineConfig = Get-MachineConfig -VMMServer localhost | where {$_.Name -eq &quot;10.15.14.46&quot;}</p>\r\n<p>New-P2V -VMMServer localhost -VMHost $VMHost -RunAsynchronously -JobGroup 61d4ebed-7990-4666-8185-7cb252f0e7ea -VolumeDeviceID &quot;<a>\\\\?\\Volume{51e7a307-c8b2-11de-9ec5-806e6f6e6963}\\</a>&quot; -Dynamic -IDE -Bus 0 -LUN 0 -MachineConfig $MachineConfig</p>\r\n<p>$VMHost = Get-VMHost -VMMServer localhost | where {$_.Name -eq &quot;System10.newdom.com&quot;}<br>$MachineConfig = Get-MachineConfig -VMMServer localhost | where {$_.Name -eq &quot;10.15.14.46&quot;}</p>\r\n<p>New-P2V -VMMServer localhost -VMHost $VMHost -RunAsynchronously -JobGroup 61d4ebed-7990-4666-8185-7cb252f0e7ea -VolumeDeviceID &quot;C&quot; -Dynamic -IDE -Bus 0 -LUN 1 -MachineConfig $MachineConfig</p>\r\n<p>$Credential = get-credential<br>$VMHost = Get-VMHost -VMMServer localhost | where {$_.Name -eq &quot;System10.newdom.com&quot;}<br>$MachineConfig = Get-MachineConfig -VMMServer localhost | where {$_.Name -eq &quot;10.15.14.46&quot;}</p>\r\n<p>New-P2V -Credential $Credential -VMMServer localhost -VMHost $VMHost -Path &quot;D:\\Hyper-V&quot; -Owner &quot;newdom\\Alex&quot; -RunAsynchronously -JobGroup 61d4ebed-7990-4666-8185-7cb252f0e7ea -Trigger -Name &quot;Win1&quot; -MachineConfig $MachineConfig -CPUCount 1 -MemoryMB 1024 -RunAsSystem -StartAction NeverAutoTurnOnVM -StopAction SaveVM</p>",
    "PostedDate": "2009-11-30T09:08:01.42-08:00",
    "UserRole": null,
    "MarkedAsAnswerDate": null
  },
  {
    "Id": "265123",
    "ThreadId": "75748",
    "Html": "<p>It looks like you need to create the credential object&nbsp; and this should work.</p>\r\n<p>$credential = New-Object System.Management.Automation.PSCredential -ArgumentList &quot;domain\\user&quot;,(ConvertTo-SecureString -AsPlainText -force -string &quot;Password&quot;)</p>\r\n<p>&nbsp;</p>\r\n<p>&nbsp;</p>\r\n<p>&nbsp;</p>\r\n<p>&nbsp;</p>\r\n<p>&nbsp;</p>\r\n<p>&nbsp;</p>",
    "PostedDate": "2009-12-08T15:29:23.343-08:00",
    "UserRole": null,
    "MarkedAsAnswerDate": null
  }
]