[
  {
    "Id": "683068",
    "ThreadId": "275589",
    "Html": "\r\n<p>Hi Together.</p>\r\n<p>I'm running a script which creates VIrtual Machines, in my Hyper V Settings the Default path for .vhd is set to E:\\</p>\r\n<p>I want that the scripts assign a new vhd to the new vm in a subfolder.</p>\r\n<p>So&nbsp; first i create the subfolder, and add the Complete Path to $vhdpath.</p>\r\n<p>It works, he creates the vhd and assigns it to the vm, but he creates the VHD on E:\\ and not, for example on E:\\VM1\\VM1.vhd</p>\r\n<p>If i give out $vhdpath, it gives the correct path to the subfolder.</p>\r\n<pre><span style=\"color:green\">#VHD File Path</span>\r\nmkdir <span style=\"color:#a31515\">&quot;$(get-VHDdefaultPath)\\$VM&quot;</span>\r\n<span style=\"color:orangered\">$vhdPath</span> <span style=\"color:gray\">=</span> <span style=\"color:#a31515\">&quot;$(get-VHDdefaultPath)\\$VM\\$VM.vhd&quot;</span>\r\n\r\n<span style=\"color:green\"># Add New VHD</span>\r\nAdd<span style=\"color:gray\">-</span>VMNewHardDisk -vm <span style=\"color:orangered\">$VM</span> <span style=\"color:gray\">-</span>controllerID 0 <span style=\"color:gray\">-</span>lun 0 <span style=\"color:gray\">-</span>vhdpath $vhdpath <span style=\"color:gray\">-</span>Size 20GB<br><br>So, is there any mistake from my site or is it a mistake in the Script?<br>Regards<br>Philipp <br></pre>\r\n<p>&nbsp;</p>\r\n",
    "PostedDate": "2011-10-12T05:04:03.25-07:00",
    "UserRole": null,
    "MarkedAsAnswerDate": null
  },
  {
    "Id": "688255",
    "ThreadId": "275589",
    "Html": "<p>No ideas?</p>",
    "PostedDate": "2011-10-24T00:37:38.293-07:00",
    "UserRole": null,
    "MarkedAsAnswerDate": null
  }
]