[
  {
    "Id": "1051006",
    "ThreadId": "445543",
    "Html": "I am trying to add precreated VHD disk to my VM. I have added one VHD to scsi controller using the following command --&gt; \r<br />\n<br />\nadd-vmdisk -vm &quot;vmname&quot; -scsi -vhdpath &quot;path of my vhd&quot; \r<br />\n<br />\nBut now when i am trying to add another vhd I am getting error. Please let me know how can I add second vhd to scsi controller.<br />\n",
    "PostedDate": "2013-05-30T23:19:00.983-07:00",
    "UserRole": null,
    "MarkedAsAnswerDate": null
  }
]