[
  {
    "Id": "457243",
    "ThreadId": "216510",
    "Html": "<p>Tell me please,&nbsp;this script correctly ? or may be simply ?</p>\r\n<p>&nbsp;</p>\r\n<p>$st1=Get-VMState -VM pp10 -Server pp-hv03 | fl Enabledstate</p>\r\n<p>if ($st1 = &quot;EnabledState : Running&quot;)</p>\r\n<p>&nbsp;{ Invoke-VMShutdown -VM pp10 -Server pp-hv03 -force -shutdowntimeout 10 }</p>\r\n<p>elseIf ($st1 = &quot;EnabledState : Stopped&quot;) <br>&nbsp;{<br>&nbsp;&nbsp;copy-item <a>\\\\pp-hv03\\E$\\vms\\pp10\\sql_c.vhd</a> -destination D:\\<br>&nbsp;<br>&nbsp;&nbsp;Set-Vmstate -VM pp10 -Server pp-hv03 -state &quot;Running&quot;<br>&nbsp;}</p>",
    "PostedDate": "2010-06-18T06:06:24.077-07:00",
    "UserRole": null,
    "MarkedAsAnswerDate": null
  },
  {
    "Id": "478487",
    "ThreadId": "216510",
    "Html": "<p>The Force Parameter is an boolean, so you have to typ true after -force</p>\r\n<p>correct is:&nbsp;</p>\r\n<p>Invoke-VMShutdown -VM pp10 -Server pp-hv03 -force ture&nbsp;-shutdowntimeout 10</p>\r\n<p>&nbsp;</p>\r\n<p>regards</p>\r\n<p>Matthias</p>",
    "PostedDate": "2010-08-10T02:29:13.757-07:00",
    "UserRole": null,
    "MarkedAsAnswerDate": null
  },
  {
    "Id": "541143",
    "ThreadId": "216510",
    "Html": "\r\n<p>PS C:\\execute\\vms&gt; Invoke-VMShutdown -VM pp10 -Server pp-hv03 -force true<br>\r\nInvoke-VMShutdown : Could not begin Shutdown of pp10<br>\r\nстрока:1 знак:18<br>\r\n&#43; Invoke-VMShutdown &lt;&lt;&lt;&lt;&nbsp; -VM pp10 -Server pp-hv03 -force true<br>\r\n&nbsp;&nbsp;&nbsp; &#43; CategoryInfo&nbsp;&nbsp;&nbsp;&nbsp;&nbsp;&nbsp;&nbsp;&nbsp;&nbsp; : InvalidResult: (:) [Write-Error], WriteErrorException<br>\r\n&nbsp;&nbsp;&nbsp; &#43; FullyQualifiedErrorId : 32780,Invoke-VMShutdown</p>\r\n<p>PS C:\\execute\\vms&gt; Invoke-VMShutdown -VM pp10 -Server pp-hv03 -force true -shutdowntimeout 10<br>\r\nInvoke-VMShutdown : Could not begin Shutdown of pp10<br>\r\nстрока:1 знак:18<br>\r\n&#43; Invoke-VMShutdown &lt;&lt;&lt;&lt;&nbsp; -VM pp10 -Server pp-hv03 -force true -shutdowntimeout 10<br>\r\n&nbsp;&nbsp;&nbsp; &#43; CategoryInfo&nbsp;&nbsp;&nbsp;&nbsp;&nbsp;&nbsp;&nbsp;&nbsp;&nbsp; : InvalidResult: (:) [Write-Error], WriteErrorException<br>\r\n&nbsp;&nbsp;&nbsp; &#43; FullyQualifiedErrorId : 32780,Invoke-VMShutdown</p>\r\n",
    "PostedDate": "2010-12-28T04:27:44.933-08:00",
    "UserRole": null,
    "MarkedAsAnswerDate": null
  },
  {
    "Id": "560714",
    "ThreadId": "216510",
    "Html": "\r\n<p>This is usually caused when the VM doesn't have the integration components,</p>\r\n<p>But&nbsp;powershell should catch the error I'll have a look at this one.</p>\r\n<p>Oh, and &nbsp;force is a switch. You can do -Force:$true or just -Force.&nbsp; not sure&nbsp; this syntax will cause a problem</p>\r\n",
    "PostedDate": "2011-02-04T04:49:50.58-08:00",
    "UserRole": null,
    "MarkedAsAnswerDate": null
  }
]