[
  {
    "Id": "211675",
    "ThreadId": "62355",
    "Html": "<p>Hi all, I'm very desperate because I'm not able to integrate PowerShell management library for Hyper-V into PowerShell:</p>\r\n<p style=\"padding-left:30px\">scenario-1:</p>\r\n<blockquote><ol>\r\n<li>Installed Power Shell 1.0 &gt;&gt; in Power Shell command line i wrote &quot;hyperv.ps1&quot; &gt;&gt; get error message: The term 'hyperv.ps1' is not recognized as a cmdlet, function, operable program, or script file. Verify the term and try again.</li>\r\n<li>Wrote .\\hyperv.ps1 (read this syntax somewhere on net...) &gt;&gt; I get error message: No functions were loaded - you need to invoke with . scriptname.</li>\r\n</ol></blockquote>\r\n<blockquote>scenario-2:</blockquote>\r\n<blockquote><ol>\r\n<li>Installed Windows Power Shell 2.0 Community Technology Preview (CTP) &gt;&gt; in Power Shell command line i wrote &quot;hyperv.ps1&quot; &gt;&gt; get error message: The term 'hyperv.ps1' is not recognized as a cmdlet, function, operable program, or script file. Verify the term and try again.</li>\r\n<li>Wrote .\\hyperv.ps1 &gt;&gt; I get error message: The hash literal was incomplete.</li>\r\n</ol>\r\n<blockquote>&nbsp;</blockquote>\r\n<blockquote>So, anyone has idea how to solve this issue? Because I'm in dead end. Maybe I do something in wrong way &gt;&gt; in this way please correct me.<br></blockquote>\r\n<h1></h1>\r\n</blockquote>\r\n<p>&nbsp;</p>",
    "PostedDate": "2009-07-14T04:27:55.43-07:00",
    "UserRole": null,
    "MarkedAsAnswerDate": null
  },
  {
    "Id": "211924",
    "ThreadId": "62355",
    "Html": "<p>these 2 links should help.&nbsp;</p>\r\n<p><br><a href=\"http://blogs.technet.com/softienerd/default.aspx\">http://blogs.technet.com/softienerd/default.aspx</a><br><a href=\"http://pshyperv.codeplex.com/Thread/View.aspx?ThreadId=35417\">http://pshyperv.codeplex.com/Thread/View.aspx?ThreadId=35417</a></p>\r\n<p>&nbsp;</p>\r\n<p>you can set the reg to unrestricted but set it back later..</p>\r\n<p>&nbsp;</p>\r\n<p>Windows Registry Editor Version 5.00</p>\r\n<p>[HKEY_LOCAL_MACHINE\\SOFTWARE\\Microsoft\\powershell\\1\\ShellIds\\Microsoft.powershell]<br>&quot;ExecutionPolicy&quot;=&quot;Unrestricted&quot;</p>\r\n<p>&nbsp;<br>unzip the file.. say to z:\\<br>the open powershell command <br>cd z:\\<br>PS Z:\\&gt;<br>type&nbsp;&nbsp; . .\\hyperv.ps1&nbsp;&nbsp;&nbsp;&nbsp;</p>\r\n<p>&nbsp;notice the dot+space+dot+slash.</p>\r\n<p>&nbsp;</p>\r\n<p>&nbsp;</p>\r\n<p>&nbsp;</p>\r\n<p>snippets.. from the links..</p>\r\n<p>try to call . .\\hyperv.ps1 ftom the folder the zip was extraced to. notice the dot+space+dot+slash.</p>\r\n<p>&nbsp;</p>\r\n<p>&nbsp;</p>\r\n<p>Powershell Tip #1<br>In Powershell, type $profile.</p>\r\n<p>PS C:\\Program Files\\Microsoft\\AxFuzzer&gt; $profile<br>C:\\Users\\mengli\\Documents\\WindowsPowerShell\\Microsoft.PowerShell_profile.ps1</p>\r\n<p>That points to where your profile is stored at.&nbsp; This is a powershell script that executes upon the start up of any powershell prompt for the current user.&nbsp; Go ahead and make the file.&nbsp; In my case, I made a new file at the location by typing this:</p>\r\n<p>new-item $profile -itemtype file -force</p>\r\n<p>Now, open the file and you can put in things like this:<br>set-executionpolicy unrestricted<br>. <a>\\\\meng\\shared\\powershell\\hyperv.ps1</a><br>set-executionpolicy remotesigned</p>\r\n<p>Every new powershell prompt that you</p>",
    "PostedDate": "2009-07-14T19:19:20.093-07:00",
    "UserRole": null,
    "MarkedAsAnswerDate": null
  }
]