[
  {
    "Id": "117733",
    "ThreadId": "35417",
    "Html": "<p style=\"margin:0cm 0cm 0pt\"><span style=\"font-family:Calibri\">I hope someone can point me in the right direction as I can’t figure out how to get this to work at all.</span></p>\r\n<p style=\"margin:0cm 0cm 0pt\"><span style=\"font-family:Calibri\">&nbsp;</span></p>\r\n<p style=\"margin:0cm 0cm 0pt\"><span style=\"font-family:Calibri\">I have run the registry file, and run the script hyperv.ps1 and it looks like it has finished successfully, but if I type any of the functions I get something like this:</span></p>\r\n<p style=\"margin:0cm 0cm 0pt\"><span style=\"font-family:Calibri\">&nbsp;</span></p>\r\n<p style=\"margin:0cm 0cm 0pt\"><span style=\"color:#76923c\"><span style=\"font-family:Calibri\">The term 'get-vm' is not recognized as a cmdlet, function, operable program, or script file. Verify the term and try again.</span></span></p>\r\n<p style=\"margin:0cm 0cm 0pt\"><span style=\"color:#76923c\"><span style=\"font-family:Calibri\">At line:1 char:7</span></span></p>\r\n<p style=\"margin:0cm 0cm 0pt\"><span style=\"color:#76923c\"><span style=\"font-family:Calibri\">+ get-vm &lt;&lt;&lt;&lt;</span></span></p>\r\n<p style=\"margin:0cm 0cm 0pt\"><span style=\"font-family:Calibri\">&nbsp;</span></p>\r\n<p style=\"margin:0cm 0cm 0pt\"><span style=\"font-family:Calibri\">Am I doing something wrong?&nbsp; I am a complete PowerShell newbie so I would not be surprised if I have missed something important, but I have been unable to figure out what it is...</span></p>\r\n<p style=\"margin:0cm 0cm 0pt\"><span style=\"font-family:Calibri\">&nbsp;</span></p>\r\n<p style=\"margin:0cm 0cm 0pt\"><span style=\"font-family:Calibri\">BTW in case this is the cause, I am running PowerShell on Windows 2008 Server Core 64bit which I installed following these instructions: </span><a href=\"http://dmitrysotnikov.wordpress.com/2008/05/15/powershell-on-server-core/\"><span style=\"font-family:Calibri\">http://dmitrysotnikov.wordpress.com/2008/05/15/powershell-on-server-core/</span></a></p>\r\n<p style=\"margin:0cm 0cm 0pt\"><span style=\"font-family:Calibri\">&nbsp;</span></p>\r\n<p style=\"margin:0cm 0cm 0pt\"><span style=\"font-family:Calibri\">Thanks in advance </span><span style=\"font-family:Wingdings\">J</span></p>\r\n",
    "PostedDate": "2008-09-10T21:04:31.45-07:00",
    "UserRole": null,
    "MarkedAsAnswerDate": null
  },
  {
    "Id": "118071",
    "ThreadId": "35417",
    "Html": "J.<br>\r\n<br>\r\ntry to call . .\\hyperv.ps1 ftom the folder the zip was extraced to. notice the dot+space+dot+slash.<br>\r\n<br>\r\nI short manual can also be found here <br>\r\n<a href=\"http://luka.manojlovic.net/2008/07/18/hyper-v-freebsd-shutdown-problem-workaround\">http://luka.manojlovic.net/2008/07/18/hyper-v-freebsd-shutdown-problem-workaround</a> <br>\r\n<br>\r\n<br>\r\nthomas<br>\r\n",
    "PostedDate": "2008-09-12T03:20:50.373-07:00",
    "UserRole": null,
    "MarkedAsAnswerDate": null
  },
  {
    "Id": "118196",
    "ThreadId": "35417",
    "Html": "Thanks it was the &quot;..\\&quot; that was the problem it seems.&nbsp;I was only using &quot;.\\&quot; before which looked exactly the same as far as output was concerned, but obviously did not have the same effects.<br>\r\n<br>\r\nMuch appreciated.\r\n",
    "PostedDate": "2008-09-12T11:46:05.893-07:00",
    "UserRole": null,
    "MarkedAsAnswerDate": null
  },
  {
    "Id": "512575",
    "ThreadId": "35417",
    "Html": "\r\n<p>Hi folks,</p>\r\n<p>I do not find the file hyperv.ps1 ! So when I try to use the commands, I have the error message : &quot;The term 'get-vm' is not recognized as the name of a cmdlet, function, script file....&quot;</p>\r\n<p>However, I can see the &quot;HyperV.psd1&quot; file... but cannot execute it. I am stuck on this and I need to do critical tasks, so any help would be much appreciated.</p>\r\n<p>Thanks in advance !</p>\r\n<p>&nbsp;UPDATE : in the zip file, it seems that the file is missing, and i found it on google. ;)</p>\r\n",
    "PostedDate": "2010-10-26T01:41:09.907-07:00",
    "UserRole": null,
    "MarkedAsAnswerDate": null
  }
]