[
  {
    "Id": "626159",
    "ThreadId": "260977",
    "Html": "\r\n<p>It seems i am a hard time getting out of the gate so to speak. I am new to Powershell but i've dealt with VBscript for awhile. Who said Powershell is easier??</p>\r\n<p>When i hit the install bat this is what i get on Win Server 2008 x64.</p>\r\n<p><img src=\"file:///C:/DOCUME%7E1/TSTROW%7E1.ENE/LOCALS%7E1/Temp/moz-screenshot.png\" alt=\"\" width=\"302\" height=\"302\">Error:0x800f080c</p>\r\n<p>Feature name NetFx2-Servercore is unknown</p>\r\n<p>and</p>\r\n<p>Feature name MicrosoftWindowsPowerShell is unknown.</p>\r\n<p>Then PS come up and states &quot;there were errors in loading the format data file&quot; &lt;path&gt; hyperv.format.ps1xml is not digitally signed....</p>\r\n<p>Can anyone steer me in the right direction. My goal is to write a scipt to make auto snapshots of VM's</p>\r\n",
    "PostedDate": "2011-06-10T13:10:41.467-07:00",
    "UserRole": null,
    "MarkedAsAnswerDate": null
  },
  {
    "Id": "660581",
    "ThreadId": "260977",
    "Html": "<p>I have the same problem over here. Did you find a solution?</p>",
    "PostedDate": "2011-08-19T06:38:20.12-07:00",
    "UserRole": null,
    "MarkedAsAnswerDate": null
  },
  {
    "Id": "660587",
    "ThreadId": "260977",
    "Html": "\r\n<div>\r\n<p>1. Download R2 Gold from psHyperv.codeplex.com</p>\r\n<p>2. Before doing anything else; Right click on zip file and UNBLOCK</p>\r\n<p>3. Install HyperV module</p>\r\n<p>3. Bring up Powershell &quot;Set-ExecutionPolicy RemoteSigned&quot;</p>\r\n<p>4. Create Powershell profile on machine</p>\r\n<p>a. $profile (Will tell you path of default profile)</p>\r\n<p>b. Test-Path $profile (Will tell you if there is a profile)</p>\r\n<p>c. If no profile ceate one : New-Item -path $profile -type file -force</p>\r\n<p></p>\r\n<p>5.Open profile: notepad $profile</p>\r\n<p>6.Type this: Import-Module 'C:\\Program Files\\modules\\Hyperv'</p>\r\n<p>You can also set Powershell start up path in the profile</p>\r\n<p>&quot;Set-Location C:\\Scripts&quot;</p>\r\n<p>7.Create Powershell Script for VM Snapshot</p>\r\n<p>8.Run script with local administrator rights (In our case)</p>\r\n<p>9.Make sure Task Scheduler kills task after 30 min running</p>\r\n<p></p>\r\n<p></p>\r\n</div>\r\n",
    "PostedDate": "2011-08-19T06:48:24.93-07:00",
    "UserRole": null,
    "MarkedAsAnswerDate": null
  }
]