[
  {
    "Id": "137495",
    "ThreadId": "41438",
    "Html": "I get the list of commands after issuing: .\\hyperv\\hyperv.ps1 <br>\r\n<br>\r\n<p>VM Functions added</p>\r\n<p>Name<br>\r\n----<br>\r\nAdd-VMDISK<br>\r\nAdd-VMDRIVE<br>\r\nAdd-VMFloppyDisk<br>\r\nAdd-VMNewHardDisk<br>\r\nAdd-VMNIC<br>\r\nAdd-VMSCSIController<br>\r\nApply-VMSnapshot<br>\r\nChoose-VM<br>\r\nchoose-VMExternalEthernet<br>\r\nChoose-VMNIC<br>\r\nChoose-VMSnapshot</p>\r\n...<br>\r\n<br>\r\n<br>\r\nAfter that, any command Get-VM for example will give the following error.<br>\r\n<br>\r\nThe term 'Get-VM' is not recognized as a cmdlet, function, operable program, or script file. Verify the term and try ag<br>\r\nain.<br>\r\nAt line:1 char:6<br>\r\n+ Get-VM &lt;&lt;&lt;&lt;<br>\r\n<br>\r\n<br>\r\nThanks.<br>\r\n",
    "PostedDate": "2008-12-03T17:09:06.393-08:00",
    "UserRole": null,
    "MarkedAsAnswerDate": null
  },
  {
    "Id": "138253",
    "ThreadId": "41438",
    "Html": "Powershell requires you to put a . in front of the script name to keep the functions in memory after the script has run. <br>\r\nRun it as <br>\r\n<br>\r\n.  .\\hyperv.ps1<br>\r\n<br>\r\nand it will work ....\r\n",
    "PostedDate": "2008-12-06T09:29:14.683-08:00",
    "UserRole": null,
    "MarkedAsAnswerDate": null
  },
  {
    "Id": "138759",
    "ThreadId": "41438",
    "Html": "Amen :)<br>\r\n<br>\r\nThanks, never thought the other post with similar recomendation was related.<br>\r\nThis worked.\r\n",
    "PostedDate": "2008-12-08T14:44:26.01-08:00",
    "UserRole": null,
    "MarkedAsAnswerDate": null
  }
]