[
  {
    "Id": "228809",
    "ThreadId": "67323",
    "Html": "<p>We have quite a few instances of Hyper-V Server 2008. &nbsp;This is a minimal version of 2008 (no GUI I believe).</p>\r\n<p>These boxes do not show up when doing a Get-VMHost with a domain name. &nbsp;So, for example:</p>\r\n<pre>Get-VMHost -domain mydomain.com</pre>\r\n<p>That will not return these boxes. &nbsp;However this will:</p>\r\n<pre style=\"color:#000000;font-family:Consolas, 'Courier New', Courier, monospace;font-size:1em;margin:8px\">Get-VMHost</pre>\r\n<p>How can I specify the domain I want to discover hosts on and get back the instances that are running HV Server 2008?</p>",
    "PostedDate": "2009-08-28T11:52:08.1-07:00",
    "UserRole": null,
    "MarkedAsAnswerDate": null
  },
  {
    "Id": "230764",
    "ThreadId": "67323",
    "Html": "<p>There is an example in the script - get-vmhost&nbsp;&nbsp; &quot;DC=ite,DC=contoso,DC=com&quot;</p>\r\n<p>You need to write the domain name in AD syntax, not DNS syntax, that way &nbsp;get-vmhost &quot;Ou=MyServers,DC=MyDomain,Dc=Com&quot; will work.</p>\r\n<p>&nbsp;</p>",
    "PostedDate": "2009-09-03T10:26:45.877-07:00",
    "UserRole": null,
    "MarkedAsAnswerDate": null
  }
]