[
  {
    "Id": "717365",
    "ThreadId": "284220",
    "Html": "\r\n<p>Hi,</p>\r\n<p>for a script I'm creating I want to shut down a machine. this is not a problem but while polling for &quot;Stopped&quot; I get error messages when it is in the running state coming from the vm1.ps1 script file. I guess I have the latest version since I downloaded\r\n the files yesterday, yet I didn't find the same error reported.</p>\r\n<p><strong>Following loop is executed</strong></p>\r\n<p>Write-Host &quot;Shutting down VM&quot;&nbsp; -ForegroundColor Yellow<br>\r\nWrite-Host <br>\r\nInvoke-VMShutdown -VM $VMName -Reason &quot;Shutdown for export backup of VM&quot; -Force</p>\r\n<p># --&gt; There is no wait parameter for the shutdown available, so we must poll for it's state<br>\r\n$i = 1<br>\r\n$VMEnabledState = &quot;&quot;<br>\r\nDo {<br>\r\n&nbsp;$i&#43;&#43;<br>\r\n&nbsp;&nbsp;<br>\r\n&nbsp;## Get the VMs Current State<br>\r\n&nbsp;$VMState = Get-VMSummary $VMName<br>\r\n&nbsp;$VMState <br>\r\n&nbsp;$VMEnabledState = $VMState.EnabledState<br>\r\n&nbsp;Start-Sleep -s 5<br>\r\n}<br>\r\nwhile ($VMEnabledState -ne &quot;Stopped&quot; -or $i -gt 600)</p>\r\n<p><strong>Which generates the below output. As soon as the machine is in the stopped state, the errors are gone and the script continues (so it is not critical, but not nice either). Any idea what is causing this?\r\n</strong></p>\r\n<p><span style=\"color:#ffff00\">Shutting down VM</span></p>\r\n<p>CPUCount&nbsp;&nbsp;&nbsp;&nbsp;&nbsp;&nbsp;&nbsp; : 1<br>\r\nSnapshots&nbsp;&nbsp;&nbsp;&nbsp;&nbsp;&nbsp; : 5<br>\r\nGuestOS&nbsp;&nbsp;&nbsp;&nbsp;&nbsp;&nbsp;&nbsp;&nbsp; : Windows Server 2008 R2 Standard<br>\r\nUptime&nbsp;&nbsp;&nbsp;&nbsp;&nbsp;&nbsp;&nbsp;&nbsp;&nbsp; : 61870<br>\r\nUptimeFormatted : 12:01:01<br>\r\nCPULoadHistory&nbsp; : {0, 0, 0, 0...}<br>\r\nHost&nbsp;&nbsp;&nbsp;&nbsp;&nbsp;&nbsp;&nbsp;&nbsp;&nbsp;&nbsp;&nbsp; : SRVBLADE3<br>\r\nIpAddress&nbsp;&nbsp;&nbsp;&nbsp;&nbsp;&nbsp; : 10.0.14.15<br>\r\nJobs&nbsp;&nbsp;&nbsp;&nbsp;&nbsp;&nbsp;&nbsp;&nbsp;&nbsp;&nbsp;&nbsp; : {Starting, Initializing, Starting}<br>\r\nVMElementName&nbsp;&nbsp; : 10.0.14.15 - SRVQAVXML<br>\r\nNotes&nbsp;&nbsp;&nbsp;&nbsp;&nbsp;&nbsp;&nbsp;&nbsp;&nbsp;&nbsp; :<br>\r\nHeartbeat&nbsp;&nbsp;&nbsp;&nbsp;&nbsp;&nbsp; : OK<br>\r\nFQDN&nbsp;&nbsp;&nbsp;&nbsp;&nbsp;&nbsp;&nbsp;&nbsp;&nbsp;&nbsp;&nbsp; : SRVQAVXML<br>\r\nCPULoad&nbsp;&nbsp;&nbsp;&nbsp;&nbsp;&nbsp;&nbsp;&nbsp; : 0<br>\r\nCreationTime&nbsp;&nbsp;&nbsp; : 20110823145108.509710-000<br>\r\nEnabledState&nbsp;&nbsp;&nbsp; : Running<br>\r\nName&nbsp;&nbsp;&nbsp;&nbsp;&nbsp;&nbsp;&nbsp;&nbsp;&nbsp;&nbsp;&nbsp; : B27E5860-596F-4DE7-B982-DA8430876DED<br>\r\nMemoryUsage&nbsp;&nbsp;&nbsp;&nbsp; : 2048</p>\r\n<p><span style=\"color:#ff0000\">Unable to index into an object of type System.Management.Automation.PSObject.</span><br>\r\n<span style=\"color:#ff0000\">At C:\\program files\\modules\\hyperv\\VM.ps1:505 char:47</span><br>\r\n<span style=\"color:#ff0000\">&#43;&nbsp;&nbsp;&nbsp;&nbsp;&nbsp;&nbsp;&nbsp;&nbsp;&nbsp;&nbsp;&nbsp;&nbsp; if ($VM.EnabledState -ne $vmstate[ &lt;&lt;&lt;&lt; &quot;Running&quot;]) {</span><br>\r\n<span style=\"color:#ff0000\">&nbsp;&nbsp;&nbsp; &#43; CategoryInfo&nbsp;&nbsp;&nbsp;&nbsp;&nbsp;&nbsp;&nbsp;&nbsp;&nbsp; : InvalidOperation: (Running:String) [], RuntimeEx</span><br>\r\n<span style=\"color:#ff0000\">&nbsp;&nbsp; ception</span><br>\r\n<span style=\"color:#ff0000\">&nbsp;&nbsp;&nbsp; &#43; FullyQualifiedErrorId : CannotIndex</span></p>\r\n",
    "PostedDate": "2011-12-27T00:35:22.447-08:00",
    "UserRole": null,
    "MarkedAsAnswerDate": null
  },
  {
    "Id": "752371",
    "ThreadId": "284220",
    "Html": "<p>It is becasue of line 221 in VM.ps1. I remarked it and no longer recieve the error. Be sure to move the curly bracket at the end to a new line.</p>\r\n<p>&nbsp;</p>\r\n<p>﻿﻿﻿﻿﻿﻿﻿</p>\r\n<p>﻿</p>",
    "PostedDate": "2012-02-10T05:26:12.827-08:00",
    "UserRole": null,
    "MarkedAsAnswerDate": null
  }
]