[
  {
    "Id": "153927",
    "ThreadId": "46119",
    "Html": "<p>When I issue get-vm, I get this:<br>\r\nHost                      VMElementName             State        Up-Time (mS) Owner<br>\r\n--------                  -------------             -----        ------------ -----<br>\r\nVALACAR                   TARONDOR                  Running      263138539    VALACAR\\Administrator<br>\r\nVALACAR                   NARMACIL                  Running      263128618    VALACAR\\Administrator<br>\r\nVALACAR                   MINARDIL                  Running      263125950    VALACAR\\Administrator<br>\r\nVALACAR                   TELEMNAR                  Running      263098447    VALACAR\\Administrator<br>\r\nVALACAR                   SHARKY                    Running      263130661    VALACAR\\Administrator<br>\r\nVALACAR                   ELDACAR                   Running      257016608    VALACAR\\Administrator<br>\r\nVALACAR                   NETINFO-DEV               Running      263166588    VALACAR\\Administrator<br>\r\nVALACAR                   SHARKEY                   Stopped      0            VALACAR\\Administrator<br>\r\nVALACAR                   VINYARION                 Running      263200175    VALACAR\\Administrator<br>\r\nVALACAR                   SHADOWFAX                 Running      14553426     VALACAR\\Administrator<br>\r\nVALACAR                   MEN                       Running      263174123    VALACAR\\Administrator<br>\r\nVALACAR                   CALMACIL                  Running      263137198    VALACAR\\Administrator<br>\r\nVALACAR                   MINALCAR                  Running      263137229    VALACAR\\Administrator</p>\r\n<p>when I issue get-vmmemory, I get this:</p>\r\n<p>VMElmentName                   VirtualQuantity  Limit            Reservation<br>\r\n------------                   ---------------  -----            -----------<br>\r\n                               2048             2048             2048<br>\r\n                               2048             2048             2048<br>\r\n                               2048             2048             2048<br>\r\n                               4096             4096             4096<br>\r\n                               2048             2048             2048<br>\r\n                               2048             2048             2048<br>\r\n                               1024             1024             1024<br>\r\n                               2048             2048             2048<br>\r\n                               512              512              512<br>\r\n                               2048             2048             2048<br>\r\n                               512              512              512<br>\r\n                               2048             2048             2048<br>\r\n                               2048             2048             2048<br>\r\n<br>\r\n<br>\r\nThe VM names are not visible.<br>\r\n<br>\r\n:)<br>\r\n<br>\r\nBlake</p>\r\n",
    "PostedDate": "2009-02-03T12:45:56.78-08:00",
    "UserRole": null,
    "MarkedAsAnswerDate": null
  },
  {
    "Id": "153961",
    "ThreadId": "46119",
    "Html": "It might just be a simple typo - <strong>VMElmentName</strong> looks incorrect to me.\r\n",
    "PostedDate": "2009-02-03T13:58:20.757-08:00",
    "UserRole": null,
    "MarkedAsAnswerDate": null
  },
  {
    "Id": "155616",
    "ThreadId": "46119",
    "Html": "The element name is a type in the format XML file. I can't find anything wrong with the code which gets the VM names though. <br>\r\n<br>\r\nJust out of interest are you running against a local or remote machine ?<br>\r\n",
    "PostedDate": "2009-02-08T15:44:29.887-08:00",
    "UserRole": null,
    "MarkedAsAnswerDate": null
  },
  {
    "Id": "155794",
    "ThreadId": "46119",
    "Html": "I am running it locally on the Hyper-V server.\r\n",
    "PostedDate": "2009-02-09T07:17:29.77-08:00",
    "UserRole": null,
    "MarkedAsAnswerDate": null
  },
  {
    "Id": "161466",
    "ThreadId": "46119",
    "Html": "I am running it locally - I'd like to use this to give me output of all the current VMs and their memory allocation.  But it gives me blank for the name.  ??  Any ideas?\r\n",
    "PostedDate": "2009-02-24T07:47:26.703-08:00",
    "UserRole": null,
    "MarkedAsAnswerDate": null
  },
  {
    "Id": "168537",
    "ThreadId": "46119",
    "Html": "Finally been able to repro !! <br>\r\n<br>\r\nIt only affects Running VMs with snapshots. <br>\r\n<br>\r\nIn the Formatting XML search for memory and you'll find a section with this line in it<br>\r\n<br>\r\n           &lt;scriptBlock&gt;(get-wmiobject -computername $_.__Server -namespace root\\virtualization -query &quot;associators of {$_} &quot;).elementName&lt;/scriptBlock&gt;<br>\r\n<br>\r\nit need to be changed to            <br>\r\n&lt;scriptBlock&gt;(get-wmiobject -computername $_.__Server -namespace root\\virtualization -query &quot;associators of {$_}  where resultclass=Msvm_VirtualSystemSettingData&quot;).elementName&lt;/scriptBlock&gt;<br>\r\n<br>\r\nOtherwise where there are snapshots multiple items will be returned. <br>\r\n<br>\r\nI've now got to go through the XML looking for other places where this might occur before posting a proper fix<br>\r\n",
    "PostedDate": "2009-03-16T07:34:27.92-07:00",
    "UserRole": null,
    "MarkedAsAnswerDate": null
  },
  {
    "Id": "168540",
    "ThreadId": "46119",
    "Html": "This discussion has been copied to a work item. Click <a href=\"http://pshyperv.codeplex.com/WorkItem/View.aspx?WorkItemId=3920\">here</a> to go to the work item and continue the discussion.",
    "PostedDate": "2009-03-16T07:35:24.707-07:00",
    "UserRole": null,
    "MarkedAsAnswerDate": null
  }
]