[
  {
    "Id": "815549",
    "ThreadId": "350058",
    "Html": "\r\n<p>Hi!</p>\r\n<p>Does this function frees disk space, or only points Hyper-V do not use snapshots?</p>\r\n",
    "PostedDate": "2012-03-26T05:43:24.48-07:00",
    "UserRole": null,
    "MarkedAsAnswerDate": null
  },
  {
    "Id": "816857",
    "ThreadId": "350058",
    "Html": "<p>Yes, it will free disk space, but not immediately.&nbsp; The merge function will merge the contents of the avhd files with the vhd file, but the actual merge does not take effect until the VM is turned off.&nbsp; At that time, the disk space is freed up.</p>",
    "PostedDate": "2012-03-28T16:01:20.72-07:00",
    "UserRole": null,
    "MarkedAsAnswerDate": null
  },
  {
    "Id": "817009",
    "ThreadId": "350058",
    "Html": "<p><a class=\"UserProfileLink\" href=\"http://www.codeplex.com/site/users/view/TimCerl\">TimCerl</a>,</p>\r\n<p>Thank for Your response!</p>\r\n<p>But is there a function than deletes un<span>required snapshot files? The idea is to make script that deletes old snapshots and creates new in sheduler. But that increases size of &nbsp;*.avhd files on disk. And It would be perfect if we do it without turn off or save state..</span></p>",
    "PostedDate": "2012-03-29T01:09:45.077-07:00",
    "UserRole": null,
    "MarkedAsAnswerDate": null
  },
  {
    "Id": "818845",
    "ThreadId": "350058",
    "Html": "<p>The architecture of the snapshot is that it is merged upon shutdown.&nbsp; That can't be changed in the current version.&nbsp; I think it is changing in Windows 8.</p>\r\n<p>It almost sounds like you are using snapshots for backup purposes.&nbsp; Microsoft recommends against that practice.&nbsp; Snapshots are great for things like development environments, but in a production environment, you can create backups across applications that really aren't in sync with one another.</p>",
    "PostedDate": "2012-04-02T09:18:55.38-07:00",
    "UserRole": null,
    "MarkedAsAnswerDate": null
  },
  {
    "Id": "818854",
    "ThreadId": "350058",
    "Html": "<p><a class=\"UserProfileLink\" href=\"http://www.codeplex.com/site/users/view/TimCerl\">TimCerl</a>,</p>\r\n<p>Thank You very much for Your answers, now we understand situation clearly.&nbsp;</p>\r\n<p>Yes You are right, we have backup mechanism now, but I wanted to make few snapshots at same time, becouse we have problems with&nbsp;simultaneously backup of mail server and DC(mail server vhd size is near 600 GB). So snapshots that could dissapear would be very cool for us, unfortunately not in this version.</p>\r\n<p>Ok <a class=\"UserProfileLink\" href=\"http://www.codeplex.com/site/users/view/TimCerl\">TimCerl</a>,&nbsp;Thank You twice&nbsp;for Your response! :)</p>",
    "PostedDate": "2012-04-02T09:45:22.32-07:00",
    "UserRole": null,
    "MarkedAsAnswerDate": null
  }
]