[
  {
    "Id": "632598",
    "ThreadId": "262688",
    "Html": "\r\n<p>I found some issues with Invoke-VMShutdown:</p>\r\n<p>-Wai&nbsp; is not a valid argument, even though it is documented a in help</p>\r\n<p>- ShutdownTimeOut is missing in help</p>\r\n<p>- ShutdownTimeOut is not working, I&nbsp;believe because the variable is miss-spelled:</p>\r\n<p>Function Invoke-VMShutdown<br>\r\n{# .ExternalHelp&nbsp; MAML-VM.XML<br>\r\n&nbsp;&nbsp; [CmdletBinding(SupportsShouldProcess=$True , ConfirmImpact='High' )]<br>\r\n&nbsp;&nbsp;&nbsp; Param(<br>\r\n&nbsp;&nbsp;&nbsp;&nbsp;&nbsp;&nbsp;&nbsp; [parameter(Mandatory = $true, ValueFromPipeline = $true)]<br>\r\n&nbsp;&nbsp;&nbsp;&nbsp;&nbsp;&nbsp;&nbsp; $VM, <br>\r\n&nbsp;&nbsp;&nbsp;&nbsp;&nbsp;&nbsp;&nbsp; <br>\r\n&nbsp;&nbsp;&nbsp;&nbsp;&nbsp;&nbsp;&nbsp; [parameter()][ValidateNotNullOrEmpty()]<br>\r\n&nbsp;&nbsp;&nbsp;&nbsp;&nbsp;&nbsp;&nbsp; [string]$Reason = &quot;Scripted&quot;,<br>\r\n&nbsp;&nbsp;&nbsp;&nbsp;&nbsp;&nbsp;&nbsp; <br>\r\n&nbsp;&nbsp;&nbsp;&nbsp;&nbsp;&nbsp;&nbsp; [parameter()][ValidateNotNullOrEmpty()]<br>\r\n&nbsp;&nbsp;&nbsp;&nbsp;&nbsp;&nbsp;&nbsp; $Server = &quot;.&quot;,&nbsp;&nbsp; #May need to look for VM(s) on Multiple servers</p>\r\n<p>&nbsp;&nbsp;&nbsp;&nbsp;&nbsp;&nbsp;&nbsp; [int]<strong>$ShutdownTimeOut </strong>\r\n, <br>\r\n&nbsp;&nbsp;&nbsp;&nbsp;&nbsp;&nbsp;&nbsp;&nbsp;&nbsp; <br>\r\n&nbsp;&nbsp;&nbsp;&nbsp;&nbsp;&nbsp;&nbsp; $PSC, <br>\r\n&nbsp;&nbsp;&nbsp;&nbsp;&nbsp;&nbsp;&nbsp; [switch]$Force<br>\r\n&nbsp;&nbsp;&nbsp; )<br>\r\n&nbsp;&nbsp;&nbsp; process {<br>\r\n&nbsp;&nbsp;&nbsp;&nbsp;&nbsp;&nbsp;&nbsp; if ($psc -eq $null)&nbsp; {$psc = $pscmdlet} ; if (-not $PSBoundParameters.psc) {$PSBoundParameters.add(&quot;psc&quot;,$psc)}<br>\r\n&nbsp;&nbsp;&nbsp;&nbsp;&nbsp;&nbsp;&nbsp; if ($VM -is [String]) { $VM = Get-VM -Name $VM -Server $Server }<br>\r\n&nbsp;&nbsp;&nbsp;&nbsp;&nbsp;&nbsp;&nbsp; if ($VM.count -gt 1 ) {[Void]$PSBoundParameters.Remove(&quot;VM&quot;) ;&nbsp; $VM | ForEach-object {Invoke-VMShutdown -VM $_&nbsp; @PSBoundParameters}}<br>\r\n&nbsp;&nbsp;&nbsp;&nbsp;&nbsp;&nbsp;&nbsp; if ($vm.__CLASS -eq 'Msvm_ComputerSystem')&nbsp;&nbsp;&nbsp;&nbsp; {<br>\r\n&nbsp;&nbsp;&nbsp;&nbsp;&nbsp;&nbsp;&nbsp;&nbsp;&nbsp;&nbsp;&nbsp; $Endtime=(get-date).addSeconds(<strong>$TimeOut</strong>)</p>\r\n<p>Regards, Gianni</p>\r\n",
    "PostedDate": "2011-06-24T09:12:31.48-07:00",
    "UserRole": null,
    "MarkedAsAnswerDate": null
  }
]