[
  {
    "Id": "286759",
    "ThreadId": "83401",
    "Html": "<p>Hello,</p>\r\n<p>I try to import a VM with the command Import-VM but I've got severeal differential disk.</p>\r\n<p>When I try to import my VM I've got a mistake. The system want all my files in the same directory ! As somebody meet this problem and have a solution (I don't want to put all the files in the same diretory).</p>\r\n<p>&nbsp;</p>\r\n<p>Thank you for your help</p>",
    "PostedDate": "2010-02-07T03:27:06.027-08:00",
    "UserRole": null,
    "MarkedAsAnswerDate": null
  },
  {
    "Id": "288113",
    "ThreadId": "83401",
    "Html": "<p>The labs that we use at Microsoft events had the same issue.&nbsp;&nbsp; I'm 99% sure that the parent does not need to be in the same folder, but does need to be attached before importing, and what usually happens is you put the parent in a different folder to the where it was&nbsp;when the export was performed.&nbsp; Connect-VHDParent&nbsp;&nbsp;&nbsp;will fix this for you, and then you should be able to import</p>\r\n<p>&nbsp;</p>",
    "PostedDate": "2010-02-10T01:43:54.68-08:00",
    "UserRole": null,
    "MarkedAsAnswerDate": null
  },
  {
    "Id": "289888",
    "ThreadId": "83401",
    "Html": "\r\n\r\n<div class=Section1>\r\n\r\n<p class=MsoNormal><span style=\"font-size:11.0pt;font-family:'Calibri','sans-serif';color:#1F497D\">Thank's for your answer.</span></p>\r\n\r\n<p class=MsoNormal><span lang=EN-US style=\"font-size:11.0pt;font-family:'Calibri','sans-serif';color:#1F497D\">I'll try your solution in a couple of day.</span></p>\r\n\r\n<p class=MsoNormal><span lang=EN-US style=\"font-size:11.0pt;font-family:'Calibri','sans-serif';color:#1F497D\"> </span></p>\r\n\r\n<div>\r\n\r\n<div style=\"border:none;border-top:solid #B5C4DF 1.0pt;padding:3.0pt 0cm 0cm 0cm\">\r\n\r\n<p class=MsoNormal><b><span style=\"font-size:10.0pt;font-family:'Tahoma','sans-serif'\">De :</span></b><span style=\"font-size:10.0pt;font-family:'Tahoma','sans-serif'\"> jamesone\r\n[mailto:notifications@codeplex.com] <br>\r\n<b>Envoyé :</b> mercredi 10 février 2010 10:44<br>\r\n<b>À :</b> psunews@free.fr<br>\r\n<b>Objet :</b> Re: Import VM with differential disk [PSHyperv:83401]</span></p>\r\n\r\n</div>\r\n\r\n</div>\r\n\r\n<p class=MsoNormal> </p>\r\n\r\n<p><span style=\"font-size:9.0pt;font-family:'Verdana','sans-serif'\">From:\r\njamesone</span></p>\r\n\r\n<div style=\"margin-bottom:24.0pt\" id=ThreadNotificationPostBody>\r\n\r\n<p><span style=\"font-size:9.0pt;font-family:'Verdana','sans-serif'\">The labs\r\nthat we use at Microsoft events had the same issue.   I'm 99% sure\r\nthat the parent does not need to be in the same folder, but does need to be\r\nattached before importing, and what usually happens is you put the parent in a\r\ndifferent folder to the where it was when the export was performed. \r\nConnect-VHDParent   will fix this for you, and then you should\r\nbe able to import</span></p>\r\n\r\n<p><span style=\"font-size:9.0pt;font-family:'Verdana','sans-serif'\"> </span></p>\r\n\r\n</div>\r\n\r\n<div style=\"border:none;border-top:solid #CCCCCC 1.0pt;padding:0cm 0cm 0cm 0cm\" id=ThreadNotificationFooter>\r\n\r\n<p><span style=\"font-size:9.0pt;font-family:'Verdana','sans-serif';color:gray\">Read\r\nthe <a href=\"http://pshyperv.codeplex.com/Thread/View.aspx?ThreadId=83401&ANCHOR#Post288113\">full\r\ndiscussion online</a>.</span></p>\r\n\r\n<p><span style=\"font-size:9.0pt;font-family:'Verdana','sans-serif';color:gray\">To\r\nadd a post to this discussion, reply to this email (<a href=\"mailto:PSHyperv@discussions.codeplex.com?subject=[PSHyperv:83401]\">PSHyperv@discussions.codeplex.com</a>)</span></p>\r\n\r\n<p><span style=\"font-size:9.0pt;font-family:'Verdana','sans-serif';color:gray\">To\r\nstart a new discussion for this project, email <a href=\"mailto:PSHyperv@discussions.codeplex.com\">PSHyperv@discussions.codeplex.com</a></span></p>\r\n\r\n<p><span style=\"font-size:9.0pt;font-family:'Verdana','sans-serif';color:gray\">You\r\nare receiving this email because you subscribed to this discussion on CodePlex.\r\nYou can <a href=\"http://www.codeplex.com/site/discussions/thread/unsubscribe/83401\">unsubscribe</a>\r\non CodePlex.com.</span></p>\r\n\r\n<p><span style=\"font-size:9.0pt;font-family:'Verdana','sans-serif';color:gray\">Please\r\nnote: Images and attachments will be removed from emails. Any posts to this\r\ndiscussion will also be available online at CodePlex.com</span></p>\r\n\r\n</div>\r\n\r\n</div>\r\n\r\n",
    "PostedDate": "2010-02-11T14:59:46.63-08:00",
    "UserRole": null,
    "MarkedAsAnswerDate": null
  }
]