[
  {
    "Id": "296827",
    "ThreadId": "89927",
    "Html": "<p>Hi there, still no joy as &quot;R2 gold&quot; setup fails when importing modules.<br>I installed the&nbsp;Jan 18th package from an elevated administrator command line,<br>on a brand new WS 2008 <strong>R2</strong> Enterprise, en-US.</p>\r\n<p>The exact message is:<br><strong><span style=\"color:#ff0000\">Import-Module : There were errors in loading the format data file:<br>Microsoft.PowerShell, , C:\\Program Files\\modules\\Hyperv\\hyperv.Format.ps1xml : File skipped bec<br>ause of the following validation exception: File C:\\Program Files\\modules\\Hyperv\\hyperv.Format.<br>ps1xml cannot be loaded. The file C:\\Program Files\\modules\\Hyperv\\hyperv.Format.ps1xml is not d<br>igitally signed. The script will not execute on the system. Please see &quot;get-help about_signing&quot;<br>&nbsp;for more details...<br>At line:1 char:14<br>+ Import-Module &lt;&lt;&lt;&lt;&nbsp; 'C:\\Program Files\\modules\\Hyperv'<br>&nbsp;&nbsp;&nbsp; + CategoryInfo&nbsp;&nbsp;&nbsp;&nbsp;&nbsp;&nbsp;&nbsp;&nbsp;&nbsp; : InvalidOperation: (:) [Import-Module], RuntimeException<br>&nbsp;&nbsp;&nbsp; + FullyQualifiedErrorId : FormatXmlUpateException,Microsoft.PowerShell.Commands.ImportModu<br>&nbsp;&nbsp; leCommand</span></strong></p>\r\n<p>so, where I am wrong? <br>do I need to &quot;set-executionpolicy unrestricted&quot; first? how to&nbsp;make it permanent, as when I re-run PS, it's back in signed? <br><br>Thanks,<br>another MS Evangelist, from Paris, France :-).</p>",
    "PostedDate": "2010-02-20T03:14:22.987-08:00",
    "UserRole": null,
    "MarkedAsAnswerDate": null
  },
  {
    "Id": "362764",
    "ThreadId": "89927",
    "Html": "<p>First, default execution policy is set to restricted by design as protection against downloaded (either deliberate or maliciously delivered) scripts.&nbsp;</p>\r\n<p>A few options here, you can run &quot;set-executionpolicy unrestricted&quot;, then run the import if you are mainly interested in checking functionality.&nbsp; Of course, this is only as long as the session lasts, which would lead you to adding it to your profile so you won't run into it again.&nbsp; I wouldn't do this under any circumstances on anything other than a test machine.&nbsp;</p>\r\n<p>The best option is to check the code and if you trust it's not going to do harm, modify the module files properties and unblock them.&nbsp; Right-click the file, under 'General', at the bottom of the tab, under the file attributes, you should see 'Security' if the file was downloaded.&nbsp; Click the 'Unblock' button to remove the flag.&nbsp; This allows the files to be run under regular execution policy settings.</p>\r\n<p><a title=\"Here's\" href=\"http://thepowershellguy.com/blogs/posh/archive/2007/01/27/powershell-accessing-alternative-data-streams-of-files-on-an-ntfs-volume.aspx\">Here</a>'s a great article and code to unblock files from within PS.&nbsp; I use it instead of stepping through each file via explorer.</p>\r\n<p>And the last, converted into a small set of <a title=cmdlets href=\"http://poshcode.org/1430\">cmdlets</a>.</p>\r\n<p>Another option is to sign certs yourself.&nbsp; I won't go into the methods to get a cert; those are well documented.&nbsp; <a title=\"Here's\" href=\"http://huddledmasses.org/signing-powershell-scripts-automatically/\">Here</a>'s a method to automatically sign certs.&nbsp;</p>\r\n<p>&nbsp;</p>",
    "PostedDate": "2010-02-22T10:55:35.907-08:00",
    "UserRole": null,
    "MarkedAsAnswerDate": null
  },
  {
    "Id": "535031",
    "ThreadId": "89927",
    "Html": "\r\n<p>I found this thread as I originally had the same error.</p>\r\n<p>I had my policy set to:&nbsp; Set-ExecutionPolicy RemoteSigned</p>\r\n<p>From the advice above I changed it to:&nbsp;&nbsp; set-executionpolicy unrestricted</p>\r\n<p>&nbsp;</p>\r\n<p>I now receive a different error, and not quite sure what to do.</p>\r\n<p>I did try running install cmd file at some point in trying to get this working, not sure if this complicated the issue.</p>\r\n<p>&nbsp;</p>\r\n<p><em><strong>Here is the error I get now when trying to run the Import-Module command:</strong></em></p>\r\n<p>&nbsp;</p>\r\n<p>PS C:\\Users\\admin\\Documents\\HyperV_Install&gt; Import-Module C:\\Users\\admin\\Documents\\HyperV_Install\\HyperV.psd1<br>\r\nImport-Module : There were errors in loading the format data file:<br>\r\nMicrosoft.PowerShell, C:\\Users\\admin\\Documents\\HyperV_Install\\HyperV_Install\\hyperv.Format.ps1xml : File not found<br>\r\n.<br>\r\nMicrosoft.PowerShell, C:\\MyUser\\PowerShell-HyperV-Module\\HyperV_Install\\hyperv.Format.ps1xml : File skipped because i<br>\r\nt was already present from &quot;Microsoft.PowerShell&quot;.<br>\r\nMicrosoft.PowerShell, C:\\MyUser\\PowerShell-HyperV-Module\\HyperV_Install\\hyperv.Format.ps1xml : File skipped because i<br>\r\nt was already present from &quot;Microsoft.PowerShell&quot;.<br>\r\nMicrosoft.PowerShell, C:\\MyUser\\PowerShell-HyperV-Module\\HyperV_Install\\hyperv.Format.ps1xml : File skipped because i<br>\r\nt was already present from &quot;Microsoft.PowerShell&quot;.<br>\r\nMicrosoft.PowerShell, C:\\MyUser\\PowerShell-HyperV-Module\\HyperV_Install\\hyperv.Format.ps1xml : File skipped because i<br>\r\nt was already present from &quot;Microsoft.PowerShell&quot;.<br>\r\nMicrosoft.PowerShell, C:\\MyUser\\PowerShell-HyperV-Module\\HyperV_Install\\hyperv.Format.ps1xml : File skipped because i<br>\r\nt was already present from &quot;Microsoft.PowerShell&quot;.<br>\r\nAt line:1 char:14<br>\r\n&#43; Import-Module &lt;&lt;&lt;&lt;&nbsp; C:\\Users\\admin\\Documents\\HyperV_Install\\HyperV.psd1<br>\r\n&nbsp;&nbsp;&nbsp; &#43; CategoryInfo&nbsp;&nbsp;&nbsp;&nbsp;&nbsp;&nbsp;&nbsp;&nbsp;&nbsp; : InvalidOperation: (:) [Import-Module], RuntimeException<br>\r\n&nbsp;&nbsp;&nbsp; &#43; FullyQualifiedErrorId : FormatXmlUpateException,Microsoft.PowerShell.Commands.ImportModuleCommand<br>\r\n<br>\r\n</p>\r\n<p>&nbsp;</p>\r\n<p><br>\r\nAny advice on this would be much appreciated.</p>\r\n<p>Thank you</p>\r\n<p>&nbsp;</p>\r\n",
    "PostedDate": "2010-12-13T07:38:24.857-08:00",
    "UserRole": null,
    "MarkedAsAnswerDate": null
  },
  {
    "Id": "552646",
    "ThreadId": "89927",
    "Html": "\r\n<p>I had this exact same issue. I fixed it by mapping the C drive of the Hyper-V (Server Core) host server to a workstation. I then right click each file in the downloaded zip file, hit properties and clicked on Unblock. This is so much easier than having to\r\n do the coding as decribed above. After that, I ran the install.cmd and it installed fine with no red text errors. Be sure to do this on every file in the downloaded zip file.</p>\r\n",
    "PostedDate": "2011-01-20T08:19:02.667-08:00",
    "UserRole": null,
    "MarkedAsAnswerDate": null
  },
  {
    "Id": "560701",
    "ThreadId": "89927",
    "Html": "\r\n<blockquote style=\"border:solid .1em #ccc; font-style:italic; margin:.25em 1em 0 1em; padding:0 .25em 0 .25em\">\r\n<strong>mschatte wrote:</strong><br>\r\n<p>I had this exact same issue. I fixed it by mapping the C drive of the Hyper-V (Server Core) host server to a workstation. I then right click each file in the downloaded zip file, hit properties and clicked on Unblock. This is so much easier than having to\r\n do the coding as decribed above. After that, I ran the install.cmd and it installed fine with no red text errors. Be sure to do this on every file in the downloaded zip file.</p>\r\n</blockquote>\r\n<p>&nbsp;Alternatively Unblock the zip file before unzipping it.</p>\r\n",
    "PostedDate": "2011-02-04T04:22:07.643-08:00",
    "UserRole": null,
    "MarkedAsAnswerDate": null
  },
  {
    "Id": "641535",
    "ThreadId": "89927",
    "Html": "<p>This issue has been posted a while back, but I ran into the same issue natv was going through.. I fixed it by moving the Module Folder to the PSPATH indicated by the system variable. Once there I had no issues importing the library.</p>\r\n<p>An interesting issue was that running the install with the folder on a drive different than C, I was able to use the the v1.0 powershell interface and not the ISE. Moving the library file to the PSPAth resolved that issue as well.</p>",
    "PostedDate": "2011-07-13T01:51:29.79-07:00",
    "UserRole": null,
    "MarkedAsAnswerDate": null
  }
]