[
  {
    "Id": "515958",
    "ThreadId": "233176",
    "Html": "\r\n<p>Hi,</p>\r\n<p>When I try to change VLAN ID for a network card using the following command I will get the following error:</p>\r\n<p>Command:</p>\r\n<p>get-vmnic&nbsp;server01 | set-vmnicvlan -vlanid 0</p>\r\n<p>Error:</p>\r\n<p>Property 'DesiredEndpointMode' cannot be found on this object; make sure it exists and is settable.<br>\r\nAt C:\\Program Files\\Modules\\hyperv\\Network.ps1:524 char:61<br>\r\n&#43;&nbsp;&nbsp;&nbsp;&nbsp;&nbsp;&nbsp;&nbsp;&nbsp;&nbsp;&nbsp;&nbsp;&nbsp;&nbsp;&nbsp;&nbsp; if ($Vlan.DesiredEndpointMode -ne 5 ) {$Vlan. &lt;&lt;&lt;&lt; DesiredEndpointMode=5&nbsp;&nbsp; ; $Vlan.put() | out-null }<br>\r\n&nbsp;&nbsp;&nbsp; &#43; CategoryInfo&nbsp;&nbsp;&nbsp;&nbsp;&nbsp;&nbsp;&nbsp;&nbsp;&nbsp; : InvalidOperation: (DesiredEndpointMode:String) [], RuntimeException<br>\r\n&nbsp;&nbsp;&nbsp; &#43; FullyQualifiedErrorId : PropertyNotFound</p>\r\n<p>You cannot call a method on a null-valued expression.<br>\r\nAt C:\\Program Files\\Modules\\hyperv\\Network.ps1:524 char:96<br>\r\n&#43;&nbsp;&nbsp;&nbsp;&nbsp;&nbsp;&nbsp;&nbsp;&nbsp;&nbsp;&nbsp;&nbsp;&nbsp;&nbsp;&nbsp;&nbsp; if ($Vlan.DesiredEndpointMode -ne 5 ) {$Vlan.DesiredEndpointMode=5&nbsp;&nbsp; ; $Vlan.put &lt;&lt;&lt;&lt; () | out-null }<br>\r\n&nbsp;&nbsp;&nbsp; &#43; CategoryInfo&nbsp;&nbsp;&nbsp;&nbsp;&nbsp;&nbsp;&nbsp;&nbsp;&nbsp; : InvalidOperation: (put:String) [], RuntimeException<br>\r\n&nbsp;&nbsp;&nbsp; &#43; FullyQualifiedErrorId : InvokeMethodOnNull</p>\r\n<p>Get-WmiObject : Invalid object path<br>\r\nAt C:\\Program Files\\Modules\\hyperv\\Network.ps1:525 char:42<br>\r\n&#43;&nbsp;&nbsp;&nbsp;&nbsp;&nbsp;&nbsp;&nbsp;&nbsp;&nbsp;&nbsp;&nbsp;&nbsp;&nbsp;&nbsp;&nbsp; $VlanSetting=Get-WmiObject &lt;&lt;&lt;&lt;&nbsp; -ComputerName $Nic.__Server -Namespace $HyperVNamespace -q &quot;associato<br>\r\nrs of {$Vlan} where assocClass=MSVM_NetWorkElementSettingData&quot;<br>\r\n&nbsp;&nbsp;&nbsp; &#43; CategoryInfo&nbsp;&nbsp;&nbsp;&nbsp;&nbsp;&nbsp;&nbsp;&nbsp;&nbsp; : InvalidOperation: (:) [Get-WmiObject], ManagementException<br>\r\n&nbsp;&nbsp;&nbsp; &#43; FullyQualifiedErrorId : GetWMIManagementException,Microsoft.PowerShell.Commands.GetWmiObjectCommand</p>\r\n<p>Property 'TrunkedVLANList' cannot be found on this object; make sure it exists and is settable.<br>\r\nAt C:\\Program Files\\Modules\\hyperv\\Network.ps1:526 char:85<br>\r\n&#43;&nbsp;&nbsp;&nbsp;&nbsp;&nbsp;&nbsp;&nbsp;&nbsp;&nbsp;&nbsp;&nbsp;&nbsp;&nbsp;&nbsp;&nbsp; if ($VlanSetting.TrunkedVLANList -notContains $VlanID) {$VlanSetting. &lt;&lt;&lt;&lt; TrunkedVLANList &#43;= $VlanID<br>\r\n; $VlanSetting.put() | out-null}<br>\r\n&nbsp;&nbsp;&nbsp; &#43; CategoryInfo&nbsp;&nbsp;&nbsp;&nbsp;&nbsp;&nbsp;&nbsp;&nbsp;&nbsp; : InvalidOperation: (TrunkedVLANList:String) [], RuntimeException<br>\r\n&nbsp;&nbsp;&nbsp; &#43; FullyQualifiedErrorId : PropertyNotFound</p>\r\n<p>You cannot call a method on a null-valued expression.<br>\r\nAt C:\\Program Files\\Modules\\hyperv\\Network.ps1:526 char:130<br>\r\n&#43;&nbsp;&nbsp;&nbsp;&nbsp;&nbsp;&nbsp;&nbsp;&nbsp;&nbsp;&nbsp;&nbsp;&nbsp;&nbsp;&nbsp;&nbsp; if ($VlanSetting.TrunkedVLANList -notContains $VlanID) {$VlanSetting.TrunkedVLANList &#43;= $VlanID ; $Vla<br>\r\nnSetting.put &lt;&lt;&lt;&lt; () | out-null}<br>\r\n&nbsp;&nbsp;&nbsp; &#43; CategoryInfo&nbsp;&nbsp;&nbsp;&nbsp;&nbsp;&nbsp;&nbsp;&nbsp;&nbsp; : InvalidOperation: (put:String) [], RuntimeException<br>\r\n&nbsp;&nbsp;&nbsp; &#43; FullyQualifiedErrorId : InvokeMethodOnNull</p>\r\n<p>Any suggestions to what is going wrong?</p>\r\n<p>But despite the error the vlanid is changed.</p>\r\n",
    "PostedDate": "2010-11-02T07:50:04.547-07:00",
    "UserRole": null,
    "MarkedAsAnswerDate": null
  },
  {
    "Id": "829059",
    "ThreadId": "233176",
    "Html": "<p>I just ran into this and there is a missing variable.&nbsp; Open network.ps1 and go to line 524 and you will find \"</p>\r\n<p>&nbsp;foreach-object {Get-WmiObject -Namespace -ComputerName $Nic.__Server $HyperVNamespace -q ...</p>\r\n<p>Note how the namespace is&nbsp;at the wrong place, so move it:</p>\r\n<p>&nbsp;foreach-object {Get-WmiObject -Namespace $HyperVNamespace -ComputerName $Nic.__Server -q&nbsp;...</p>",
    "PostedDate": "2012-04-26T12:28:09.137-07:00",
    "UserRole": null,
    "MarkedAsAnswerDate": null
  },
  {
    "Id": "829093",
    "ThreadId": "233176",
    "Html": "<p>I use the following command and it's working for me</p>\r\n<p>Get-VM \"P2V\" |Get-VMNIC |Set-VMNICVLAN -VLANID \"11\"</p>",
    "PostedDate": "2012-04-26T14:02:59.657-07:00",
    "UserRole": null,
    "MarkedAsAnswerDate": null
  },
  {
    "Id": "837202",
    "ThreadId": "233176",
    "Html": "<p>This Does't work for me...</p>\r\n<p>I do the followign commands that I've got from get-vmbuildscript, then I've just added vmnicVlan</p>\r\n<p>$NIC = Add-VMNIC&nbsp;&nbsp;&nbsp;&nbsp;&nbsp;&nbsp;&nbsp;&nbsp;&nbsp;&nbsp;&nbsp;&nbsp;&nbsp; -VM&nbsp;&nbsp; $VM&nbsp;</p>\r\n<p>Set-VMNICAddress&nbsp;&nbsp;&nbsp;&nbsp;&nbsp;&nbsp;&nbsp;&nbsp;&nbsp;&nbsp;&nbsp;&nbsp;&nbsp; -NIC&nbsp; $NIC -MAC 00155D129D25<br />set-VMNIcVLAN&nbsp;&nbsp;&nbsp;&nbsp;&nbsp;&nbsp;&nbsp;&nbsp;&nbsp;&nbsp;&nbsp;&nbsp;&nbsp;&nbsp;&nbsp;&nbsp;&nbsp; -NIC $NIC&nbsp; -VLANID \"28\"</p>\r\n<p>It doesn't generate any error, but it does nothing, VLAN is always 0&nbsp;but, &nbsp;MaAcddress is correctly assigned.</p>\r\n<p>Any idea?</p>\r\n<p>Thanks in advance</p>",
    "PostedDate": "2012-05-16T07:16:09.277-07:00",
    "UserRole": null,
    "MarkedAsAnswerDate": null
  },
  {
    "Id": "840895",
    "ThreadId": "233176",
    "Html": "<p>I'll answer to myself, perhaps other people had the same problem</p>\r\n<p>set-VMNicVLAN command requires an associated switch was previously created on the VM</p>\r\n<p>&nbsp;</p>",
    "PostedDate": "2012-05-25T05:22:17.257-07:00",
    "UserRole": null,
    "MarkedAsAnswerDate": null
  }
]