[
  {
    "Id": "251924",
    "ThreadId": "73683",
    "Html": "<p>Hello,</p>\r\n<p>what can cause this error:</p>\r\n<p>The term 'menu' is not recognized as the name of a cmdlet, function, script file, or operable p<br>rogram. Check the spelling of the name, or if a path was included, verify that the path is corr<br>ect and try again.<br>At line:1 char:55<br>+ Import-Module 'C:\\Program Files\\modules\\Hyperv' ; menu &lt;&lt;&lt;&lt;<br>&nbsp;&nbsp;&nbsp; + CategoryInfo&nbsp;&nbsp;&nbsp;&nbsp;&nbsp;&nbsp;&nbsp;&nbsp;&nbsp; : ObjectNotFound: (menu:String) [], CommandNotFoundException<br>&nbsp;&nbsp;&nbsp; + FullyQualifiedErrorId : CommandNotFoundException</p>\r\n<p>during final phase of installation process?</p>\r\n<p>Thanks in advance</p>\r\n<p>P.S. I'm running installation on RTM Hyper-V R2 Server</p>",
    "PostedDate": "2009-10-31T05:23:56.5-07:00",
    "UserRole": null,
    "MarkedAsAnswerDate": null
  },
  {
    "Id": "251963",
    "ThreadId": "73683",
    "Html": "<p>You can ignore this error - it was caused by a bad edit in the installation file and - I reused the one from psconfig this will be fixed later today.</p>\r\n<p>If you want to use the menu the command is show-hypervMenu. You can start powershell with the line</p>\r\n<p>Import-Module 'C:\\Program Files\\modules\\Hyperv' ; show-hypervMenu</p>\r\n<p>You can make this the shell if you want to - have a look at codeplex.com/psconfig for how.</p>\r\n<p>&nbsp;</p>",
    "PostedDate": "2009-10-31T09:18:17.323-07:00",
    "UserRole": null,
    "MarkedAsAnswerDate": null
  }
]