[
  {
    "Id": "509936",
    "ThreadId": "231632",
    "Html": "<p>Hi James</p>\r\n<p>I've just installed your terrific module on 2008 R2 SP1 Beta Core.</p>\r\n<p>the creation of VM runs apparently smooth:</p>\r\n<p>PS&gt;Import-Module HyperV</p>\r\n<p>PS&gt;$VMname = &ldquo;Win XP x64&rdquo;</p>\r\n<p>PS&gt;$VHDname = &ldquo;c:\\VHDs\\$($VMname ).VHD&rdquo;</p>\r\n<p>PS&gt;$newVM = (New-VM $VMname)</p>\r\n<p>PS&gt;Set-VMMemory $newVM 1024MB</p>\r\n<p>PS&gt;Set-VMCPUCount $newVM 1</p>\r\n<p>PS&gt;Add-VMDrive $new &nbsp;0 0</p>\r\n<p>PS&gt;New-VHD $VHDname 4GB -wait</p>\r\n<p>PS&gt;Add-VMDisk $newVM 0 0 $VHDname&nbsp;</p>\r\n<p>PS&gt;Add-VMDrive $newVM 1 0 &ndash;dvd</p>\r\n<p>PS&gt;Add-VMDisk $newVM 1 0 &ldquo;C:\\ISOs\\WinXP_x64.iso&rdquo; &ndash;dvd</p>\r\n<p>PS&gt;Add-VMNIC $newVM -virtualSwitch &ldquo;Public&rdquo;</p>\r\n<p>(normal informational output omitted...)</p>\r\n<p>&nbsp;</p>\r\n<p>However, the final shot&nbsp;</p>\r\n<p>PS&gt;VM-Start $newVM -wait</p>\r\n<p>causes failure:</p>\r\n<p>Test-WMIResult : Failed to change state of VM Win XP x64 to: Running'Win XP x64' failed to start. (Virtual machine ID 362498E7-15B5-4600-B541-D1A9A3271E6B)</p>\r\n<p>The Virtual Machine Management Service failed to start the virtual machine 'Win&nbsp;XP x64' because one of the Hyper-V components is not running (Virtual machineID 362498E7-15B5-4600-B541-D1A9A3271E6B).</p>\r\n<p>At C:\\Program Files\\Modules\\HyperV\\VM.ps1:709 char:65 &nbsp; &nbsp; &nbsp; &nbsp; &nbsp; &nbsp; &nbsp; &nbsp;&nbsp;</p>\r\n<p>+ $VM.RequestStateChange($State) | Test-wmiResult &lt;&lt;&lt;&lt; &nbsp;-wait:$wait -JobWaitText ($lStr_VMStateWaiting -f $State, $Vm.elementName ) `&nbsp;&nbsp; &nbsp;</p>\r\n<p>+ CategoryInfo &nbsp; &nbsp; &nbsp; &nbsp; &nbsp;: NotSpecified: (:) [Write-Error], WriteErrorException&nbsp;&nbsp; &nbsp;</p>\r\n<p>+ FullyQualifiedErrorId : Microsoft.PowerShell.Commands.WriteErrorException,Test-WMIResult<br>Failed</p>\r\n<p>&nbsp;</p>\r\n<p>What can be the reason? Am I missing something?</p>\r\n<p>Thank you in advance</p>",
    "PostedDate": "2010-10-20T07:18:16.967-07:00",
    "UserRole": null,
    "MarkedAsAnswerDate": null
  },
  {
    "Id": "511203",
    "ThreadId": "231632",
    "Html": "\r\n<p>It sounds like the hypervisor isn't running, so you can configure but not start VMs. I'd have a dig in the event log for reasons why that might be, but the most common is not enabling virtualization support in the system bios (which requires a complete power\r\n cycle once you've done it).</p>\r\n<p>&nbsp;</p>\r\n",
    "PostedDate": "2010-10-22T09:51:30.547-07:00",
    "UserRole": null,
    "MarkedAsAnswerDate": null
  }
]