[
  {
    "Id": "512700",
    "ThreadId": "232359",
    "Html": "\r\n<p>Hi folks,</p>\r\n<p>I would like to schedule a little script to export all my VMs every sunday to an external disk.</p>\r\n<p>Do I have to create a PS1 file containing every cmdlet? and then run this file from the Windows task scheduler?</p>\r\n<p>If someone could give me an example, it would be great !!</p>\r\n<p>Thanks in advance !</p>\r\n<p>&nbsp;</p>\r\n",
    "PostedDate": "2010-10-26T06:35:12.253-07:00",
    "UserRole": null,
    "MarkedAsAnswerDate": null
  },
  {
    "Id": "573270",
    "ThreadId": "232359",
    "Html": "<p>This is a piece of code that I wrote that I believe does what your looking for, it does the following:</p>\r\n<p>1. Shuts down each VM<br />2. Takes a snapshot of the VM and waits 30 seconds<br />3. Starts the VM<br />4. Copies the Snapshot off to our DR Hyper-V server<br />5. Shuts down the VM and tells it to remove the snapshots (merge them)<br />6. Allows the snapshot to merge wiats 90 seconds<br />7. Starts the VM<br />8. Writes each step to Copy.txt&nbsp;<br />9. moves on to the next VM</p>\r\n<p>10. After all VM have been copied, mails the copy.txt to our support group.&nbsp;</p>\r\n<p>VM's are located in D:\\VM-Config<br />VM Drives are located in D:\\VM-Drive&nbsp;<br />Scripts are located in D:\\VM-Backup-Script&nbsp;</p>\r\n<p>I run this as a scheduled task using a cmd file. <br />The file must be run as a user that has Admin rights on both Hyper-V servers.</p>\r\n<p><strong>CMD Code:</strong></p>\r\n<p>PowerShell \"D:\\VM-Backup-Script\\new-backup-multi.PS1\" /wait</p>\r\n<p><strong>Power Shell Code: (new-backup-multi.PS1)</strong></p>\r\n<p>Set-ExecutionPolicy unrestricted -force<br />import-module \"C:\\Program Files\\HyperV_Powershell\\hyperv.psd1\"<br />Remove-Item D:\\VM-Backup-Script\\copy.txt<br />$arrComps = \"Server1\", \"Server2\", \"Server3\"<br />Start-Transcript D:\\VM-Backup-Script\\copy.txt<br />foreach ($arrComps in $arrComps)<br />{<br />invoke-vmshutdown $arrComps -force<br />new-vmsnapshot $arrComps -force -waitstart-sleep -s 30<br />Start-VM $arrComps -HeartBeatTimeOut 300</p>\r\n<p>$date = Get-Date -format yyyy-MM-dd<br />New-Item \\\\phys-hvb\\d$\\VM-Drives\\$date -type directory -force<br />Copy-Item D:\\VM-Drives\\$arrComps\\*.vhd \\\\Remote-Server\\d$\\VM-Drives\\$date\\<br />select-vmsnapshot $arrComps | remove-vmsnapshot -wait -tree -force<br />invoke-vmshutdown $arrComps -force<br />start-sleep -s 90<br />Start-VM $arrComps -HeartBeatTimeOut 300<br />}<br />Stop-Transcript<br /><br />$fileData = (Get-Content \"D:\\VM-Backup-Script\\copy.txt\" | out-string)<br />$file = \"D:\\VM-Backup-Script\\copy.txt\"<br />$smtpServer = \"your SMTP relay Server\"<br />$msg = new-object Net.Mail.MailMessage<br />$att = new-object Net.Mail.Attachment($file)<br />$smtp = new-object Net.Mail.SmtpClient($smtpServer)<br />$msg.From = \"Your-Server@mail.com\"<br />$msg.To.Add(\"Recipient@mail.com\")<br />$msg.Subject = \"Hyper-V Backup Results\"<br />$msg.Body = $fileData<br />$msg.Attachments.Add($att)<br />$smtp.Send($msg)<br />$att.Dispose()</p>",
    "PostedDate": "2011-02-28T07:01:13.33-08:00",
    "UserRole": null,
    "MarkedAsAnswerDate": null
  }
]