[
  {
    "Id": "257108",
    "ThreadId": "75128",
    "Html": "<p>Hello all,</p>\r\n<p>I'm new with the PS Library for Hyper-V and already took a look in the pdf-doc. But I'm not able to get my needs scripted. One thing first:&nbsp;sorry for my newbieness.</p>\r\n<p>Background / planned scenario:</p>\r\n<p>One Script which&nbsp;pauses&nbsp;or shuts down all running VMs [before backup task]&nbsp;</p>\r\n<pre>get-vm -running | Invoke-VMShutdown machinexx -Wait</pre>\r\n<p>One Script which resumes or starts all not running VMs [after backup task] (Is there a way to determine all not running VMs)</p>\r\n<p>&nbsp;get-vm -running | Start-VM machinexx -Wait</p>\r\n<p>The first error I get is that something must be wrong with the parameter &quot;-wait&quot; -&gt; how to exactly use this ?</p>\r\n<p>The second &quot;error&quot; appears when&nbsp;I try to start&nbsp;a VM out of an &quot;off-state&quot;:</p>\r\n<p>WARNUNG: The job to Change state of VM xpjob1 to Running&nbsp; is still running in the background.<br>&nbsp;You can check its progress with Test-wmiJob or Test-wmiJob -statusOnly using<br>the following job id:<br><a>\\\\TGKFR710\\root\\virtualization:Msvm_ConcreteJob.InstanceID=&quot;B18C8110-F31F-4395-8141-CD51FADD451F</a>&quot;</p>\r\n<p>OK trying to check the progress of the running job i do the following:</p>\r\n<pre>test-wmijob \\\\TGKFR710\\root\\virtualization:Msvm_ConcreteJob.InstanceID=&quot;B18C8110-F31F-4395-8141-CD51FADD451F&quot;</pre>\r\n<p>error: Test-WMIJob : Die Argumenttransformation f&uuml;r den Parameter &quot;Job&quot; kann nicht ver<br>arbeitet werden. Der Wert &quot;<a>\\\\TGKFR710\\root\\virtualization:Msvm_ConcreteJob.Inst</a><br>anceID=B18C8110-F31F-4395-8141-CD51FADD451F&quot; kann nicht in den Typ &quot;System.Mana<br>gement.ManagementObject&quot; konvertiert werden. Fehler: &quot;Der Parameter ist ung&uuml;lti<br>g. &quot;<br>Bei Zeile:1 Zeichen:12<br>+ Test-WMIJob &lt;&lt;&lt;&lt;&nbsp; <a>\\\\TGKFR710\\root\\virtualization:Msvm_ConcreteJob.InstanceID</a>=<br>&quot;B18C8110-F31F-4395-8141-CD51FADD451F&quot;<br>&nbsp;&nbsp;&nbsp; + CategoryInfo&nbsp;&nbsp;&nbsp;&nbsp;&nbsp;&nbsp;&nbsp;&nbsp;&nbsp; : InvalidData: (:) [Test-WMIJob], ParameterBindin.<br>&nbsp;&nbsp; ..mationException<br>&nbsp;&nbsp;&nbsp; + FullyQualifiedErrorId : ParameterArgumentTransformationError,Test-WMIJob</p>\r\n<p>&nbsp;Sorry for this extra long post! I hope you will help me. -&gt; Are there any documents with more examples and maybe detailed explanations for non-PS-geeks?</p>\r\n<p>&nbsp;</p>\r\n<p>Thanks in advance and best regards,</p>\r\n<p>Johannes</p>",
    "PostedDate": "2009-11-14T09:13:07.25-08:00",
    "UserRole": null,
    "MarkedAsAnswerDate": null
  },
  {
    "Id": "260226",
    "ThreadId": "75128",
    "Html": "<p>no worries about being a newbie :-)</p>\r\n<p><span style=\"color:#800000\">&nbsp;get-vm -running | Invoke-VMShutdown machinexx -Wait</span></p>\r\n<p>Invoke-VMShutdown is a bit different from the other commands, because -wait tells them to wait until the hyper-V service reports it has finished. With shutdown the VM gets the shutdown instruction but that is not the end of the command so we must poll the machine to see if it has shut down, and if it fails to shutdown we need a timeout. So there is&nbsp;a parameter $ShutdownTimeOut&nbsp; which takes an integer value for example -shutdownTimeOut 300 will wait 5 minutes.</p>\r\n<p><span style=\"color:#800000\">get-vm -running | Start-VM machinexx -Wait</span></p>\r\n<p><span style=\"color:#800000\">Get-vm</span>&nbsp; is trying to pass machines into the the <span style=\"color:#800000\">VM</span> parameter of <span style=\"color:#800000\">Start-VM</span> and <span style=\"color:#800000\">Machinexx</span> is trying to be the VM parameter&nbsp;<span style=\"color:#800000\"> get-vm -stopped -saved &nbsp;| Start &nbsp;-Wait</span>&nbsp; will work</p>\r\n<p>(note get-vm takes -running -suspended -stoped&nbsp; , and you can use them in any combination).</p>\r\n<p>The warning comes up because the start-up request is still running - the VM may not be able start.&nbsp; I used the same script and lots of places and sometimes the job comes back with single quotes in the name and sometimes with double quotes. When you pass the name to test-wmiJob you need to put the other kind of quotes round the name. so in this case you need</p>\r\n<p>&nbsp;test-wmijob '\\\\TGKFR710\\root\\virtualization:Msvm_ConcreteJob.InstanceID=&quot;B18C8110-F31F-4395-8141-CD51FADD451F&quot;<span style=\"color:#0000ff\">'</span></p>\r\n<p>&nbsp;Hope that helps. I'm not really sure where to point you for more information - did you want something for starting powershell or understanding hyperv ?</p>\r\n<p>James</p>\r\n<p>&nbsp;</p>",
    "PostedDate": "2009-11-24T07:29:17.417-08:00",
    "UserRole": null,
    "MarkedAsAnswerDate": null
  },
  {
    "Id": "260615",
    "ThreadId": "75128",
    "Html": "<p>Thank you for your answer.</p>\r\n<p>The following commmand won't work for me as expected (it always tells me that no parameter &quot;-Wait&quot; is known, unless I do &quot;-Wait 300&quot; or &quot;-Wait&quot;):</p>\r\n<p>-Wait does only work for Starting the VM's (Start-VM machinexx -Wait) but now in the command below</p>\r\n<p>\r\n<pre>get-vm -running | Invoke-VMShutdown machinexx -Wait</pre>\r\n</p>\r\n<p>My solution for the scenario would be: (Or do I have to pay attention on sth. else?):</p>\r\n<p>\r\n<pre>get-vm -running | Invoke-VMShutdown -shutdownTimeOut 500</pre>\r\n</p>\r\n<p>But how to query if the command succeded and how to differentiate those cases (success/fail)? -&gt; With get-vm -running and then?</p>\r\n<p>&nbsp;</p>\r\n<p>It would be nice if you could point me to more information about powershell (scripting).</p>\r\n<p>Thanks for your help and regards,</p>\r\n<p>Johannes</p>",
    "PostedDate": "2009-11-25T06:27:44.247-08:00",
    "UserRole": null,
    "MarkedAsAnswerDate": null
  },
  {
    "Id": "260760",
    "ThreadId": "75128",
    "Html": "<p>sorry, I only picked up one point</p>\r\n<p>if you pipe VMs into Invoke-VMShutdown , the you don't specify MachineXX , so this command <strong>get-vm -running | Invoke-VMShutdown -shutdownTimeOut 500 </strong></p>\r\n<p>is the right one, the usual reason for doing this is if you need to be sure (for example) all your machines are shutdown before you stop the domain controller.&nbsp; If the timeout expires an the machine is not in the stopped state then it hung on shutdown. So you could get-vm -running | stop-vm -force&nbsp; it off.</p>\r\n<p><a href=\"http://blogs.technet.com/jamesone/archive/2009/11/02/you-can-t-be-a-21st-century-admin-without-powershell.aspx\">http://blogs.technet.com/jamesone/archive/2009/11/02/you-can-t-be-a-21st-century-admin-without-powershell.aspx</a>&nbsp; has some good suggestions of places to learn about powershell in the comments.</p>\r\n<p>&nbsp;</p>\r\n<p>&nbsp;</p>",
    "PostedDate": "2009-11-25T16:49:26.417-08:00",
    "UserRole": null,
    "MarkedAsAnswerDate": null
  },
  {
    "Id": "263517",
    "ThreadId": "75128",
    "Html": "<p>Thanks for your help!</p>\r\n<p>But there is one problem left for me:</p>\r\n<p>I try to get a list of &quot;objects&quot; where VMElementName doesn't equal a specific machine name with the following command:</p>\r\n<p>\r\n<pre>get-vm -running | where {$_.VMElementName -ne 'machinexx'}</pre>\r\n</p>\r\n<p>But none of the comparison parameters (-eq, -ne ...) work.</p>\r\n<p>Background: Pipeing the result to &quot;Invoke-VMShutdown&quot; to shut down only a few machines.</p>\r\n<p>Could you please tell me how to solve this little problem?</p>\r\n<p>&nbsp;</p>\r\n<p>Thanks in advance!</p>",
    "PostedDate": "2009-12-03T23:55:46.16-08:00",
    "UserRole": null,
    "MarkedAsAnswerDate": null
  },
  {
    "Id": "265113",
    "ThreadId": "75128",
    "Html": "<p>OK, I did a bad thing.</p>\r\n<p>Because when you&nbsp;get disk etc you might be getting them from&nbsp;from different VMs I added a column when they are displayed named VMelementName. VM's have a &quot;name&quot;, which is actually a GUID, and display name which is &quot;ElementName&quot;. I'm not at a machine where I can check right now ,but I think I labelled the column for VMs VMElementname not ElementName. That's the name you need to use&nbsp;.</p>\r\n<p>What I should do is go back and add a VMElementName property in the Get functions, rather than in the XML that controls formatting. I may do that over the Christmas holidays.</p>\r\n<p>&nbsp;</p>",
    "PostedDate": "2009-12-08T15:01:10.94-08:00",
    "UserRole": null,
    "MarkedAsAnswerDate": null
  }
]