[
  {
    "Id": "642444",
    "ThreadId": "265189",
    "Html": "\r\n<p>Wondering if anyone else has experienced this sporadic error.&nbsp; I have a script that utilizes the 'get-vmsummary' and 'start-vm' functions included with this pack.&nbsp; Occasionally I will get the below error:</p>\r\n<p>Receive-Job : The variable '$suites' cannot be retrieved because it has not been set.<br>\r\nAt line:1 char:12<br>\r\n&#43; receive-job &lt;&lt;&lt;&lt;&nbsp; hyperv<br>\r\n&nbsp;&nbsp;&nbsp; &#43; CategoryInfo&nbsp;&nbsp;&nbsp;&nbsp;&nbsp;&nbsp;&nbsp;&nbsp;&nbsp; : InvalidOperation: (suites:Token) [ForEach-Object], RuntimeException<br>\r\n&nbsp;&nbsp;&nbsp; &#43; FullyQualifiedErrorId : VariableIsUndefined,Microsoft.PowerShell.Commands.ForEachObjectCommand</p>\r\n<p>As I said it's fairly sporadic, sometimes I can run the script 3-4 times without getting the error, other times it happens immediately.&nbsp; The real pain is that once the error occurs I need to launch a new PS&nbsp; and re-import the module to avoid getting\r\n the error again.&nbsp;</p>\r\n",
    "PostedDate": "2011-07-14T09:54:51.137-07:00",
    "UserRole": null,
    "MarkedAsAnswerDate": null
  }
]