[
  {
    "Id": "185372",
    "ThreadId": "54916",
    "Html": "Hi<br>\r\n<br>\r\nHow can I associate the Existing Vhd file into powershell script, Do you have any Idea?<br>\r\n<br>\r\nThanks<br>\r\nRaja<br>\r\n",
    "PostedDate": "2009-04-30T00:30:40.31-07:00",
    "UserRole": null,
    "MarkedAsAnswerDate": null
  },
  {
    "Id": "186866",
    "ThreadId": "54916",
    "Html": " Are you saying you want to build a new VM based on an existing VHD using the script ? Put the following in a .PS1 file and run it with the name, path, memory size, Cpu Count,  Path to an ISO (if any), Network Switch name (remove the -legacy at the end to get a VM bus network).<br>\r\n<br>\r\n<br>\r\nParam ($vmName=$(throw (&quot;You Must enter a VM name&quot;)),<br>\r\n      $vhdPath=$(throw (&quot;You Must enter a VHD Path&quot;)),<br>\r\n       $Memory,<br>\r\n       $cpuCount, <br>\r\n       $isoName,<br>\r\n      $Switch,  <br>\r\n       $Server=&quot;.&quot; ) <br>\r\n &quot;Creating VM $VMName&quot;<br>\r\n $myVM = (New-VM $vmName -Server $server)<br>\r\n set-vmMemory   $myVM $Memory <br>\r\n set-VMCPUCount $myVM $cpuCount<br>\r\n add-vmdrive $myVM 0 0<br>\r\n add-vmdrive $myVM 0 1 -dvd<br>\r\n if ($IsoName -ne $null) { add-vmdisk  $myVM 0 1 $isoName -dvd}<br>\r\n add-vmdisk  $myVM 0 0 $vhdpath<br>\r\n Add-VMNIC      $myVM $switch -legacy<br>\r\n<br>\r\n<br>\r\n<br>\r\n",
    "PostedDate": "2009-05-05T02:37:02.48-07:00",
    "UserRole": null,
    "MarkedAsAnswerDate": null
  }
]