[
  {
    "Id": "578897",
    "ThreadId": "249290",
    "Html": "\r\n<div>Hi everybody<br>\r\nThis would be a big help for me this tool BUT: when I started with the installation and it first came up with the powershell screen, I was able to send commands and it worked.\r\n<br>\r\n<br>\r\nNow, when I start my powershell I do this steps, but nothing happens:<br>\r\nImport-Module HyperV<br>\r\nStop-VM -VM Test_Computer<br>\r\n--&gt; no reaction, no question, if I really would like to stop the VM, no stopping action in Hyper-V Manager...</div>\r\n<div>Also the proposition from jamesone just returns a empty screen:</div>\r\n<div><span style=\"font-size:9pt\">&quot;This should be posted in the discussions area. <br>\r\nStart with Get-VM does it return any VMs ? &quot;</span></div>\r\n<div>PS C:\\Windows\\System32\\WindowsPowerShell\\v1.0&gt; Get-VM<br>\r\nPS C:\\Windows\\System32\\WindowsPowerShell\\v1.0&gt;<br>\r\n<br>\r\nDoes anybody know, what's the problem?<br>\r\nThanks<br>\r\nASchwerzmann</div>\r\n",
    "PostedDate": "2011-03-10T23:59:34.31-08:00",
    "UserRole": null,
    "MarkedAsAnswerDate": null
  },
  {
    "Id": "582916",
    "ThreadId": "249290",
    "Html": "<p>What OS are you running on. ?</p>\r\n<p>I've seen a problem which we haven't been able to resolve, and it only seem to happen on Datacenter.</p>\r\n<p>Here is a test you can try, because if this works the library should work.</p>\r\n<p>From the start menu run wbemTest , click connect (top right) and change root\\cimV2 to root\\virtualization and click connect. Then click enum classes type MSVM_computerSystem and click OK.</p>\r\n<p>This should give you a list of VMs. If you don't WMI is not working properly on the machine and the library won't work.&nbsp;</p>\r\n<p>If this does give you a list of VMs, then we can see if we can figure out what's broken.</p>\r\n<p>&nbsp;</p>\r\n<p>&nbsp;</p>\r\n<p>&nbsp;</p>\r\n<p>&nbsp;</p>",
    "PostedDate": "2011-03-18T17:36:28.777-07:00",
    "UserRole": null,
    "MarkedAsAnswerDate": null
  },
  {
    "Id": "586281",
    "ThreadId": "249290",
    "Html": "<p>Hi Jamesone</p>\r\n<p>Thank you very much for your answer. It really gave nothing, when I tried to get out the VMs with the wbemTest. Is there maybe a fix needed? An update or something like that? I run a Windows Server 2008 R2 Enterprise SP1.</p>\r\n<p>Thank you for your help! As already told: the tool is great, but it just works the first time, the install.bat is executed. After that it isn't working anymore.</p>\r\n<p>ASchwerzmann</p>",
    "PostedDate": "2011-03-25T02:40:44.167-07:00",
    "UserRole": null,
    "MarkedAsAnswerDate": null
  },
  {
    "Id": "692159",
    "ThreadId": "249290",
    "Html": "<p>Better late than never...</p>\r\n<p>I had the same problem.<br />The user you started your script with is not a member of the Domain Administrators group.<br />You can add domain groups that are allowed to start/stop VM's. <br />This is done with the Authorization Manager, see: <a href=\"http://blogs.msdn.com/b/virtual_pc_guy/archive/2008/01/17/allowing-non-administrators-to-control-hyper-v.aspx\">http://blogs.msdn.com/b/virtual_pc_guy/archive/2008/01/17/allowing-non-administrators-to-control-hyper-v.aspx</a><br />For some weird reason I could not add local groups, I had to select a Domain Group.</p>",
    "PostedDate": "2011-11-01T07:55:50.637-07:00",
    "UserRole": null,
    "MarkedAsAnswerDate": null
  },
  {
    "Id": "693156",
    "ThreadId": "249290",
    "Html": "<p>At the first you should check wheather you are a member of group, which has wrights to work with Hyper-V (Domain Admins, Local Admins, maybe SCVMM admins if you have a SCVMM).</p>\r\n<p>At second - If yes - check wrights at the Authorization Manager (mmc.msc -&gt; File -&gt; Add/Remove Snap-in -&gt; Authorization Manager - Right click: Open Authorization Store: XML file -&gt; Open: c:\\ProgramData\\Microsoft\\Virtual Machine Manager\\HyperVAuthStore.xml) Role assignments for users (HyperVAuthStore.xml -&gt; Virtual Machine Manager -&gt; Role Assignments -&gt; Administrator). Assign group or user from AD or local with Administrator in Authorization Store.</p>\r\n<p>At third - just check execution policy of PowerShell (Get-ExecutionPolicy -List). Must be Unrestricted for CurrentUser or for LocalMachine (Set-ExecutionPolicy -Scope CurrentUser Unrestricted).</p>\r\n<p>Waiting for answer.</p>\r\n<p>P.S. Sorry for my bad English.</p>",
    "PostedDate": "2011-11-03T01:43:04.167-07:00",
    "UserRole": null,
    "MarkedAsAnswerDate": null
  },
  {
    "Id": "693219",
    "ThreadId": "249290",
    "Html": "<p>My accounts where member of the local administrators group, but still the scripts didn't work.<br />I had to add a Domain Group to get it working. (adding a local group wasn't possible!)</p>",
    "PostedDate": "2011-11-03T04:32:28.95-07:00",
    "UserRole": null,
    "MarkedAsAnswerDate": null
  },
  {
    "Id": "693976",
    "ThreadId": "249290",
    "Html": "<p>Hi,</p>\r\n<p>I'm sorry, I cannot check if your answers are working. I don't work anymore on this environment - so, sorry, but I hope this post will help someone else.</p>\r\n<p>So sorry</p>\r\n<p>ASchwerzmann</p>",
    "PostedDate": "2011-11-04T09:47:57.517-07:00",
    "UserRole": null,
    "MarkedAsAnswerDate": null
  },
  {
    "Id": "694609",
    "ThreadId": "249290",
    "Html": "<p>You don't have to appologize, you're trying to help, that's enough!</p>",
    "PostedDate": "2011-11-07T00:26:17.673-08:00",
    "UserRole": null,
    "MarkedAsAnswerDate": null
  }
]