[
  {
    "Id": "716306",
    "ThreadId": "283951",
    "Html": "\r\n<p>Greetings,</p>\r\n<p>&nbsp;</p>\r\n<p>I just stumbled across this libary, and man is it fantastic!&nbsp; My life is getting easer already!</p>\r\n<p>But...Is there a way to use SetVMNicAddress without requiring user input?&nbsp; I have several VMs that have multiple NICs, and I need to be able to change the mac on a specific NIC programatically. In other words, I am calling this command from my own program,\r\n and I just need it to execute without prompting for input.&nbsp; The example in the manual says this:</p>\r\n<p>Set-VMNICAddress $core (Select-vmNic $core) &quot;00155D010101&quot;</p>\r\n<p>When the sub-component executes (Select-VmNic $core), it prompts me to choose which nic I want to modify.&nbsp; I would like to be able to just hardcode which nic I want in the command structure, so no user input is required.&nbsp; Is this possible?&nbsp;\r\n If so, please provide an example of how.&nbsp;</p>\r\n<p>I am guessing that, if this IS possible, it would require specifying a GUID or something for the Nic.&nbsp; If so, please advise on how to determine the guid for an existing Nic.&nbsp; When I do the following:</p>\r\n<p>Get-VMNic &quot;VMName&quot;, I am returned the list of Nics, and there is a column for ID, but it only shows &quot;{...&quot;, so I dunno.&nbsp; :)</p>\r\n<p>Thanks!</p>\r\n<p><span style=\"font-size:x-small\"></p>\r\n<p>&nbsp;</p>\r\n</span>\r\n<p></p>\r\n",
    "PostedDate": "2011-12-22T13:42:57.263-08:00",
    "UserRole": null,
    "MarkedAsAnswerDate": null
  },
  {
    "Id": "716334",
    "ThreadId": "283951",
    "Html": "<p>Ok, so to add to my previous question, I did figure out how to get the ID of a given NIC, (looks like {d7c49b36-cdac-48ad-85a0-a2a33834c1c4}) but I can't figure out how to integrate that into the command line.&nbsp; So, original question still stands.&nbsp;</p>",
    "PostedDate": "2011-12-22T14:53:53.633-08:00",
    "UserRole": null,
    "MarkedAsAnswerDate": null
  }
]