[
  {
    "Id": "140242",
    "ThreadId": "42213",
    "Html": "If I have the VMName and the Snapshoot name, how could I use this function/filter to apply said snapshot to said VM?<br>\r\n<br>\r\nI tried, Apply-VMSnapshot &quot;VMName&quot;, &quot;SnapshotName&quot; with no result.<br>\r\nI looked into the library and noticed that there is only a Filter not a function and it seems to have the following signature: $SnapShot, [Switch]$force , [Switch]$Restart, [Switch]$wait<br>\r\n<br>\r\nI tried: Get-VM &quot;&lt;vmname&gt;&quot; | Apply-VMSnapshot &quot;&lt;Snapshotname&gt;&quot;<br>\r\n<br>\r\nand nothing :(<br>\r\n<br>\r\nIs this even possible with this library?<br>\r\n<br>\r\nThanks.<br>\r\n",
    "PostedDate": "2008-12-13T04:53:39.1-08:00",
    "UserRole": null,
    "MarkedAsAnswerDate": null
  },
  {
    "Id": "145993",
    "ThreadId": "42213",
    "Html": "As you say the signature is $SnapShot, [Switch]$force , [Switch]$Restart, [Switch]$wait<br>\r\n<br>\r\nYou need to pass it a snapshot, NOT a VM. <br>\r\nHave you tried the example  that is embedded in the script <br>\r\n<br>\r\nchoose-vmsnapshot &quot;vmname&quot;  | Apply-vmsnapshot  ?<br>\r\n <br>\r\n<br>\r\nI may add the option to get a snapshot from the VM aname and Snapshot name for the next release \r\n",
    "PostedDate": "2009-01-10T16:17:54.06-08:00",
    "UserRole": null,
    "MarkedAsAnswerDate": null
  }
]