[
  {
    "Id": "420424",
    "ThreadId": "205543",
    "Html": "<p>Hello, when doing an automated Get-VMThumbnail on many VMs used by actual persons, I found out that the bitmaps appear sometimes stretched, or compressed.<br>When digging in &quot;what's the cause&quot;, I selected different output sizes when running Get-VMThumbnail, and finally discovered that some users changed the resolution of their console session.<br>In order to get 1:1 between the session resolution, and the thumbnail size, how would it be possible to grab the session resolution before calling Get-VMThumbnail?</p>\r\n<p>Thanks,</p>\r\n<p><strong>LB</strong></p>",
    "PostedDate": "2010-03-19T15:43:45.38-07:00",
    "UserRole": null,
    "MarkedAsAnswerDate": null
  }
]