[
  {
    "Id": "481210",
    "ThreadId": "223764",
    "Html": "<p>Hi All,</p>\r\n<p>Just thought I would share this, took a bit of playing around (for a noobie like me) to get it working, in the end it was relatively simple.</p>\r\n<p>&nbsp;</p>\r\n<p>As we run Hyper-V on a cluster, we wanted something to perform an automatic shutdown of a VM, wait till the disks merged then bring it back up. In the end we went with this:</p>\r\n<p>&nbsp;</p>\r\n<pre style=\"padding-left:30px\">##This Script Imports the Hyper-V Powershell Modules, then initiates a VM Shutdown, waits, then starts the VM back up\r\n<br>##\r\n##Imports the Hyper-V Modules\r\n## \r\n\r\nImport-Module 'C:\\Program Files\\modules\\Hyperv\\Hyperv.psd1'\r\n\r\n##\r\n## Checks if &lt;VM&gt; exists on this node, then shuts it down, waits then starts it back up\r\n##\r\n\r\n$Result = ping-vm -vm '&lt;VM NAME&gt;'\r\n\r\nif($Result.Status -eq 'Success')\r\n\r\n  {\r\n\r\n                Invoke-VMShutdown -VM '&lt;VM NAME&gt;' -Server '&lt;NODE NAME&gt;' -Force\r\n\r\n                Start-Sleep(3600)\r\n\r\n                Start-VM -VM '&lt;VM NAME&gt;'\r\n\r\n  }</pre>\r\n<p>&nbsp;</p>",
    "PostedDate": "2010-08-16T21:56:39.597-07:00",
    "UserRole": null,
    "MarkedAsAnswerDate": null
  }
]