[
  {
    "Id": "582148",
    "ThreadId": "250121",
    "Html": "\r\n<p><span style=\"text-decoration:underline\"><strong>ISSUE</strong></span><br>\r\nWhile executing <strong>Get-VMSummary</strong></p>\r\n<p>The nested <strong>vm.ps1</strong> is called, line <strong>214</strong>:</p>\r\n<p>&nbsp;&nbsp;&nbsp;&nbsp;&nbsp;&nbsp;&nbsp;&nbsp;&nbsp;&nbsp;&nbsp;&nbsp;&nbsp;&nbsp;&nbsp;&nbsp;&nbsp;&nbsp; &quot;Heartbeat&quot;&nbsp;&nbsp;&nbsp;&nbsp;&nbsp;&nbsp;&nbsp; =&nbsp; $(if ($_.heartBeat) { [HeartBeatICStatus] $_.Heartbeat} else {$null} )</p>\r\n<p>produces an error if the <strong>$_.heartBeat = 32896 </strong>(the Heartbeat status in Hyper-V for the VM is &quot;Unavailable&quot;):</p>\r\n<p><em>Cannot convert value &quot;32896&quot; to type &quot;HeartBeatICStatus&quot; due to invalid enumeration values. Specify one of the following enumeration values and try again. The possible enumeration values are &quot;OK, Error, No_Contact, Lost_Communication&quot;.</em></p>\r\n<p><span style=\"text-decoration:underline\"><strong>WORKAROUND (Script Update)</strong></span><br>\r\n<strong>What?: </strong>Add an enum option for &quot;Unavailable&quot; with int = 32896<br>\r\n<strong>ps1 File: </strong>En-us.ps1<br>\r\n<strong>Line: </strong>305<br>\r\n<strong>Updated&nbsp;Script:</strong></p>\r\n<p>public enum HeartBeatICStatus : int&nbsp; <br>\r\n{<br>\r\n<strong>&nbsp;&nbsp;&nbsp;&nbsp;&nbsp;&nbsp;&nbsp;&nbsp;&nbsp;&nbsp;&nbsp;&nbsp;&nbsp;&nbsp;&nbsp; Unavailable = 32896,</strong><br>\r\n&nbsp;&nbsp;&nbsp;&nbsp;&nbsp;&nbsp;&nbsp;&nbsp;&nbsp;&nbsp;&nbsp;&nbsp;&nbsp;&nbsp;&nbsp; No_Contact = 12,<br>\r\n&nbsp;&nbsp;&nbsp;&nbsp;&nbsp;&nbsp;&nbsp; Lost_Communication = 13,<br>\r\n&nbsp;&nbsp;&nbsp;&nbsp;&nbsp;&nbsp;&nbsp;&nbsp;&nbsp;&nbsp;&nbsp;&nbsp;&nbsp;&nbsp;&nbsp;&nbsp;&nbsp;&nbsp;&nbsp;&nbsp;&nbsp;&nbsp;&nbsp; OK = 2,<br>\r\n&nbsp;&nbsp;&nbsp;&nbsp;&nbsp;&nbsp;&nbsp;&nbsp;&nbsp;&nbsp;&nbsp;&nbsp;&nbsp;&nbsp;&nbsp;&nbsp;&nbsp;&nbsp;&nbsp;&nbsp; Error = 6\r\n<br>\r\n}</p>\r\n",
    "PostedDate": "2011-03-17T08:37:14.19-07:00",
    "UserRole": null,
    "MarkedAsAnswerDate": null
  },
  {
    "Id": "582921",
    "ThreadId": "250121",
    "Html": "<p>Thanks charles. I'll add this change as the last thing before the new release</p>",
    "PostedDate": "2011-03-18T17:40:39.877-07:00",
    "UserRole": null,
    "MarkedAsAnswerDate": null
  }
]