[
  {
    "Id": "533096",
    "ThreadId": "237648",
    "Html": "\r\n<p>I've recently discovered this library, and am working on improving a backup of VHD script.&nbsp; One of the things I'd like to do is use the assorted Get-VHD... commands to get the name and path of the VHD files for VMs, and pass that to a robocopy command.</p>\r\n<p>The problem I am having, is that Get-VHDDefaultPath when run, does not return anything.&nbsp; It does not give an error, it simply returns nothing.&nbsp; I did, once the Hyper-V role was installed, change the default path for VHDs in the Hyper-V Manager.&nbsp;\r\n Oddly, on a second Hyper-V server, it does work.&nbsp; It also will work if I run it from a remote computer, with the -Server option, but even if I specify this option when running it locally, it will return nothing.</p>\r\n<p>If I run Get-VHD -path {path to VHDs} it does return a list of my VHDs.&nbsp; While I could &quot;hard code&quot; the path in the script, I'd like to be able to simply copy this script to any other Hyper-V servers I need it on, and require minimal editing once it\r\n is there.</p>\r\n<p>Specs of the non-working server:&nbsp; Windows Server 2008 Datacenter R2</p>\r\n<p>Specs of the working server:&nbsp; Microsoft Hyper-V Server R2</p>\r\n<p>Is it possible there is an issue with get-wmi?&nbsp; I've tried running the command used,\r\n</p>\r\n<div style=\"color:black; background-color:white\">\r\n<pre>Get<span style=\"color:gray\">-</span>WmiObject <span style=\"color:gray\">-</span>computerName Hyperv02 <span style=\"color:gray\">-</span>Namespace <span style=\"color:#a31515\">&quot;root\\virtualization&quot;</span> <span style=\"color:gray\">-</span>Class <span style=\"color:#a31515\">&quot;MsVM_VirtualSystemManagementServiceSettingData&quot;</span>\r\n</pre>\r\n</div>\r\nwhich also returns nothing.\r\n<p></p>\r\n<p>If needed, I can provide further details.</p>\r\n<p>Thank you, and thank you for this very helpful set of tools!</p>\r\n<p>Jason A.</p>\r\n",
    "PostedDate": "2010-12-08T13:22:59.05-08:00",
    "UserRole": null,
    "MarkedAsAnswerDate": null
  },
  {
    "Id": "560887",
    "ThreadId": "237648",
    "Html": "\r\n<p>Sorry this reply has taken a while - this is very strange . The command you are entering is correct and should send back 10 or a dozen bits of data about the server.</p>\r\n<p>What you can also do is start wbemTest click <em>connect</em>, and enter&nbsp;&nbsp;<em>root\\virtualization</em> then click\r\n<em>connect</em> again. Then click <em>enum_Instances </em>and enter <em>MsVM_VirtualSystemManagementServiceSettingData.\r\n</em>You should get one object back - which you can double click to expand.</p>\r\n<p>I'm prepared to bet that on the working system this will give you the object and the broken one won't - WHY and what to do about it I don't know (at the moment).</p>\r\n<p>I had another issue recently with datacenter not returning the expect WMI objects and I have a suspicion the cause might be the same.</p>\r\n<p>&nbsp;</p>\r\n",
    "PostedDate": "2011-02-04T09:56:09.387-08:00",
    "UserRole": null,
    "MarkedAsAnswerDate": null
  }
]