[
  {
    "Id": "101021",
    "ThreadId": "30331",
    "Html": "Hi<br>\r\n<br>\r\nAfter spending a while trying to figure out why I couldn't get this to return any results I thought I'd share my numptiness...&nbsp; I'm running my Windows Server 2008 with UAC on and therefore Powershell script by default opens without elevated privileges...&nbsp; Running a second instance as Administrator and typing Get-VM brought back screenfuls of information and ended my pain.<br>\r\n<br>\r\nPerhaps a reminder that this needs elevated privileges might help or maybe I'm just learning that it would be better to turn UAC off?<br>\r\n<br>\r\nIain\r\n",
    "PostedDate": "2008-06-26T08:54:38.38-07:00",
    "UserRole": null,
    "MarkedAsAnswerDate": null
  },
  {
    "Id": "103370",
    "ThreadId": "30331",
    "Html": "Yes, I really should have some release notes which cover things like that. <br>\r\n<br>\r\nI've also added a work item&nbsp;<a href=\"http://www.codeplex.com/PSHyperv/WorkItem/View.aspx?WorkItemId=2727\">http://www.codeplex.com/PSHyperv/WorkItem/View.aspx?WorkItemId=2727</a>&nbsp;to display a warning when PS is running non elevated.\r\n",
    "PostedDate": "2008-07-08T07:59:15.3-07:00",
    "UserRole": null,
    "MarkedAsAnswerDate": null
  }
]