[
  {
    "Id": "564693",
    "ThreadId": "245653",
    "Html": "\r\n<p><br>\r\nI aam using Hyper-V library to create a VM with <span style=\"color:#0000ff; text-decoration:underline\">\r\niso located at remote cif share.</span><br>\r\nExample:<br>\r\n$New_VM_Name = &quot;REMOTEVM105&quot;<br>\r\n$New_VHD_Name = &quot;c:\\VHDs\\$($New_VM_Name).VHD&quot;<br>\r\n$Target_Host = &quot;TESTHOST&quot;<br>\r\n$myVM = (New-VM $New_VM_Name -Server $Target_Host)</p>\r\n<p>Set-VMMemory $myVM 1054 MB</p>\r\n<p>Set-VMCPUCount $myVM 2<br>\r\nAdd-VMDrive $myVM 0 0<br>\r\nNew-VHD $New_VHD_Name 20GB -wait -Server $Target_Host<br>\r\nAdd-VMDisk $myVM 0 0 $New_VHD_Name<br>\r\nAdd-VMDRIVE $myVM 1 0 -dvd<br>\r\nAdd-VMDisk $myVM 1 0 &quot;<a href=\"file://\\\\172.27.17.1\\share\\&#65279;test.iso\">\\\\172.27.17.1\\share\\test.iso</a>&quot; -dvd</p>\r\n<p>Add-VMNIC $myVM -virtualSwitch &quot;Local Area Connection2&quot;</p>\r\n<p>Start-VM $myVM<br>\r\n$myVM</p>\r\n<p><span style=\"color:#ff0000\"><strong>Error:</strong></span><br>\r\n<span style=\"color:#ff0000\"><strong>====</strong></span><br>\r\n<span style=\"color:#ff0000\">User account does not have permission required to open attachment '\\\\172.27.17.1\\share\\test.iso'. Error: 'General access denied error' (0x80070005). (Virtual machine ID 726F0BE6-DC9A-4789-98</span><br>\r\n<span style=\"color:#ff0000\">2D-E7EEE7ACC693)</span></p>\r\n<p><span style=\"color:#800080\">This is a CIF share with all permissions set to access remotedly&nbsp;.</span></p>\r\n<p>Please note that if the iso is located on local host, it works like a champ.</p>\r\n<p>I appreciate any ideas to resolve this.</p>\r\n",
    "PostedDate": "2011-02-11T08:22:36.837-08:00",
    "UserRole": null,
    "MarkedAsAnswerDate": null
  },
  {
    "Id": "566007",
    "ThreadId": "245653",
    "Html": "<p>You need to set up constrained delegation to allow the hyperV service - not the user - to have access to the remote share.&nbsp; This is the same whether use the GUI or the PowerShell library.</p>\r\n<p>&nbsp;</p>",
    "PostedDate": "2011-02-14T10:58:10.183-08:00",
    "UserRole": null,
    "MarkedAsAnswerDate": null
  },
  {
    "Id": "566268",
    "ThreadId": "245653",
    "Html": "<p>Thanks Jason,</p>\r\n<p>It works great only if have&nbsp; -VHDPath  \\\\&lt;machine_B&gt;\\&lt;share&gt;\\&lt;path-to-ISO&gt; -DVD&nbsp;&nbsp; and does  not work if we give&nbsp;&nbsp;-VHDPath <a>\\\\&lt;ipaddress of Machine B&gt;\\&lt;share&gt;\\&lt;path-to-ISO</a>&gt; -DVD&nbsp;&nbsp;.</p>\r\n<p>Any ideas to resolve this?</p>\r\n<p>&nbsp;</p>",
    "PostedDate": "2011-02-14T20:21:58.423-08:00",
    "UserRole": null,
    "MarkedAsAnswerDate": null
  }
]