[
  {
    "Id": "633117",
    "ThreadId": "262822",
    "Html": "\r\n<p>Using the mount-vhd powershell cmdlet from the Management Library for Hyper-v (R2 Gold PSHyperv-r2 download). However though i can get a vhd mounted, i cannot assign a drive letter to the mount pount - whatever letter i try to use the mount always returns\r\n the next unused letter - so for instance if i try</p>\r\n<p>&nbsp;</p>\r\n<p>mount-vh pathtovhd.vhd - driveletter X</p>\r\n<p>&nbsp;</p>\r\n<p>the system always mounts the vhd as H or I (or whatever is the next free letter). I've tried various combinations of mount-vhd - driveletter formats but none seem to work.</p>\r\n<p>&nbsp;</p>\r\n<p>What am i missing ?</p>\r\n",
    "PostedDate": "2011-06-26T03:44:54.733-07:00",
    "UserRole": null,
    "MarkedAsAnswerDate": null
  }
]