[
  {
    "Id": "412261",
    "ThreadId": "203222",
    "Html": "<p>hello,</p>\r\n<p>in W2K8 with hyperv, i create a vm with winpe3. IC (integrated componants) are not present in winpe. Mouse is ok. So, i think drivers are ok.</p>\r\n<p>I first try to &quot;verify/install&quot; IC with the GUI hyperV monitor. I receive &quot;IC are installed&quot;. But the 3 keys under &quot;virtual machine&quot; don't exist.</p>\r\n<p>the program vmicsvc.exe exist in x:\\windows\\system32</p>\r\n<p>So i try to install only the services, not the drivers.</p>\r\n<p>From ..\\system32\\vmguest.iso, i use the file windows6...cab and extract vmic.inf (with cat...). I install the services with drvload.exe.</p>\r\n<p>I check with &quot;net start&quot; : 3 services hyperv are ok but not vmickvpexchange, the one i need !</p>\r\n<p>I use &quot;net start vmickvpexchange&quot;. The service begins but stop with error 87 : incorrect parameters.</p>\r\n<p>I look wih procmon.exe : the key &quot;hklm\\...\\virtual machine\\external&quot;&nbsp; and &quot;guest&quot; and &quot;auto&quot; cant be created (acces denied).</p>\r\n<p>I put &quot;everyone&quot; in the local group &quot;vmickvpexchange&quot;. vmicsvc.exe can now create the keys.</p>\r\n<p>But &quot;net start vmickvpexchange&quot; returns error 87.</p>\r\n<p>So, it's not the good way.</p>\r\n<p>I try to compare with a vm witch contain an other w2K8. But ....</p>\r\n<p>How can i use the kvp service under a winpe VM?</p>\r\n<p>My goal is to pass the ip host to the winpe vm. So, the vm can access shared data with &quot;net use z: \\\\ip_host\\shared_data&quot;.</p>\r\n<p>Thanks.</p>\r\n<p>&nbsp;</p>\r\n<p>PS : my english is very poor. So don't be worry and forget me if you don't understand me.</p>\r\n<p>&nbsp;</p>",
    "PostedDate": "2010-02-27T14:25:20.213-08:00",
    "UserRole": null,
    "MarkedAsAnswerDate": null
  }
]