[
  {
    "Id": "167374",
    "ThreadId": "50008",
    "Html": "I'm looking at putting together a couple of rough backup scripts for my HyperV box, but was looking for an example of looping through the output from Get-VM. For example, I want to call Get-VM -state Running, suspend the VM's, export, and restart them - without starting any that were not already running!<div><br></div><div>Thoughts?</div>",
    "PostedDate": "2009-03-12T07:46:07.523-07:00",
    "UserRole": null,
    "MarkedAsAnswerDate": null
  },
  {
    "Id": "168554",
    "ThreadId": "50008",
    "Html": "you should be able to do<br>\r\n$myVms=Get-VM -Running<br>\r\nSuspend-VM $myVMS<br>\r\n<br>\r\n$myVms | foreach-Object {dostuff -parameter $_}<br>\r\n<br>\r\nStart-VM $myVMS<br>\r\n<br>\r\n",
    "PostedDate": "2009-03-16T08:01:54.283-07:00",
    "UserRole": null,
    "MarkedAsAnswerDate": null
  },
  {
    "Id": "242159",
    "ThreadId": "50008",
    "Html": "<p>@Jamesone: I am not sure if the answer you gave it is what the question is looking for.</p>\r\n<p>&nbsp;</p>\r\n<p>The challenge is the fact that the SUSPEND-VM command is already released but in the background the HyperV server is still busy suspending the machine. So the script should wait untill the GET-VM states &quot;SUSPENDED&quot; instead of &quot;SAVING&quot;</p>\r\n<p>&nbsp;</p>\r\n<p>I also did some research but i could not figure it out... can you/anyone help me out?</p>\r\n<p>&nbsp;</p>\r\n<p>&nbsp;</p>\r\n<hr>\r\n<p>&nbsp;</p>\r\n<p><br>Set-ExecutionPolicy unrestricted<br>. D:\\INSTALL\\hyperv-scripts\\hyperv.ps1<br><br># suspend VM<br>start-vm PR-VM-07<br>suspend-VM PR-VM-07<br><br># begin loop<br><br>while(&quot;true&quot;)<br>{<br>&nbsp; if(get-vm pr-vm-07 | select-string -pattern &quot;Saving&quot;)<br>&nbsp; {<br>&nbsp;&nbsp;&nbsp; # Still saving<br>&nbsp;&nbsp;&nbsp; write-host &quot;Still saving, script sleeping&quot;<br>&nbsp;&nbsp;&nbsp; Sleep 2<br>&nbsp; }<br><br>&nbsp; if(get-vm pr-vm-07 | select-string -pattern &quot;Suspended&quot;)<br>&nbsp; {<br>&nbsp;&nbsp;&nbsp; # Suspended<br>&nbsp;&nbsp;&nbsp; # Backup machine<br>&nbsp;&nbsp;&nbsp; write-host &quot;Suspending finished and ready for backup&quot;<br>&nbsp;&nbsp;&nbsp; break;<br>&nbsp; }<br>}<br><br></p>\r\n<p>&nbsp;</p>\r\n<hr>\r\n<p>&nbsp;</p>",
    "PostedDate": "2009-10-05T06:26:41.4-07:00",
    "UserRole": null,
    "MarkedAsAnswerDate": null
  },
  {
    "Id": "251979",
    "ThreadId": "50008",
    "Html": "<p>sorry, I should have said suspend-vm $myVMs -<strong><span style=\"color:#ff0000\">wait</span></strong></p>",
    "PostedDate": "2009-10-31T10:09:40.253-07:00",
    "UserRole": null,
    "MarkedAsAnswerDate": null
  }
]