[
  {
    "Id": "156874",
    "ThreadId": "46892",
    "Html": "I am using version 1.0b of the powershell hyperv library. It was working fine yesterday and today but tonight it isn't. If I load the library with . .\\hyperv.ps1 it loads all the functions. If I then type<br>\r\n<br>\r\n$tenby = new-VM &quot;Tenby&quot; -server &quot;.&quot;<br>\r\n<br>\r\nI get the following error displayed in red<br>\r\n<br>\r\nException setting &quot;ElementName&quot;: &quot;&quot;<br>\r\nAt E:\\Shared\\Hyper-V\\lib\\hyperv.ps1:802 char:10<br>\r\n+   $vmGsd.E &lt;&lt;&lt;&lt; lementName=$name<br>\r\n<br>\r\nI put a write-host just before this line to print $name and it has the value &quot;Tenby&quot;. The VM is created but it has the name &quot;New Virtual Machine&quot;<br>\r\n<br>\r\nThis was working a few hours ago and nothing to my knowledge has changed.<br>\r\n<br>\r\nBest wishes....<br>\r\nColin\r\n",
    "PostedDate": "2009-02-11T19:53:18.847-08:00",
    "UserRole": null,
    "MarkedAsAnswerDate": null
  },
  {
    "Id": "157574",
    "ThreadId": "46892",
    "Html": "I just downloaded 1.0b and ran similar commands. It created the VM without any issues, AFAIK. This probably does not help you in your case, but maybe trying these commands on a different server, or restart might help.<br>\r\n<br>\r\n<span style=\"font-family:courier new;color:#800080;font-size:13px\"><span style=\"font-family:courier new;color:#800080;font-size:13px\"><span style=\"font-family:courier new;color:#800080;font-size:13px\">\r\n<p>$vm</p>\r\n</span>\r\n<p>&nbsp;</p>\r\n</span>\r\n<p>&nbsp;</p>\r\n</span>\r\n<p><span style=\"font-family:courier new;font-size:13px\"> </span><span style=\"font-family:courier new;color:#ff0000;font-size:13px\">=</span><span style=\"font-family:courier new;font-size:13px\"> New-VM -name </span><span style=\"font-family:courier new;color:#800000;font-size:13px\">&quot;Test-New&quot;</span><span style=\"font-family:courier new;font-size:13px\"> -server </span><span style=\"font-family:courier new;color:#800000;font-size:13px\">&quot;myserver-2008&quot;<br>\r\n<br>\r\n<p>&nbsp;</p>\r\n</span></p>\r\n",
    "PostedDate": "2009-02-13T14:41:34.107-08:00",
    "UserRole": null,
    "MarkedAsAnswerDate": null
  },
  {
    "Id": "157618",
    "ThreadId": "46892",
    "Html": "Thanks for the reply. Its strange becaues I just tried the same command again and it works now. I'm the only person using the server just now and this is the first time I've logged in since I posted the query. As far as I know nothing has changed - not even a reboot. Oh well hopefully it will be gone for good now. It's a great library anyway<br>\r\n<br>\r\nBest wishes.....<br>\r\nColin\r\n",
    "PostedDate": "2009-02-13T19:15:15.453-08:00",
    "UserRole": null,
    "MarkedAsAnswerDate": null
  }
]