[
  {
    "Id": "677164",
    "ThreadId": "273983",
    "Html": "\r\n<p>I've installed the powershell management library for Hyper-V succesfully.<br>\r\nIt is working in Powershell, but only in the CLI, not in the ISE environment.<br>\r\nI've modified the Microsoft.PowerShellISE_profile.ps1 to load the module, AND the module is loaded. (I can use get_help Get-VM etc.)<br>\r\n<br>\r\nBut if I run a command, like Get-VM, it's running, but&nbsp;it returns an empty output.<br>\r\nWhen I run the commandlet in CLI, it's working fine.</p>\r\n<p>What am I missing here?<br>\r\nI would like to test my scripts from PowerShell_ISE.</p>\r\n",
    "PostedDate": "2011-09-27T07:17:05.07-07:00",
    "UserRole": null,
    "MarkedAsAnswerDate": null
  },
  {
    "Id": "677187",
    "ThreadId": "273983",
    "Html": "<p>Never mind my question... I will go to a corner with donkey ears on, and shame myself.<br />I didn't have enough permissions!</p>\r\n<p>Well maybe others can take advantage of this beginners mistake.</p>",
    "PostedDate": "2011-09-27T07:52:56.733-07:00",
    "UserRole": null,
    "MarkedAsAnswerDate": null
  }
]