[
  {
    "Id": "569826",
    "ThreadId": "246973",
    "Html": "<p>All, - check out this great free tool: It creates local GUI and allows to manage Server 2008 R2 Core or Free Hyper-V without additional machine and/or Windows client! ﻿﻿﻿﻿﻿﻿<a href=\"http://www.5nine.com/5nine-manager-for-hyper-v-free.aspx\">http://www.5nine.com/5nine-manager-for-hyper-v-free.aspx</a>&nbsp;</p>",
    "PostedDate": "2011-02-21T13:24:38.453-08:00",
    "UserRole": null,
    "MarkedAsAnswerDate": null
  }
]