[
  {
    "Id": "245282",
    "ThreadId": "71871",
    "Html": "<p>First of all Thank you for great hyperv.ps1</p>\r\n<p>I need to create ps1 or bat which will find on local host a VM with 2 cores, shut it down, change Cores from 2 to 4 and start it.</p>\r\n<p>Here what I have so far:</p>\r\n<p>powershell.exe &quot;&amp; {. 'C:\\prod\\hyperv.ps1';shutdown-VM %%}&quot;<br>sleep 50<br>powershell.exe &quot;&amp; {. 'C:\\prod\\hyperv.ps1';Set-VMCPUCount %% 4 -Server &quot;.&quot;}&quot;<br>powershell.exe &quot;&amp; {. 'C:\\prod\\hyperv.ps1';start-VM %%}&quot;</p>\r\n<p>the only one thing left is figure out how to determine name with 2 cores</p>\r\n<p>&nbsp;</p>\r\n<p>Any help will be appreciated.</p>\r\n<p>Thanks,</p>\r\n<p>Andrew</p>",
    "PostedDate": "2009-10-13T14:26:21.3-07:00",
    "UserRole": null,
    "MarkedAsAnswerDate": null
  },
  {
    "Id": "252790",
    "ThreadId": "71871",
    "Html": "<p>Get-vm | where { (Get-vmCpuCount $_ ).VirtualQuanitity -eq 2 } |&nbsp; foreach-object { Stop-vm $_ &nbsp;; set-vmCpuCount -vm $_ -cpucount 4 ; start-vm $_ }</p>\r\n<p>&nbsp;</p>\r\n<p>should do it.</p>\r\n<p>&nbsp;</p>\r\n<p>&nbsp;</p>",
    "PostedDate": "2009-11-03T05:17:25.18-08:00",
    "UserRole": null,
    "MarkedAsAnswerDate": null
  },
  {
    "Id": "253532",
    "ThreadId": "71871",
    "Html": "<p>nope, doesnt work :(</p>\r\n<p>Does nothing</p>",
    "PostedDate": "2009-11-04T16:40:34.373-08:00",
    "UserRole": null,
    "MarkedAsAnswerDate": null
  },
  {
    "Id": "256363",
    "ThreadId": "71871",
    "Html": "<p>I haven't been back to check that it works with the older .ps1 version. Certainly works on the new version.&nbsp; I'll try the old version later.</p>\r\n<p>&nbsp;</p>",
    "PostedDate": "2009-11-12T07:58:45.483-08:00",
    "UserRole": null,
    "MarkedAsAnswerDate": null
  }
]