[
  {
    "Id": "253057",
    "ThreadId": "73983",
    "Html": "<p>The term 'Import-Module' is not recognized as a cmdlet, function, operable program, or script file. Verify the term and try again. <br>At line:1 char:14<br>+ Import-Module &lt;&lt;&lt;&lt; 'C:\\Program Files\\modules\\Hyperv'<br><br>Does anyone have any suggestions?&nbsp; Runs on x64.</p>",
    "PostedDate": "2009-11-03T18:06:59.99-08:00",
    "UserRole": null,
    "MarkedAsAnswerDate": null
  },
  {
    "Id": "253254",
    "ThreadId": "73983",
    "Html": "<p>That sounds like you are trying to use&nbsp;the R2 release&nbsp;on PowerShell V1.&nbsp;</p>\r\n<p>The V1 release is still available just click the link on the top right of the downloads page.</p>\r\n<p>&nbsp;</p>",
    "PostedDate": "2009-11-04T06:01:58.103-08:00",
    "UserRole": null,
    "MarkedAsAnswerDate": null
  },
  {
    "Id": "253580",
    "ThreadId": "73983",
    "Html": "<p>That was it!&nbsp; Thanks!</p>",
    "PostedDate": "2009-11-04T19:41:19.607-08:00",
    "UserRole": null,
    "MarkedAsAnswerDate": null
  }
]