[
  {
    "Id": "149452",
    "ThreadId": "44860",
    "Html": "I'd like to invoke this very useful library from a command line:<br>\r\n<br>\r\nC:\\Hyper-V PowerShell&gt;powershell.exe -command &quot;. ./hyperv.ps1; Suspend-VM blah&quot;<br>\r\n<br>\r\nI'm looking to leverage the functions with automation (read: unattended scripts).  I get the following message:<br>\r\n<br>\r\nSecurity Warning<br>\r\nRun only scripts that you trust. While scripts from the Internet can be useful,<br>\r\n this script can potentially harm your computer. Do you want to run C:\\Hyper-V<br>\r\nPowerShell\\hyperv.ps1?<br>\r\n[D] Do not run  [R] Run once  [S] Suspend  [?] Help (default is &quot;D&quot;):<br>\r\n<br>\r\nIf I go ahead and press R, I'm golden.  Otherwise it just hangs.<br>\r\n<br>\r\nIs there a way to use this library from a command line without the prompt?<br>\r\n<br>\r\nMany thanks,<br>\r\nBlake\r\n",
    "PostedDate": "2009-01-21T13:52:46.157-08:00",
    "UserRole": null,
    "MarkedAsAnswerDate": null
  },
  {
    "Id": "149743",
    "ThreadId": "44860",
    "Html": "I think I have found a work-around on this:<br>\r\n<br>\r\n<a href=\"http://www.hanselman.com/blog/RemovingSecurityFromDownloadedPowerShellScriptsWithAlternativeDataStreams.aspx\">http://www.hanselman.com/blog/RemovingSecurityFromDownloadedPowerShellScriptsWithAlternativeDataStreams.aspx</a><br>\r\n<br>\r\nI clicked the unblock button the file properties.  Neato.<br>\r\n<br>\r\nBlake\r\n",
    "PostedDate": "2009-01-22T06:41:57.78-08:00",
    "UserRole": null,
    "MarkedAsAnswerDate": null
  },
  {
    "Id": "149774",
    "ThreadId": "44860",
    "Html": "Followup - I want to run this as a batch file or scheduled task, which may not run in the same directory.  How can I load the function library and then run commands in a single command line?<br>\r\n<br>\r\nBlake\r\n",
    "PostedDate": "2009-01-22T07:50:29.237-08:00",
    "UserRole": null,
    "MarkedAsAnswerDate": null
  },
  {
    "Id": "150260",
    "ThreadId": "44860",
    "Html": "I'm looking at this now.&nbsp; I'm having similar problems to others, and am trying to find the time to look at the source.<br>\r\n<br>\r\nNew-VM works fine, but other functions/filters like Ping-VM or Get-VM return nothing.<br>\r\n<br>\r\nMarco<br>\r\nWindows PowerShell MVP<br>\r\n",
    "PostedDate": "2009-01-23T07:41:12.93-08:00",
    "UserRole": null,
    "MarkedAsAnswerDate": null
  },
  {
    "Id": "150976",
    "ThreadId": "44860",
    "Html": "After unblocking the downloaded file, I run the command from a CMD (thanks, Marco, for your help with the syntax) and get this:<br>\r\n<br>\r\nC:\\Users\\Administrator&gt;powershell.exe &quot;&amp; {. 'C:\\PSHyperv\\hyperv.ps1';Start-VM CALMACIL}&quot;<br>\r\nNo functions were loaded - you need to invoke with . scriptname<br>\r\nChanging state of CALMACIL: Job Started.<br>\r\n<a>file://\\\\VALACAR\\root\\virtualization:Msvm_ConcreteJob.InstanceID=13C-FE8320AB66B7</a>&quot;<br>\r\n<br>\r\nThis command line works - but the error I get is kind of perplexing.  Just an FYI.<br>\r\n<br>\r\n<br>\r\n",
    "PostedDate": "2009-01-26T08:27:03.403-08:00",
    "UserRole": null,
    "MarkedAsAnswerDate": null
  },
  {
    "Id": "150997",
    "ThreadId": "44860",
    "Html": "Marco when Get-VM retursn nothing it is usually a permissions thing - running as a member of admins, but not THE administrator - V1.0 has a trap for that. <br>\r\n<br>\r\nAt a vanilla PowerShell prompt you can try get-wmiObject -namespace root\\virtualization -class msvm_computersystem - if it doesn't return any VMs - just an object for the host then nothing in the library will do much .... \r\n",
    "PostedDate": "2009-01-26T09:25:00.003-08:00",
    "UserRole": null,
    "MarkedAsAnswerDate": null
  },
  {
    "Id": "151012",
    "ThreadId": "44860",
    "Html": "Marco I've picked this up over at <a href=\"http://www.codeplex.com/PSHyperv/WorkItem/View.aspx?WorkItemId=3677\">http://www.codeplex.com/PSHyperv/WorkItem/View.aspx?WorkItemId=3677</a> . <br>\r\nCan you check what is coming back in the caption property of the VMs, cheers James. \r\n",
    "PostedDate": "2009-01-26T09:48:29.677-08:00",
    "UserRole": null,
    "MarkedAsAnswerDate": null
  },
  {
    "Id": "151053",
    "ThreadId": "44860",
    "Html": "blaked,<br>\r\n<br>\r\nRegarding this<br>\r\n<em>C:\\Users\\Administrator&gt;powershell.exe &quot;&amp; {. 'C:\\PSHyperv\\hyperv.ps1';Start-VM CALMACIL}&quot;<br>\r\nNo functions were loaded - you need to invoke with . scriptname</em><br>\r\n<br>\r\nThis is possibly where things get touchy...<br>\r\n<br>\r\nIf you create a test.ps1 script with only:<br>\r\n$myinvocation.line<br>\r\n<br>\r\nIf you call it like:<br>\r\npowershell.exe &quot;&amp; {. ./test.ps1}&quot;<br>\r\nor<br>\r\npowershell.exe &quot;. './test.ps1'&quot;<br>\r\n<br>\r\nYou'll get different results.&nbsp; So how does one check every possible combination to make sure that the scirpt has been dot-sourced?<br>\r\n<br>\r\nThere are some less neat examples of testing whether something has been added to the global or current scope...&nbsp; Something to think about...<br>\r\n<br>\r\n",
    "PostedDate": "2009-01-26T11:57:52.923-08:00",
    "UserRole": null,
    "MarkedAsAnswerDate": null
  },
  {
    "Id": "152371",
    "ThreadId": "44860",
    "Html": "Marco, I'd suggest that someone who plans to load the scripts in that way ignores the error or edits it out - it there to cut down the number of mails I get from people new to powershell who haven't been told about dot sourcing. <br>\r\n<br>\r\nThat said there is probably a regular expression which will do the trick\r\n",
    "PostedDate": "2009-01-29T16:51:26.603-08:00",
    "UserRole": null,
    "MarkedAsAnswerDate": null
  }
]