[
  {
    "Id": "507362",
    "ThreadId": "230952",
    "Html": "<p>Hello All,</p>\r\n<p>I am using a simple PS script to shutdown and export the VMs and it is not exporting the virtual disk, here is portion of the script:</p>\r\n<p><span style=\"font-family:Courier New;color:#008000;font-size:x-small\"><span style=\"font-family:Courier New;color:#008000;font-size:x-small\"><span style=\"font-family:Courier New;color:#008000;font-size:x-small\">\r\n<p>export-VM -server &quot;hostA&quot; -vm &quot;VMA01&quot; -path E:\\Exported -force -wait</p>\r\n<p><span style=\"font-family:Courier New;color:#008000;font-size:x-small\"><span style=\"font-family:Courier New;color:#008000;font-size:x-small\"><span style=\"font-family:Courier New;color:#008000;font-size:x-small\">&nbsp;</span></span></span>It works fine and fast but again, does not export the vdh, any help is appreciated.</p>\r\n<p><span style=\"font-family:Courier New;color:#008000;font-size:x-small\"><span style=\"font-family:Courier New;color:#008000;font-size:x-small\"><span style=\"font-family:Courier New;color:#008000;font-size:x-small\">Exported VM folder structure with this script:</span></span></span></p>\r\n<p><span style=\"font-family:Courier New;color:#008000;font-size:x-small\"><span style=\"font-family:Courier New;color:#008000;font-size:x-small\"><span style=\"font-family:Courier New;color:#008000;font-size:x-small\"><span style=\"font-family:Courier New;color:#008000;font-size:x-small\"><span style=\"font-family:Courier New;color:#008000;font-size:x-small\"><span style=\"font-family:Courier New;color:#008000;font-size:x-small\">&nbsp;</span></span></span></span></span></span>E:\\Exported\\VMA01\\Snapshots</p>\r\n</span></span></span></p>\r\n<p><span style=\"font-family:Courier New;color:#008000;font-size:x-small\"><span style=\"font-family:Courier New;color:#008000;font-size:x-small\"><span style=\"font-family:Courier New;color:#008000;font-size:x-small\">E:\\Exported\\VMA01\\Virtual Machines</span></span></span></p>\r\n<p><span style=\"font-family:Courier New;color:#008000;font-size:x-small\"><span style=\"font-family:Courier New;color:#008000;font-size:x-small\"><span style=\"font-family:Courier New;color:#008000;font-size:x-small\"><span style=\"font-family:Courier New;color:#008000;font-size:x-small\"><span style=\"font-family:Courier New;color:#008000;font-size:x-small\"><span style=\"font-family:Courier New;color:#008000;font-size:x-small\">﻿</span></span></span></span></span></span>E:\\Exported\\VMA01\\config.xml</p>\r\n<p><span style=\"font-family:Courier New;color:#008000;font-size:x-small\"><span style=\"font-family:Courier New;color:#008000;font-size:x-small\"><span style=\"font-family:Courier New;color:#008000;font-size:x-small\">﻿The E:\\Exported\\VMA01\\Virtual Hard Disks - missing</span></span></span></p>\r\n<p>\r\n<p><span style=\"font-family:Courier New;color:#008000;font-size:x-small\"><span style=\"font-family:Courier New;color:#008000;font-size:x-small\"></span></span></p>\r\n</p>\r\n<p>&nbsp;</p>",
    "PostedDate": "2010-10-14T12:16:55.85-07:00",
    "UserRole": null,
    "MarkedAsAnswerDate": null
  },
  {
    "Id": "521898",
    "ThreadId": "230952",
    "Html": "\r\n<p>By default Export-VM does not copy state.&nbsp; Per the documentation you need to add -CopyState to have it copy &quot;the state, such as virtual hard disks, saved state files, and memory content files&quot;</p>\r\n",
    "PostedDate": "2010-11-14T16:41:49.967-08:00",
    "UserRole": null,
    "MarkedAsAnswerDate": null
  },
  {
    "Id": "698516",
    "ThreadId": "230952",
    "Html": "<p>DBeadle - In case you weren't able to put what Tony had said to use. &nbsp;The script I use to export the VM is as follows:</p>\r\n<p>Local Machine - export-vm -vm VMName E:/ImportFolder - copystate -force</p>\r\n<p>Remote Machine - Export-vm -server ServerName -vm VMName E:/ImportFolder (Import folder is the path of the HyperV Host). &nbsp;While issuing this command it will save to whatever machine you specify after -server</p>\r\n<p>Any more questions, feel free to let me know.</p>",
    "PostedDate": "2011-11-15T09:25:05.743-08:00",
    "UserRole": null,
    "MarkedAsAnswerDate": null
  },
  {
    "Id": "698518",
    "ThreadId": "230952",
    "Html": "<p>Thanks, I shall re-visit this project and try :)</p>",
    "PostedDate": "2011-11-15T09:27:32.213-08:00",
    "UserRole": null,
    "MarkedAsAnswerDate": null
  }
]