[
  {
    "Id": "814696",
    "ThreadId": "349799",
    "Html": "<p>I am in the process of setting up an automated script for building out new server environments in HyperV. I am trying to use powershell from a HyperV guest. Everytime I try running something like</p>\n<pre>NEW-VM -Name \"TESTVM\" -Server \"DEV-VHOST03\"</pre>\n<p>it returns an  error</p>\n<pre>Get-WmiObject : Invalid class\nAt C:\\Program Files\\modules\\HyperV\\VM.ps1:445 char:34\n+         $VSMgtSvc = Get-WmiObject &lt;&lt;&lt;&lt;  -ComputerName $Server -Namespace $HyperVNamespace -Class \"MSVM_Virtu\nanagementService\"\n    + CategoryInfo          : InvalidOperation: (:) [Get-WmiObject], ManagementException\n    + FullyQualifiedErrorId : GetWMIManagementException,Microsoft.PowerShell.Commands.GetWmiObjectCommand</pre>\n<p>&nbsp;</p>\n<p>I found some other posts and tried</p>\n<pre>Get-WmiObject -List -Namespace \"root\\virtualization\"</pre>\n<p>this in turn gave me</p>\n<p>&nbsp;</p>\n<p>&nbsp;</p>\n<pre>Get-WmiObject : Could not get objects from namespace root\\virtualization. Invalid namespace\nAt line:1 char:14\n+ Get-WmiObject &lt;&lt;&lt;&lt;  -List -Namespace \"root\\virtualization\"\n    + CategoryInfo          : ObjectNotFound: (:) [Get-WmiObject], ManagementException\n    + FullyQualifiedErrorId : INVALID_NAMESPACE_IDENTIFIER,Microsoft.PowerShell.Commands.GetWmiObjectCommand\n\n</pre>\n<p>I am beginning to think I cannot get this to run from a guest, which really would stink, as I don't want to have all of this on one of the hosts.</p>\n<p>The last thing I tried is</p>\n<pre>gwmi -ComputerName \"Dev-Vhost03\" -Namespace root\\virtualization -Class \"MSVM_VirtualSystemManagementService\"</pre>\n<p>Which does actually connect and gives me the output I had expected.</p>\n<p>&nbsp;</p>\n<p>&nbsp;</p>\n<p>If anyone has any ideas how I can get this to work or even some ideas I can try that would be great.</p>\n<p>&nbsp;</p>\n<p>Thanks</p>\n<p>JR</p>",
    "PostedDate": "2012-03-23T08:34:14.403-07:00",
    "UserRole": null,
    "MarkedAsAnswerDate": null
  },
  {
    "Id": "814726",
    "ThreadId": "349799",
    "Html": "<p>After some further digging, it looks like the variable $HyperVNamespace is not set when it tries to execute the code in vm.ps1. the weird thing to me is that on initial load of the vm.ps1 the variable is set correctly. I will continue digging.</p>",
    "PostedDate": "2012-03-23T09:13:50.043-07:00",
    "UserRole": null,
    "MarkedAsAnswerDate": null
  },
  {
    "Id": "835142",
    "ThreadId": "349799",
    "Html": "<p>I'd check if the WMI repository has no issues. Can you run winmgmt.exe /verifyrepository</p>\r\n<p>if it reports an error, try the salvagerepository switch: <a href=\"http://blogs.technet.com/b/askperf/archive/2008/07/11/wmi-troubleshooting-the-repository-on-vista-server-2008.aspx\">http://blogs.technet.com/b/askperf/archive/2008/07/11/wmi-troubleshooting-the-repository-on-vista-server-2008.aspx</a></p>\r\n<p>Cheers, E</p>",
    "PostedDate": "2012-05-11T07:43:43.287-07:00",
    "UserRole": null,
    "MarkedAsAnswerDate": null
  }
]