[
  {
    "Id": "425604",
    "ThreadId": "207825",
    "Html": "<p>Hey all,</p>\r\n<p>Love the module.&nbsp; Incredibly useful.&nbsp; I've been doing some export config-only calls with CopyState = false, however, I'm unsure of how to reimport these configurations using the Module.</p>\r\n<p>Does Import-VM require a switch to know that it's being asked to import a config-only export, or will the CopyState item in the configuration files (and .exp files) be enough?</p>\r\n<p>&nbsp;</p>\r\n<p>Thanks,</p>\r\n<p>-Mezzrow</p>",
    "PostedDate": "2010-03-30T11:14:25.207-07:00",
    "UserRole": null,
    "MarkedAsAnswerDate": null
  }
]