[
  {
    "Id": "926679",
    "ThreadId": "399386",
    "Html": "\r\n<p>Hello,</p>\r\n<p>I need some help for this:</p>\r\n<p>I am creating a script to shutdown some VMs at night.</p>\r\n<p>I need to get VM state and if the machine has shut, send a notification e-mail.</p>\r\n<p>How to parse the result to a variable (if/ese).</p>\r\n<p>&nbsp;</p>\r\n<p>Best regards</p>\r\n<p>Kostas</p>\r\n",
    "PostedDate": "2012-10-15T05:56:34.87-07:00",
    "UserRole": null,
    "MarkedAsAnswerDate": null
  },
  {
    "Id": "1017181",
    "ThreadId": "399386",
    "Html": "I need the same thing.\r<br />\n<br />\nHave you find out a solution?\r<br />\n<br />\nRegards.\r<br />\n<br />\nJoffre Mota<br />\n",
    "PostedDate": "2013-03-18T09:58:45.15-07:00",
    "UserRole": null,
    "MarkedAsAnswerDate": null
  },
  {
    "Id": "1017189",
    "ThreadId": "399386",
    "Html": "\r\n<div>Hi,</div>\r\n<div><br>\r\n</div>\r\n<div>No, not yet.</div>\r\n<div><br>\r\n</div>\r\n<div>I just created the scripts without checking the state.</div>\r\n<div><br>\r\n</div>\r\n<div>If you find something, let me know.</div>\r\n<div><br>\r\n</div>\r\n<div>Best regards</div>\r\n<div><br>\r\n</div>\r\n<div>Kostas<br>\r\n<br>\r\nSent from my iPhone</div>\r\n<div><br>\r\nOn 18 Μαρ 2013, at 18:58, &quot;JoffreMota&quot; &lt;<a href=\"mailto:notifications@codeplex.com\">notifications@codeplex.com</a>&gt; wrote:<br>\r\n<br>\r\n</div>\r\n<blockquote type=\"cite\">\r\n<div>\r\n<p>From: JoffreMota</p>\r\n<div id=\"ThreadNotificationPostBody\">I need the same thing. <br>\r\n<br>\r\nHave you find out a solution? <br>\r\n<br>\r\nRegards. <br>\r\n<br>\r\nJoffre Mota<br>\r\n</div>\r\n</div>\r\n</blockquote>\r\n",
    "PostedDate": "2013-03-18T10:05:58.783-07:00",
    "UserRole": null,
    "MarkedAsAnswerDate": null
  },
  {
    "Id": "1017196",
    "ThreadId": "399386",
    "Html": "<strong><a href=\"http://www.codeplex.com/site/users/view/costasppc\" rel=\"nofollow\">costasppc</a></strong>, how did you do?<br />\n<br />\nCould you share, please?<br />\n",
    "PostedDate": "2013-03-18T10:21:39.747-07:00",
    "UserRole": null,
    "MarkedAsAnswerDate": null
  },
  {
    "Id": "1017199",
    "ThreadId": "399386",
    "Html": "\r\n<div>Of course,</div>\r\n<div><br>\r\n</div>\r\n<div>I will send you the scripts tomorrow from the office.</div>\r\n<div><br>\r\n</div>\r\n<div>Best</div>\r\n<div><br>\r\n</div>\r\n<div>Kostas<br>\r\n<br>\r\nSent from my iPhone</div>\r\n<div><br>\r\nOn 18 Μαρ 2013, at 19:21, &quot;JoffreMota&quot; &lt;<a href=\"mailto:notifications@codeplex.com\">notifications@codeplex.com</a>&gt; wrote:<br>\r\n<br>\r\n</div>\r\n<blockquote type=\"cite\">\r\n<div>\r\n<p>From: JoffreMota</p>\r\n<div id=\"ThreadNotificationPostBody\"><strong>costasppc</strong>, how did you do?\r\n<br>\r\n<br>\r\nCould you share, please?<br>\r\n</div>\r\n</div>\r\n</blockquote>\r\n",
    "PostedDate": "2013-03-18T10:23:58.733-07:00",
    "UserRole": null,
    "MarkedAsAnswerDate": null
  },
  {
    "Id": "1017207",
    "ThreadId": "399386",
    "Html": "Thanks in advance, <strong>costasppc</strong>.\r<br />\n<br />\nHave a nice week!<br />\n",
    "PostedDate": "2013-03-18T10:30:18.367-07:00",
    "UserRole": null,
    "MarkedAsAnswerDate": null
  }
]