[
  {
    "Id": "190071",
    "ThreadId": "56261",
    "Html": "<p>Hello,</p>\r\n<p>first thanks for this library, I like it.</p>\r\n<p>One thing I've missed: adding physical passthrough disks to a VM.<br>I found a statement within the documentation of Function Add-VMDISK (...or the path to a passthrough disk), but I did not figure out how to use this.</p>\r\n<p>VHD Images are added like this: VMController--&gt;VMDrive--&gt;VMDisk, but passthroughs seems to be added like VMController--&gt;VMDrive where the physical disk is added via HostResources property of the drive.<br>So I extendet the Function Add-VMDRIVE like you can see below. The new parameter -PHYSDISK can take a value which identifies the drive to be used (this has to be offline first!!).<br>The Value can be a numeric one (this is the number you can see in drive manager), or an asterisk (*), where the first possible drive found will be used.<br>Example: Add-VMDRIVE -vm vServer -Controller 0 -LUN 0 -PHYSDISK 3 -SCSI</p>\r\n<p>I am very new to PowerShell and WMI, so the code might be from a bad quality. Maybe someone can make it better.</p>\r\n<p>There is a second thing I found, which someone else has mentioned here before.<br>In Function Get-VM, which seems to be used by many other functions, there is a string-match (Caption Like 'Virtual%') which failes on german setups, too.<br>The string is 'Virtuelle Maschine', so I shortened the match to 'Virtu%'. If I remember, for france setups this will not wort either, because the word 'Virtuel' ist the second one, so is has to be '%Virtu%' there...<br>It was not so easy to find this simple cause, but fixing is easy if you know about it, so I think it would be good to document this for others.</p>\r\n<p>alex.</p>\r\n<p>&nbsp;</p>\r\n<p><span style=\"font-family:courier;white-space:nowrap\">\r\n<p>Filter Add-VMDRIVE<br>{Param ($VM , $ControllerID=0 , $LUN, $Server=&quot;.&quot; , <span style=\"color:#ff0000\">$PHYSDISK=&quot;&quot; ,&nbsp;</span> [switch]$DVD , [switch]$SCSI)<br>&nbsp;if ($VM -eq $null) {$VM=$_}<br>&nbsp;if ($VM -is [String]) {$VM=(Get-VM -Name $VM -Server $server) }<br>&nbsp;if ($VM -is [Array]) {if ($DVD) {$VM | ForEach-Object {Add-VMDRIVE -VM $_ -ControllerID $ControllerID -LUN $LUN -server $server&nbsp; -DVD} }<br>&nbsp;&nbsp;&nbsp;&nbsp;&nbsp;&nbsp;&nbsp;&nbsp;&nbsp;&nbsp;&nbsp;&nbsp;&nbsp;&nbsp;&nbsp;&nbsp;&nbsp;&nbsp;&nbsp;&nbsp;&nbsp;&nbsp;&nbsp;&nbsp;&nbsp;&nbsp; else&nbsp; {if ($scsi) {$VM | ForEach-Object {Add-VMDRIVE -VM $_ -ControllerID $ControllerID -LUN $LUN -server $server} } <br>&nbsp;&nbsp;&nbsp; &nbsp;&nbsp;&nbsp; &nbsp;&nbsp;&nbsp; &nbsp;&nbsp;&nbsp; &nbsp;&nbsp;&nbsp;&nbsp;&nbsp;&nbsp;&nbsp; else {$VM | ForEach-Object {Add-VMDRIVE -VM $_ -ControllerID $ControllerID -LUN $LUN -server $server -SCSI } } }}<br>&nbsp;# think of this as a container into which we mount a virtual disk - makes more sense with DVDs (DVD drive and DVD disk) than Hard disks<br>&nbsp;if ($VM -is [System.Management.ManagementObject]) { <br>&nbsp;&nbsp;&nbsp;&nbsp; #Step 1. Get Resource Allocation Setting Data object for a disk, set it's parent to the Controller and the Address to the &quot;Lun&quot;<br>&nbsp;&nbsp;&nbsp;&nbsp; if ($DVD)&nbsp; &nbsp;&nbsp;&nbsp; &nbsp;&nbsp;&nbsp; &nbsp;&nbsp;&nbsp;&nbsp;&nbsp;&nbsp; {$diskRASD=NEW-VMRasd -ResType 16 -ResSubType 'Microsoft Synthetic DVD Drive' -Server $VM.__Server } <br>&nbsp;&nbsp;&nbsp; &nbsp;<span style=\"color:#ff0000\">elseif ($PHYSDISK -ne &quot;&quot;) {$diskRASD=NEW-VMRasd -ResType 22 -ResSubType 'Microsoft Physical Disk Drive'&nbsp; -Server $VM.__Server }</span><br>&nbsp;&nbsp;&nbsp;&nbsp; else&nbsp;&nbsp;&nbsp;&nbsp;&nbsp;&nbsp; &nbsp;&nbsp;&nbsp; &nbsp;&nbsp;&nbsp; &nbsp;&nbsp;&nbsp;&nbsp;&nbsp;&nbsp; {$diskRASD=NEW-VMRasd -ResType 22 -ResSubType 'Microsoft Synthetic Disk Drive'&nbsp; -Server $VM.__Server }<br>&nbsp;&nbsp;&nbsp;&nbsp; if ($SCSI) {$diskRASD.parent=(Get-VMDiskController -vm $vm -ControllerID $ControllerID -SCSI).__Path }<br>&nbsp;&nbsp;&nbsp;&nbsp; else&nbsp;&nbsp;&nbsp;&nbsp;&nbsp;&nbsp; {$diskRASD.parent=(Get-VMDiskController -vm $vm -ControllerID $ControllerID -IDE).__Path&nbsp; }<br>&nbsp;&nbsp;&nbsp;&nbsp; $diskRASD.address=$Lun<br><span style=\"color:#ff0000\">&nbsp;&nbsp;&nbsp; &nbsp;if ($PHYSDISK -ne &quot;&quot;) {<br>&nbsp;&nbsp;&nbsp; &nbsp;&nbsp;&nbsp;&nbsp; $query = &quot;SELECT * FROM Msvm_DiskDrive&quot;<br>&nbsp;&nbsp;&nbsp; &nbsp;&nbsp;&nbsp; if ($PHYSDISK -ne &quot;*&quot;) {$query += &quot; WHERE DriveNumber = &quot; + $PHYSDISK}<br>&nbsp;&nbsp;&nbsp; &nbsp;&nbsp;&nbsp; $PD = Get-WmiObject -NameSpace &quot;root\\virtualization&quot; -Query &quot;$query&quot; | select-object -first 1<br>&nbsp;&nbsp;&nbsp; &nbsp;&nbsp;&nbsp; $diskRASD.HostResource = $PD.__PATH<br>&nbsp;&nbsp;&nbsp; &nbsp;}<br></span>&nbsp;&nbsp;&nbsp;&nbsp; $arguments = @($VM.__Path, @( $diskRASD.psbase.GetText([System.Management.TextFormat]::WmiDtd20) ), $null, $null )<br>&nbsp;&nbsp;&nbsp;&nbsp; $VSMgtSvc=Get-WmiObject -ComputerName $VM.__server -NameSpace&nbsp; &quot;root\\virtualization&quot; -Class &quot;MsVM_virtualSystemManagementService&quot;<br>&nbsp;&nbsp;&nbsp;&nbsp; $result=$VSMgtSvc.psbase.invokeMethod(&quot;AddVirtualSystemResources&quot;, $arguments)&nbsp;&nbsp; <br>&nbsp;&nbsp;&nbsp;&nbsp; if ($result -eq 0) {&quot;Added drive to '$($vm.elementName)'.&quot;} else {&quot;Failed to add drive to '$($vm.elementName)', result code: $result.&quot;} }<br>&nbsp;$vm=$null<br>}</p>\r\n</span></p>\r\n<p>&nbsp;</p>",
    "PostedDate": "2009-05-13T23:37:03.443-07:00",
    "UserRole": null,
    "MarkedAsAnswerDate": null
  },
  {
    "Id": "198685",
    "ThreadId": "56261",
    "Html": "<p>Alex I've written something very similar except it is a seperate add passthru function and this will posted in an update shortly.&nbsp;</p>\r\n<p>&nbsp;</p>",
    "PostedDate": "2009-06-07T01:54:59.35-07:00",
    "UserRole": null,
    "MarkedAsAnswerDate": null
  }
]