[
  {
    "Id": "196976",
    "ThreadId": "58258",
    "Html": "<p>I went through the PDF doc and couldn't find where the command was that will report what version of IC's are installed on a VM.</p>\r\n<p>We can see that the ICs are *installed* through the VM Additions column in SCVMM on a managed guest, but not what version.</p>\r\n<p>Would it be possible to include the ability to return this information in the HYPERV.PS1 pack?</p>\r\n<p>I'm not sure how much work that would require, but I wanted to throw the question out here for discussion.</p>\r\n<p>Thanks in advance!</p>",
    "PostedDate": "2009-06-02T13:19:01.673-07:00",
    "UserRole": null,
    "MarkedAsAnswerDate": null
  },
  {
    "Id": "198693",
    "ThreadId": "58258",
    "Html": "<p>There isn't a&nbsp;hook in the virtualization software to check what software is installed in the VM , you can use WMI to remotely interogate the machine, but it is just the same as checking what is on a physical machine.</p>\r\n<p>&nbsp;</p>\r\n<p>&nbsp;</p>",
    "PostedDate": "2009-06-07T02:26:42.107-07:00",
    "UserRole": null,
    "MarkedAsAnswerDate": null
  }
]