[
  {
    "Id": "183777",
    "ThreadId": "54516",
    "Html": "We have centralized SCVMM servers to manage VMs across organization.  How can we use this library on a SCVMM server to rollup information from multiple hosts and guests.<br>\r\n<br>\r\nFor instance.. we are trying to get a report across all hosts to show all snapshots that exist and for what guests <br>\r\n<br>\r\nIs this possible with this library today?<br>\r\nDoes this library have to be run from each host directly?\r\n",
    "PostedDate": "2009-04-26T09:15:50.487-07:00",
    "UserRole": null,
    "MarkedAsAnswerDate": null
  },
  {
    "Id": "186869",
    "ThreadId": "54516",
    "Html": "I thought you could get this information out of SCVMM (sorry not my main area of expertise). But yes you could use the library from one central machine to go to each of the hosts and get information about the snapshots. <br>\r\n<br>\r\nGet-vm -server HostA,HostB,HostC  | Get-VMsnapshot <br>\r\n<br>\r\nshould do it. \r\n",
    "PostedDate": "2009-05-05T02:40:54.24-07:00",
    "UserRole": null,
    "MarkedAsAnswerDate": null
  },
  {
    "Id": "189019",
    "ThreadId": "54516",
    "Html": "<p>You can do that natively with the cmdlets from SCVMM</p>\r\n<p>Issuing this from a machine with the SCVMM console should list all&nbsp;VMs on physical hosts tied into SCVMM&nbsp;and any snapshots</p>\r\n<p><strong>get-vm -vmmserver vmhost.blah.org | sort-object name | format-list -property Name,&nbsp;VMCheckpoints</strong></p>\r\n<p>Output should look something like this:</p>\r\n<p>&nbsp;Name&nbsp;&nbsp;&nbsp;&nbsp;&nbsp;&nbsp;&nbsp;&nbsp;&nbsp; : SERVER1<br>VMCheckpoints : {}</p>\r\n<p>Name&nbsp;&nbsp;&nbsp;&nbsp;&nbsp;&nbsp;&nbsp;&nbsp;&nbsp; : SERVER2<br>VMCheckpoints : {SERVER2 - (3/3/2009 - 4:31:50 PM)}</p>\r\n<p>Name&nbsp;&nbsp;&nbsp;&nbsp;&nbsp;&nbsp;&nbsp;&nbsp;&nbsp; : SERVER3<br>VMCheckpoints : {SERVER3 - (04/28/2009 12:06:52),&nbsp;SERVER3 - (05/06/2009 16:37:31)</p>\r\n<p>&nbsp;</p>\r\n<p>Server1 has 0 checkpoints, Server2 has 1 checkpoint, Server3 has 2 checkpoints</p>",
    "PostedDate": "2009-05-11T12:56:07.803-07:00",
    "UserRole": null,
    "MarkedAsAnswerDate": null
  }
]