[
  {
    "Id": "440281",
    "ThreadId": "211902",
    "Html": "<p>Hi,</p>\r\n<p>I use the following commands:</p>\r\n<p>$VM = get-vm -server &quot;HOST_NAME&quot; &nbsp; &quot;VM_NAME&quot;</p>\r\n<p>$NIC = get-VMNIC $VM<br>$NIC</p>\r\n<p>If HOST_NAME is the HYperV server I send this command from, I get the VLAN ID of the VM NICs</p>\r\n<p>If HOST_NAME is a remote Hyper-V server, VLANID is blank ?</p>\r\n<p>Any idea or workaround ? SCVMM ?</p>\r\n<p>Thanls in advance</p>\r\n<p>Fran&ccedil;ois</p>",
    "PostedDate": "2010-05-07T03:18:18.093-07:00",
    "UserRole": null,
    "MarkedAsAnswerDate": null
  }
]