[
  {
    "Id": "692164",
    "ThreadId": "277896",
    "Html": "<p>Everytime when I use Start-VM I get a warning (in yellow):</p>\n<p>WARNING: The job to Change state of VM Server1 to Running&nbsp; is still running in the background.<br />&nbsp;You can check its progress with Test-wmiJob or Test-wmiJob -statusOnly using the following job id:<br /><a href=\"file://\\\\PLUTO\\root\\virtualization:Msvm_ConcreteJob.InstanceID=&quot;2B908BEE-F985-40F1-B2EF-564131A076F4\">\\\\HyperV-Host\\root\\virtualization:Msvm_ConcreteJob.InstanceID=\"2B908BEE-F985-40F1-B2EF-564131A076F4</a>\"</p>\n<p>And after a while it says JobStarted.<br />The machine starts, and works fine, but it's so messing up the output screen.<br />Is there a switch or another solution to suppress this warning?</p>",
    "PostedDate": "2011-11-01T08:04:01.76-07:00",
    "UserRole": null,
    "MarkedAsAnswerDate": null
  }
]