[
  {
    "Id": "929994",
    "ThreadId": "400194",
    "Html": "\r\n<p>I have not being able to use or install the Hyper-V objects in Windows 2012. Could some developer create an installer (MSI) that would work?</p>\r\n<p>&nbsp;</p>\r\n",
    "PostedDate": "2012-10-21T03:01:22.82-07:00",
    "UserRole": null,
    "MarkedAsAnswerDate": null
  },
  {
    "Id": "934506",
    "ThreadId": "400194",
    "Html": "<p>Hi philip_38,</p>\r\n<p>To fix this simply open up menu.ps1 with a suitable editor and edit line 276 and line 1141 (at least this is the line numbering using Notepad+). The problem sections are as follows:</p>\r\n<p>1) 20&nbsp;&nbsp; {&nbsp; $SelectedVHD = (Select-List -InputObject $vhd -Property ,@{Name=\"Name\"; expression={$_.Name -replace ($folder+\"\\\").replace(\"\\\",\"\\\\\"),\"\"}}).name&nbsp;&nbsp;&nbsp;&nbsp; }</p>\r\n<p>2) 20&nbsp;&nbsp; {&nbsp; $SelectedVHD = (Select-List -InputObject $vhd -Property ,@{Name=\"Name\"; expression={$_.Name -replace ($folder+\"\\\").replace(\"\\\",\"\\\\\"),\"\"}}).name&nbsp;&nbsp;&nbsp;&nbsp; }</p>\r\n<p>For both just remove the comma's next to the @ symbol and save. Then try installing again and importing the Hyper-V module. It should all work sweetly now! :)</p>\r\n<p>Hope this help!</p>\r\n<p>Regards,</p>\r\n<p>Glenn Rosslee</p>\r\n<p>New Zealand Computing Solutions Ltd</p>\r\n<p>P.S Make a backup of your original menu.ps1 file...</p>",
    "PostedDate": "2012-10-30T19:08:32.787-07:00",
    "UserRole": null,
    "MarkedAsAnswerDate": null
  },
  {
    "Id": "937109",
    "ThreadId": "400194",
    "Html": "\r\n<p>in 2012 you can add this from powershell, it is already integrated in system.</p>\r\n<p>Install-WindowsFeature -Name Hyper-V-PowerShell</p>\r\n",
    "PostedDate": "2012-11-06T00:33:20.797-08:00",
    "UserRole": null,
    "MarkedAsAnswerDate": null
  }
]