[
  {
    "Id": "191486",
    "ThreadId": "56664",
    "Html": "<p>Hi everyone,</p>\r\n<p>I'm using ur great pool of tool and almost everyone works perfektly.</p>\r\n<p>My problem is:</p>\r\n<p>I create remote a VM on a Server 2008 Hyper-v.</p>\r\n<p>I am using add-vmdrive and add-vmdisk.</p>\r\n<p>add-vmdrive works perfekt and i get the message: &quot;Added drive to 'dawidtest1'.&quot;</p>\r\n<p>add-vmdisk dont work and it says: &quot;Failed to add disk to 'dawidtest1', result code: 4096.&quot;</p>\r\n<p>Even if i change add-vmdisk and write just bevor</p>\r\n<p>&quot;....</p>\r\n<p>sleep 10000</p>\r\n<p>&quot;if ($result -eq 0) {&quot;Added disk to '$($vm.elementName)'.&quot;} else {&quot;Failed to add disk to '$($vm.elementName)', result code: $result.&quot;}}&quot;</p>\r\n<p>nothing changes.</p>\r\n<p>Please help.</p>\r\n<p>Thanks</p>\r\n<p>Dawid</p>",
    "PostedDate": "2009-05-18T07:47:24.917-07:00",
    "UserRole": null,
    "MarkedAsAnswerDate": null
  },
  {
    "Id": "191894",
    "ThreadId": "56664",
    "Html": "<p>I tested it on the host and there it is running perfekt.</p>\r\n<p>But a Server Core has no powershell yet.</p>\r\n<p>Have anyone an idea how to get this great tool to work remote?</p>",
    "PostedDate": "2009-05-19T06:17:55.01-07:00",
    "UserRole": null,
    "MarkedAsAnswerDate": null
  },
  {
    "Id": "194793",
    "ThreadId": "56664",
    "Html": "<p>Hi,</p>\r\n<p>I solved it.</p>\r\n<p>My Problem was this line:</p>\r\n<p>add-vmdisk $VMName 0 0 $ $VHD $Server</p>\r\n<p>and&nbsp; $VHD = \\\\hypervtest\\d$\\dawid1.vhd</p>\r\n<p>so powershell searched for $\\dawid1.vhd</p>\r\n<p>i changed $VHD into &quot;E:\\vm\\dawid1.vhd&quot; and now it works</p>",
    "PostedDate": "2009-05-27T07:15:29.563-07:00",
    "UserRole": null,
    "MarkedAsAnswerDate": null
  },
  {
    "Id": "247834",
    "ThreadId": "56664",
    "Html": "<p>I'm having a similar problem. I receive a 4096 error when adding a VHD through add-vmdisk</p>\r\n<p>I'm using:</p>\r\n<p>$vm = New-VM -name &ldquo;MyPC&rdquo; <br>Set-VMMemory -vm $vm -memory 512MB <br>Set-VMCPUCount -vm $vm -CPUCount 1 <br>Add-VMDrive $vm 0 0<br>Add-VMDisk $VM 0 0 $ &quot;C:\\MyPC.vhd&quot;</p>\r\n<p>I get:</p>\r\n<p>&nbsp;Failed to add disk to 'MyPC', result code: 4096.</p>\r\n<p>I've tried with different paths, existing and non-existing.</p>\r\n<p>&nbsp;</p>\r\n<p>The add-vmdrive succeeds, but add-vmdisk fails and I'm left with an empty drive without file associated.</p>\r\n<p>I've tried with clean machines, manually and with different ways of expressing the VHD path, and they all fail with the same error. I'm doing this on Windows Server 2008 R2, which could mean that there's some incompatibility. Has anyone tried adding disks with pshyperv on an R2 host?</p>\r\n<p>Thank you.</p>\r\n<p>&nbsp;</p>\r\n<p>&nbsp;</p>",
    "PostedDate": "2009-10-20T12:13:11.78-07:00",
    "UserRole": null,
    "MarkedAsAnswerDate": null
  },
  {
    "Id": "251966",
    "ThreadId": "56664",
    "Html": "<p>Add-VMDisk $VM 0 0<span style=\"color:#ff0000\"> $</span> &quot;C:\\MyPC.vhd&quot;</p>\r\n<p>That $ shouldn't be there.</p>\r\n<p>The VHD must exist , so do new-vhd&nbsp; c:\\myPC.vhd&nbsp; (and set size, fixed or parent etc otherwise it will assume dynamic. )</p>\r\n<p>&nbsp;</p>",
    "PostedDate": "2009-10-31T09:28:47.153-07:00",
    "UserRole": null,
    "MarkedAsAnswerDate": null
  }
]