[
  {
    "Id": "847493",
    "ThreadId": "359174",
    "Html": "\r\n<p>I am getting the following error when running New-VM</p>\r\n<p></p>\r\n<pre>Get-WmiObject : Invalid class\r\nAt C:\\Program Files\\Modules\\hyperv\\VM.ps1:437 char:34\r\n&#43;         $VSMgtSvc = Get-WmiObject &lt;&lt;&lt;&lt;  -ComputerName $Server -Namespace $HyperVNamespace -Class &quot;MSVM_VirtualSystemM\r\nanagementService&quot;\r\n    &#43; CategoryInfo          : InvalidOperation: (:) [Get-WmiObject], ManagementException\r\n    &#43; FullyQualifiedErrorId : GetWMIManagementException,Microsoft.PowerShell.Commands.GetWmiObjectCommand\r\n\r\nYou cannot call a method on a null-valued expression.\r\nAt C:\\Program Files\\Modules\\hyperv\\VM.ps1:443 char:53\r\n&#43;                 $result = $VSMgtSvc.DefineVirtualSystem &lt;&lt;&lt;&lt; ($GlobalSettingsData.GetText([System.Management.TextForm\r\nat]::WmiDtd20), $null, $null)\r\n    &#43; CategoryInfo          : InvalidOperation: (DefineVirtualSystem:String) [], RuntimeException\r\n    &#43; FullyQualifiedErrorId : InvokeMethodOnNull\r\n\r\nTest-WMIResult : Cannot validate argument on parameter 'result'. The argument is null or empty. Supply an argument that\r\n is not null or empty and then try the command again.\r\nAt C:\\Program Files\\Modules\\hyperv\\VM.ps1:445 char:47\r\n&#43;                 if ( ($Result | Test-wmiResult &lt;&lt;&lt;&lt;  -wait:$wait -JobWaitText (($lstr_VMCreating -f $Server) &#43; $_)`\r\n    &#43; CategoryInfo          : InvalidData: (:) [Test-WMIResult], ParameterBindingValidationException\r\n    &#43; FullyQualifiedErrorId : ParameterArgumentValidationError,Test-WMIResult\r\n\r\nCannot convert null to type &quot;ReturnCode&quot; due to invalid enumeration values. Specify one of the following enumeration va\r\nlues and try again. The possible enumeration values are &quot;OK, JobStarted, Failed, AccessDenied, NotSupported, Unknown, T\r\nimeout, InvalidParameter, SystemInUse, InvalidStateForOperation, IncorrectDataType, SystemNotAvailable, OutOfMemory, Fi\r\nleNotFound&quot;.\r\nAt C:\\Program Files\\Modules\\hyperv\\Helper.ps1:327 char:123\r\n&#43;     Else                                                                    {write-error ($failText &#43; [returnCode]$Re\r\nsult. &lt;&lt;&lt;&lt; ReturnValue)      ;[ReturnCode]::Failed }\r\n    &#43; CategoryInfo          : NotSpecified: (:) [], RuntimeException\r\n    &#43; FullyQualifiedErrorId : RuntimeException</pre>\r\n<p></p>\r\n",
    "PostedDate": "2012-06-11T07:36:12.533-07:00",
    "UserRole": null,
    "MarkedAsAnswerDate": null
  },
  {
    "Id": "847567",
    "ThreadId": "359174",
    "Html": "<p>I found out what the issue was. &nbsp;I had UAC enabled which was not elevating the premissions for VM.ps1 when it ran. &nbsp;</p>",
    "PostedDate": "2012-06-11T10:14:39.607-07:00",
    "UserRole": null,
    "MarkedAsAnswerDate": null
  }
]