[
  {
    "Id": "282071",
    "ThreadId": "82104",
    "Html": "<p>I'm curious if anyone has already found a way to programatically check the &quot;Static&quot; option for all the NICS of Every VM.</p>\r\n<p>If someone knows how or already has some code for it, i would love to see it.</p>\r\n<p>Thanks,</p>\r\n<p>Josh</p>",
    "PostedDate": "2010-01-26T16:06:29.687-08:00",
    "UserRole": null,
    "MarkedAsAnswerDate": null
  },
  {
    "Id": "282092",
    "ThreadId": "82104",
    "Html": "<p>Interesting question.&nbsp; I've got a process in mind to do this, which would be adapted for both new VMs and switching current ones.&nbsp;</p>\r\n<p>&nbsp;</p>\r\n<p>&nbsp;</p>",
    "PostedDate": "2010-01-26T17:42:18.14-08:00",
    "UserRole": null,
    "MarkedAsAnswerDate": null
  },
  {
    "Id": "282436",
    "ThreadId": "82104",
    "Html": "<p>Well i would love any help that can be offered. I'm currently wading through scripts i only marginally understand in hopes of being able to adapt it to my purpose.&nbsp;&nbsp; :)</p>",
    "PostedDate": "2010-01-27T11:00:17.823-08:00",
    "UserRole": null,
    "MarkedAsAnswerDate": null
  },
  {
    "Id": "282475",
    "ThreadId": "82104",
    "Html": "<pre>This is a basic brute force method, which shuts off all VMs regardless of state, takes the existing MAC and then sets it unless it's already set to static.  This can be adjusted to set just legacy or vmbus nics and can be adapted for get-vm status options if needed.  <br><br>stop-vm -server $server -force -wait<br><br>foreach ($_ in(get-vmnic -server $server)){\r\n    if ($_.staticMacAddress -eq $False){\r\n        set-vmnicaddress -nic $_.ElementName -mac $_.address \r\n    }\r\n}<br><pre>start-vm -server $server</pre>\r\n</pre>\r\n<p>&nbsp;</p>\r\n<p>&nbsp;</p>\r\n<p>&nbsp;</p>\r\n<p>&nbsp;</p>\r\n<p>&nbsp;</p>",
    "PostedDate": "2010-01-27T12:47:11.37-08:00",
    "UserRole": null,
    "MarkedAsAnswerDate": null
  },
  {
    "Id": "282540",
    "ThreadId": "82104",
    "Html": "<p>This isn't giving me any error and is not producing the desired result of checking the Static option. This is a good starting point though, i very much appreciate it.</p>",
    "PostedDate": "2010-01-27T16:23:50.95-08:00",
    "UserRole": null,
    "MarkedAsAnswerDate": null
  },
  {
    "Id": "283010",
    "ThreadId": "82104",
    "Html": "<p>My apologies. This is exactly what i was looking for. I was testing with a machine that had a Legacy nic and this script works on the normal NIC. For some reason i thought it already encompassed both.</p>\r\n<p>&nbsp;</p>\r\n<p>Again thank you very much, this is going to save us loads of time.</p>",
    "PostedDate": "2010-01-28T15:10:51.31-08:00",
    "UserRole": null,
    "MarkedAsAnswerDate": null
  },
  {
    "Id": "283014",
    "ThreadId": "82104",
    "Html": "<p>Err maybe i tricked my self. Heh. Not sure if it worked. Doesn't seem to be working now.</p>",
    "PostedDate": "2010-01-28T15:25:03.383-08:00",
    "UserRole": null,
    "MarkedAsAnswerDate": null
  },
  {
    "Id": "283043",
    "ThreadId": "82104",
    "Html": "<p>My mistake.&nbsp; I know why this failed:&nbsp; set-vmnicaddress expects an object and cannot .&nbsp; I didn't have a machine to test this on at the time.&nbsp; Sorry about that.&nbsp;</p>\r\n<p>It should work on all nics with the get-vmnic line; add -legacy or -vmbus.&nbsp;</p>\r\n<p>I am looking into this.&nbsp;</p>\r\n<p>&nbsp;</p>\r\n<p>&nbsp;</p>\r\n<p>&nbsp;</p>",
    "PostedDate": "2010-01-28T16:45:21.997-08:00",
    "UserRole": null,
    "MarkedAsAnswerDate": null
  },
  {
    "Id": "283046",
    "ThreadId": "82104",
    "Html": "<p>Ok, got it.&nbsp; I tripped up in two places, once with the stop-vm line (expected a var for -vm) and wrong type for the set-vmnicaddress (passed a string instead of an object).</p>\r\n<p>Thanks for your patience.&nbsp; I am unlearning my old tricks from years of scripting.</p>\r\n<p>&nbsp;</p>\r\n<p>\r\n<pre>$server  = &quot;server01&quot;\r\n\r\nget-vm -server $server |stop-vm -force -wait\r\nforeach ($_ in(get-vmnic -server $server)){\r\n    if ($_.staticMacAddress -eq $False){\r\n        set-vmnicaddress -nic $_ -mac $_.address \r\n    }\r\n}\r\n\r\nstart-vm -server $server</pre>\r\n</p>\r\n<p>&nbsp;</p>",
    "PostedDate": "2010-01-28T16:53:44.91-08:00",
    "UserRole": null,
    "MarkedAsAnswerDate": null
  },
  {
    "Id": "283465",
    "ThreadId": "82104",
    "Html": "<p>Right on. Thank you very much.</p>",
    "PostedDate": "2010-01-29T13:16:07.957-08:00",
    "UserRole": null,
    "MarkedAsAnswerDate": null
  }
]