[
  {
    "Id": "265106",
    "ThreadId": "77525",
    "Html": "<p>Hi,</p>\r\n<p>We had an issue with a NIC card dropping down to &lt;100 mbit over night and our VM exports (backups) did not complete which caused an issue when everyone got in today as one of our VMs was still down and exporting.&nbsp;</p>\r\n<p>The issue was a faulty cable and is resolved, but we want to extend our powershell scripts so we can cancel a currently exporting vm if this happens again.&nbsp; Obviously this is possible as I can cancel the job from the Hyper-V manager.&nbsp;</p>\r\n<p>I can get the GUID &quot;InstanceID&quot; of the job when I run Export-VM, but I can also see it when I look at the the properties of the job when I call:</p>\r\n<p>(Get-VMState $vm).Jobs</p>\r\n<p>where $vm is one of our VMs.</p>\r\n<p>However, even though I have the InstanceID, when I call Stop-Job or Remove-Job I get an error that the job does not exist.&nbsp; Test-WMIJob returns successfully with the supplied Job object.</p>\r\n<p>Furthermore, if I run a simple asynchronous Export-VM command (outside my script) and then run Get-Job it returns nothing (if run with no parameters it should return all jobs in the session).&nbsp;</p>\r\n<p>Is all this because the job is a WMI Job?&nbsp; If so is there another way to cancel the job via powershell?</p>\r\n<p>&nbsp;</p>\r\n<p>Any help would be appreciated.</p>\r\n<p>Regards,</p>\r\n<p>Pavlos</p>",
    "PostedDate": "2009-12-08T14:45:28.88-08:00",
    "UserRole": null,
    "MarkedAsAnswerDate": null
  },
  {
    "Id": "265117",
    "ThreadId": "77525",
    "Html": "<p>Powershell's built in -job cmdlets are for managing jobs within a PowerShell session which are a different thing.</p>\r\n<p>Test-wmiJob returns the WMI object representing the task - it should be an MSVM_concreteJob</p>\r\n<p>if you do</p>\r\n<p>$J= Test-WmiJob &lt;id&gt;</p>\r\n<p>MSDN says [<a href=\"http://msdn.microsoft.com/en-us/library/cc136963(VS.85).aspx\">http://msdn.microsoft.com/en-us/library/cc136963(VS.85).aspx</a>] you should be able to call</p>\r\n<p>$J.requestStateChange(4,0)</p>\r\n<p>the 4 is &quot;terminate cleanly&quot;, you can use a 5 for &quot;Kill&quot; - the 0 specifies no timeout.</p>\r\n<p>I haven't tried this though [Meaning ... if you try it let me know how it works ]</p>",
    "PostedDate": "2009-12-08T15:13:18.93-08:00",
    "UserRole": null,
    "MarkedAsAnswerDate": null
  },
  {
    "Id": "265464",
    "ThreadId": "77525",
    "Html": "<p>Thanks a million, that worked, though the PowerShell function complained about the second parameter but worked with a single parameter to specify the desired state.</p>",
    "PostedDate": "2009-12-09T13:59:20.347-08:00",
    "UserRole": null,
    "MarkedAsAnswerDate": null
  },
  {
    "Id": "731400",
    "ThreadId": "77525",
    "Html": "<p>Hi everyone,</p>\r\n<p>I am hoping that you can help another newbie.</p>\r\n<p>I currently have the script that lists the machines I need to start/stop in different files. This is great, however I noticed that it runs all of the exports simultaneously. I have been able to manually check the process of the job using test-wmijob but is there a way of writing that instanceid to a variable every time a export is started so I can have a while loop wrapping my next to export the next machine?</p>\r\n<p>while instanceid.status = running</p>\r\n<p>&nbsp;I am happy to turn them all off but it would be great to export one at a time.</p>\r\n<p>if ($args[1] -match \"2\"){&nbsp;$inputfile=get-content $args[0]&nbsp;$date = get-date -uformat \"%d_%m_%y\"<br />&nbsp;foreach ($guest in $inputfile)&nbsp;{&nbsp; $vm = gwmi -namespace root\\virtualization -query \"select * from msvm_computersystem where &nbsp; elementname='$guest'\"&nbsp; $vmname = $vm.elementname&nbsp; $exportPath = \"\\\\XXXXXX\\HyberbackUp_C\\$date\"&nbsp; export-vm -vm $vmname -path $exportpath -copystate -force&nbsp;}}</p>\r\n<p>&nbsp;</p>\r\n<p>Any help would be much apprecited.</p>",
    "PostedDate": "2012-01-26T17:06:42.017-08:00",
    "UserRole": null,
    "MarkedAsAnswerDate": null
  }
]