[
  {
    "Id": "29907",
    "Title": "TOC?",
    "LatestDate": "2008-06-24T08:11:29.673-07:00"
  },
  {
    "Id": "30331",
    "Title": "Get-VM returns no results",
    "LatestDate": "2008-07-08T07:59:15.3-07:00"
  },
  {
    "Id": "35417",
    "Title": "Totally confused",
    "LatestDate": "2010-10-26T01:41:09.907-07:00"
  },
  {
    "Id": "35524",
    "Title": "commands are doing nothing",
    "LatestDate": "2009-07-24T12:26:31.443-07:00"
  },
  {
    "Id": "37006",
    "Title": "Export-VM does not copy vhd file to export folder",
    "LatestDate": "2008-10-03T13:43:32.777-07:00"
  },
  {
    "Id": "41438",
    "Title": "I get only the initial list after registering the library",
    "LatestDate": "2008-12-08T14:44:26.01-08:00"
  },
  {
    "Id": "42213",
    "Title": "Apply-VMSnapshot",
    "LatestDate": "2009-01-10T16:17:54.06-08:00"
  },
  {
    "Id": "44568",
    "Title": "Renaming a Snapshot",
    "LatestDate": "2009-01-26T09:16:34.5-08:00"
  },
  {
    "Id": "44860",
    "Title": "Using the library from a command line",
    "LatestDate": "2009-01-29T16:51:26.603-08:00"
  },
  {
    "Id": "44865",
    "Title": "using VM Ping question",
    "LatestDate": "2009-01-26T09:41:19.08-08:00"
  },
  {
    "Id": "45049",
    "Title": "Simple Example",
    "LatestDate": "2009-01-26T09:17:47.747-08:00"
  },
  {
    "Id": "45256",
    "Title": "1.0 is out!",
    "LatestDate": "2009-01-26T06:06:14.943-08:00"
  },
  {
    "Id": "45662",
    "Title": "New-VM Error: You cannot call a method on a null-valued expression",
    "LatestDate": "2009-01-30T17:40:47.063-08:00"
  },
  {
    "Id": "46119",
    "Title": "name not showing when using getvmmemory",
    "LatestDate": "2009-03-16T07:35:24.707-07:00"
  },
  {
    "Id": "46205",
    "Title": "Credential Parameter",
    "LatestDate": "2009-02-04T06:36:23.063-08:00"
  },
  {
    "Id": "46219",
    "Title": "How does get-vmdisk work with a system that has snapshots?",
    "LatestDate": "2009-02-08T15:06:09.713-08:00"
  },
  {
    "Id": "46805",
    "Title": "Set the Startup delay?",
    "LatestDate": "2009-03-16T11:24:37.873-07:00"
  },
  {
    "Id": "46892",
    "Title": "New-VM Not working",
    "LatestDate": "2009-02-13T19:15:15.453-08:00"
  },
  {
    "Id": "47417",
    "Title": "Create new vm from existing vhd?",
    "LatestDate": "2009-02-26T03:07:01.963-08:00"
  },
  {
    "Id": "48545",
    "Title": "Remotely controlling Hyper-V VM",
    "LatestDate": "2009-03-16T07:36:41.707-07:00"
  },
  {
    "Id": "49894",
    "Title": "Add-VMNewHardDisk is not working for me today when it did a week ago",
    "LatestDate": "2009-03-11T12:08:24.013-07:00"
  },
  {
    "Id": "50008",
    "Title": "Looping Get-VM",
    "LatestDate": "2009-10-31T10:09:40.253-07:00"
  },
  {
    "Id": "50649",
    "Title": "Memory allocation",
    "LatestDate": "2009-03-19T07:43:03.677-07:00"
  },
  {
    "Id": "51412",
    "Title": "VLAN Tagging",
    "LatestDate": "2009-04-24T00:19:29.477-07:00"
  },
  {
    "Id": "52390",
    "Title": "Suggestion for Add-VMNewHardDisk (-wait)",
    "LatestDate": "2009-04-23T23:55:40.54-07:00"
  },
  {
    "Id": "52766",
    "Title": "How to create new Hyper-V role in Windows Server 2008-64 bit using powershell script.",
    "LatestDate": "2009-04-09T02:30:45.267-07:00"
  },
  {
    "Id": "53472",
    "Title": "Remove-VM not working",
    "LatestDate": "2009-04-16T02:06:39.077-07:00"
  },
  {
    "Id": "53499",
    "Title": "Installation issue",
    "LatestDate": "2009-09-03T10:30:39.03-07:00"
  },
  {
    "Id": "54007",
    "Title": "hyperv.psm1 - Can this be used as a module in PSv2?",
    "LatestDate": "2009-06-07T01:53:41.82-07:00"
  },
  {
    "Id": "54516",
    "Title": "Rollup Queries from SCVMM Server",
    "LatestDate": "2009-05-11T12:56:07.803-07:00"
  },
  {
    "Id": "54916",
    "Title": "Associate the Existing vhd files into script.",
    "LatestDate": "2009-05-05T02:37:02.48-07:00"
  },
  {
    "Id": "55405",
    "Title": "Anyone know how to change to static MAC?",
    "LatestDate": "2009-06-07T01:49:36.73-07:00"
  },
  {
    "Id": "56261",
    "Title": "Adding physical pass-through disks and language-fix",
    "LatestDate": "2009-06-07T01:54:59.35-07:00"
  },
  {
    "Id": "56664",
    "Title": "problem with add-vmdisk",
    "LatestDate": "2009-10-31T09:28:47.153-07:00"
  },
  {
    "Id": "56915",
    "Title": "How to change parent path for a VHD",
    "LatestDate": "2009-06-07T02:18:08.71-07:00"
  },
  {
    "Id": "57977",
    "Title": "Error when creating Internal Switch",
    "LatestDate": "2009-05-30T11:47:55.193-07:00"
  },
  {
    "Id": "58258",
    "Title": "Ability to report integrated components version?",
    "LatestDate": "2009-06-07T02:26:42.107-07:00"
  },
  {
    "Id": "59104",
    "Title": "Rename Virtual Machine Computer Name and Add into Domain.",
    "LatestDate": "2009-06-11T19:21:37.677-07:00"
  },
  {
    "Id": "59638",
    "Title": "Change time synchronisation setting",
    "LatestDate": "2009-07-24T12:31:18.257-07:00"
  },
  {
    "Id": "59800",
    "Title": "Setting NIC Guid using Add-VMNIC",
    "LatestDate": "2009-07-24T12:35:35.14-07:00"
  },
  {
    "Id": "60790",
    "Title": "Network Issue with 2008 R2 RC",
    "LatestDate": "2009-07-24T12:36:39.293-07:00"
  },
  {
    "Id": "62355",
    "Title": "cannot integrate PowerShell managemet library for Hyper-V into PowerShell",
    "LatestDate": "2009-07-14T19:19:20.093-07:00"
  },
  {
    "Id": "65773",
    "Title": "Question about add-vmdisk for SCSI ",
    "LatestDate": "2009-09-03T10:28:31.223-07:00"
  },
  {
    "Id": "67310",
    "Title": "when create a snapshot, it has a ghost cmd window?",
    "LatestDate": "2009-08-28T10:04:13.457-07:00"
  },
  {
    "Id": "67323",
    "Title": "Windows Core Hyper-V Server 2008",
    "LatestDate": "2009-09-03T10:26:45.877-07:00"
  },
  {
    "Id": "69943",
    "Title": "Check 'Allow management operating system to share this network adapter'",
    "LatestDate": "2009-10-31T09:55:46.283-07:00"
  },
  {
    "Id": "71394",
    "Title": "Export-VM, how do you include .VHD etc. along with configuration?",
    "LatestDate": "2009-10-16T06:43:42.043-07:00"
  },
  {
    "Id": "71672",
    "Title": "MountVHD Progress does not end when there is a Sleep",
    "LatestDate": "2009-11-04T23:16:29.013-08:00"
  },
  {
    "Id": "71871",
    "Title": "Please Help to shutdown VM according to its Core",
    "LatestDate": "2009-11-12T07:58:45.483-08:00"
  },
  {
    "Id": "73118",
    "Title": "adding a network adapter",
    "LatestDate": "2012-05-16T02:30:46.213-07:00"
  },
  {
    "Id": "73683",
    "Title": "The term 'menu' is not recognized as the name of a cmdlet...",
    "LatestDate": "2009-10-31T09:18:17.323-07:00"
  },
  {
    "Id": "73983",
    "Title": "Import-Module error",
    "LatestDate": "2009-11-04T19:41:19.607-08:00"
  },
  {
    "Id": "74145",
    "Title": "Error When Creating External Switches",
    "LatestDate": "2010-07-19T20:42:47.933-07:00"
  },
  {
    "Id": "74335",
    "Title": "How to avoid running hyperV.ps1 every time I open PSH",
    "LatestDate": "2009-11-12T07:22:45.843-08:00"
  },
  {
    "Id": "74632",
    "Title": "Export-VM: export only configs",
    "LatestDate": "2009-11-12T08:02:05.657-08:00"
  },
  {
    "Id": "74813",
    "Title": "add-vmdisk error when executing from remote host",
    "LatestDate": "2011-02-15T05:26:50.387-08:00"
  },
  {
    "Id": "75128",
    "Title": "Invoke-VMShutdown - Parameters, Start-VM - test-wmijob",
    "LatestDate": "2009-12-08T15:01:10.94-08:00"
  },
  {
    "Id": "75409",
    "Title": "Use Set-VMDisk to attach dvd drive error",
    "LatestDate": "2009-11-24T07:36:56.33-08:00"
  },
  {
    "Id": "75748",
    "Title": "Please help - embed or pass the credentials",
    "LatestDate": "2009-12-08T15:29:23.343-08:00"
  },
  {
    "Id": "75875",
    "Title": "How to select VMsnapshot?",
    "LatestDate": "2009-11-24T09:34:05.013-08:00"
  },
  {
    "Id": "76577",
    "Title": "error calling get-vmdisk from remote host",
    "LatestDate": "2009-12-09T01:30:11.097-08:00"
  },
  {
    "Id": "77152",
    "Title": "Get VHD Info from all hosts",
    "LatestDate": "2010-01-14T11:05:05.88-08:00"
  },
  {
    "Id": "77525",
    "Title": "Need a way to Cancel an Export-VM Job while it's running - Help",
    "LatestDate": "2012-01-26T17:06:42.017-08:00"
  },
  {
    "Id": "77921",
    "Title": "set VM to allow migrations between different CPU types",
    "LatestDate": "2009-12-15T17:01:43.023-08:00"
  },
  {
    "Id": "79117",
    "Title": "Failed to install PowerShell management Library for Hyper-V at Hyper-V Server 2008 R2",
    "LatestDate": "2010-01-08T10:03:12.7-08:00"
  },
  {
    "Id": "79218",
    "Title": "Mounting ISO",
    "LatestDate": "2010-01-09T04:35:46.12-08:00"
  },
  {
    "Id": "79417",
    "Title": "Send-vmkb",
    "LatestDate": "2010-01-12T11:03:01.79-08:00"
  },
  {
    "Id": "82104",
    "Title": "VM MAC Management",
    "LatestDate": "2010-01-29T13:16:07.957-08:00"
  },
  {
    "Id": "83401",
    "Title": "Import VM with differential disk",
    "LatestDate": "2010-02-11T14:59:46.63-08:00"
  },
  {
    "Id": "83497",
    "Title": "Get-VMSummary is not retrieving IP address of Virtual Machines",
    "LatestDate": "2010-02-10T02:37:52.077-08:00"
  },
  {
    "Id": "83618",
    "Title": "Merge VHD help",
    "LatestDate": "2011-02-28T07:13:18.737-08:00"
  },
  {
    "Id": "85922",
    "Title": "Export-VM to network path",
    "LatestDate": "2013-08-05T13:18:21.173-07:00"
  },
  {
    "Id": "89927",
    "Title": "[R2 Gold:] install on R2 ends with red lines in Powershell command prompt :-(",
    "LatestDate": "2011-07-13T01:51:29.79-07:00"
  },
  {
    "Id": "155390",
    "Title": "Enable VLAN Tagging on external NIC?",
    "LatestDate": "2010-02-22T12:45:54.553-08:00"
  },
  {
    "Id": "179048",
    "Title": "in Remove-VSwitch.ps1",
    "LatestDate": "2010-02-25T05:03:02.747-08:00"
  },
  {
    "Id": "200970",
    "Title": "Automatic Alias Assignment",
    "LatestDate": "2010-02-26T10:36:59.93-08:00"
  },
  {
    "Id": "203222",
    "Title": "winpe3 and hyperv and vmickvpexchange",
    "LatestDate": "2010-02-27T14:25:20.213-08:00"
  },
  {
    "Id": "203549",
    "Title": "KVP Exchange components for HyperV linux VM",
    "LatestDate": "2010-03-02T05:11:20.577-08:00"
  },
  {
    "Id": "204162",
    "Title": "NIC and FriendlyName ",
    "LatestDate": "2010-03-08T03:21:24.103-08:00"
  },
  {
    "Id": "204691",
    "Title": "Enable virtual LAN identification",
    "LatestDate": "2012-02-29T13:23:41.78-08:00"
  },
  {
    "Id": "205543",
    "Title": "How is it possible to get current VMconnect resolution?",
    "LatestDate": "2010-03-19T15:43:45.38-07:00"
  },
  {
    "Id": "207825",
    "Title": "Import-VM config only",
    "LatestDate": "2010-03-30T11:14:25.207-07:00"
  },
  {
    "Id": "208704",
    "Title": "List VM that are not located in the local disk",
    "LatestDate": "2010-04-08T07:30:47.303-07:00"
  },
  {
    "Id": "209174",
    "Title": "Why VirtualHardDisks lists AVHD filenames?",
    "LatestDate": "2010-04-22T00:07:36.627-07:00"
  },
  {
    "Id": "210019",
    "Title": "Import-Module error ",
    "LatestDate": "2010-04-21T02:19:28.56-07:00"
  },
  {
    "Id": "210195",
    "Title": "Add-VMdisk passthrough SAN drive",
    "LatestDate": "2010-12-04T11:03:46.84-08:00"
  },
  {
    "Id": "210790",
    "Title": "Example of Import-VM available?",
    "LatestDate": "2011-08-03T10:14:28.67-07:00"
  },
  {
    "Id": "211199",
    "Title": "Remove-VMdrive doesn't remove DVD drive",
    "LatestDate": "2010-04-30T23:27:03.59-07:00"
  },
  {
    "Id": "211200",
    "Title": "Add-VMNewHardDisk problem with differencing disk",
    "LatestDate": "2010-05-01T00:01:05.49-07:00"
  },
  {
    "Id": "211902",
    "Title": "How to get VLANID on a remote VM",
    "LatestDate": "2010-05-07T03:18:18.093-07:00"
  },
  {
    "Id": "212574",
    "Title": "Cannot remove maintenace mode from a non-domain hyer-v r2 core box on a perimiter network from scvmm",
    "LatestDate": "2010-05-13T14:47:52.35-07:00"
  },
  {
    "Id": "216510",
    "Title": "Invoke-VMShutdown -force",
    "LatestDate": "2011-02-04T04:49:50.58-08:00"
  },
  {
    "Id": "216939",
    "Title": "Get-VHDInfo",
    "LatestDate": "2010-06-22T14:59:38.247-07:00"
  },
  {
    "Id": "217643",
    "Title": "Import-Module HyperV works, still prompts for\"yes\"",
    "LatestDate": "2010-07-23T12:08:21.76-07:00"
  },
  {
    "Id": "217733",
    "Title": "Installation error",
    "LatestDate": "2010-10-22T11:56:27.947-07:00"
  },
  {
    "Id": "219345",
    "Title": "How do I RDP or Remote Control the VM to answer prompts in the Installations",
    "LatestDate": "2010-07-13T14:15:15.03-07:00"
  },
  {
    "Id": "220773",
    "Title": "ExportVirtualSystemEx and ImportVirtualSystemEx",
    "LatestDate": "2012-05-31T12:55:04.217-07:00"
  },
  {
    "Id": "223397",
    "Title": "Invoke-VMShutdown not working",
    "LatestDate": "2013-08-05T06:12:23.45-07:00"
  },
  {
    "Id": "223764",
    "Title": "Automatic Shutdown of VM on Cluster",
    "LatestDate": "2010-08-16T21:56:39.597-07:00"
  },
  {
    "Id": "225639",
    "Title": "How do I assign a static IP to a VM at provision time?",
    "LatestDate": "2010-09-01T07:45:02.707-07:00"
  },
  {
    "Id": "227342",
    "Title": "Where is the zip file for PS Management Library for Hyper-V",
    "LatestDate": "2010-09-15T09:54:28.773-07:00"
  },
  {
    "Id": "228079",
    "Title": "script to suspend a vm and move to a different host?",
    "LatestDate": "2010-09-21T16:55:34.723-07:00"
  },
  {
    "Id": "228086",
    "Title": "invoke-vmshutdown - automatically confirm \"Y\"",
    "LatestDate": "2010-09-21T19:08:25.607-07:00"
  },
  {
    "Id": "229469",
    "Title": "Change VM network adapter",
    "LatestDate": "2010-10-03T13:56:12.177-07:00"
  },
  {
    "Id": "230371",
    "Title": "WMI error in scheduled script",
    "LatestDate": "2011-05-18T01:40:52.783-07:00"
  },
  {
    "Id": "230841",
    "Title": "use get-vmsnapshot & remove-vmsnapshot for older snapshots",
    "LatestDate": "2010-10-13T19:51:19.017-07:00"
  },
  {
    "Id": "230952",
    "Title": "export-vm - not exporting the vhd",
    "LatestDate": "2011-11-15T09:27:32.213-08:00"
  },
  {
    "Id": "231632",
    "Title": "one of the Hyper-V components is not running",
    "LatestDate": "2010-10-22T09:51:30.547-07:00"
  },
  {
    "Id": "232282",
    "Title": "How do I Delete VHD along with VM?",
    "LatestDate": "2010-10-25T14:36:31.86-07:00"
  },
  {
    "Id": "232359",
    "Title": "how to schedule cmdlet ??",
    "LatestDate": "2011-02-28T07:01:13.33-08:00"
  },
  {
    "Id": "233176",
    "Title": "BUG in Set-VMNICVLAN?",
    "LatestDate": "2012-05-25T05:22:17.257-07:00"
  },
  {
    "Id": "233331",
    "Title": "Howto Add an existing VHD to a running VM",
    "LatestDate": "2010-11-03T07:38:29.77-07:00"
  },
  {
    "Id": "236047",
    "Title": "Import-VM not working",
    "LatestDate": "2010-11-25T07:59:46.71-08:00"
  },
  {
    "Id": "237053",
    "Title": "How to import-module in all sessions?",
    "LatestDate": "2010-12-03T08:53:52.257-08:00"
  },
  {
    "Id": "237430",
    "Title": "List Passthrough disks for VMs",
    "LatestDate": "2010-12-07T06:14:54.213-08:00"
  },
  {
    "Id": "237522",
    "Title": "Help Installing the library(using install.cmd)in silent mode",
    "LatestDate": "2011-02-04T04:59:27.107-08:00"
  },
  {
    "Id": "237648",
    "Title": "Get-VHDDefaultPath returning nothing?",
    "LatestDate": "2011-02-04T09:56:09.387-08:00"
  },
  {
    "Id": "240227",
    "Title": "Powershell scripting Merge VHD Help",
    "LatestDate": "2011-01-02T19:34:00.397-08:00"
  },
  {
    "Id": "240426",
    "Title": "just getting red lines using the library",
    "LatestDate": "2014-01-22T10:46:00.63-08:00"
  },
  {
    "Id": "245639",
    "Title": "Missing hyperv.ps1?",
    "LatestDate": "2011-02-14T11:04:08.413-08:00"
  },
  {
    "Id": "245653",
    "Title": "New-VM creating:Failed to add ISO Disk Image located at remote cif share ",
    "LatestDate": "2011-02-14T20:21:58.423-08:00"
  },
  {
    "Id": "246973",
    "Title": "Great Free Tool for Free Hyper-V",
    "LatestDate": "2011-02-21T13:24:38.453-08:00"
  },
  {
    "Id": "247258",
    "Title": "How to attach existing VHD file to newly created VM",
    "LatestDate": "2011-02-28T16:55:42.473-08:00"
  },
  {
    "Id": "247570",
    "Title": "Preserve parameter in Export-VM",
    "LatestDate": "2011-03-10T11:25:37.323-08:00"
  },
  {
    "Id": "247937",
    "Title": "Service Pack 1 release",
    "LatestDate": "2011-03-10T10:29:17.723-08:00"
  },
  {
    "Id": "248739",
    "Title": "How to create a PowerShell script to shut down, export, and start each VM, then to copy the export to the opposite Hyper-V R2?",
    "LatestDate": "2012-02-11T09:17:42.417-08:00"
  },
  {
    "Id": "249290",
    "Title": "No reaction at all to any command",
    "LatestDate": "2011-11-07T00:26:17.673-08:00"
  },
  {
    "Id": "250020",
    "Title": "Get-VM - Ability to Handle \"[\" and \"]\" Characters?",
    "LatestDate": "2011-03-18T17:50:36.783-07:00"
  },
  {
    "Id": "250121",
    "Title": "[HeartBeatICStatus] Cannot Handle \"Unavailable\" (32896)",
    "LatestDate": "2011-03-18T17:40:39.877-07:00"
  },
  {
    "Id": "251397",
    "Title": "Can't dismount a VHD",
    "LatestDate": "2011-03-27T13:30:58.487-07:00"
  },
  {
    "Id": "252120",
    "Title": "help with start-vm",
    "LatestDate": "2011-04-01T03:45:19.69-07:00"
  },
  {
    "Id": "252125",
    "Title": "Help restart all machines",
    "LatestDate": "2011-04-01T04:14:12.127-07:00"
  },
  {
    "Id": "252927",
    "Title": "COPY a VM from library server to host ???",
    "LatestDate": "2011-04-07T04:03:34.29-07:00"
  },
  {
    "Id": "252970",
    "Title": "Export-VM to a library server",
    "LatestDate": "2011-04-07T08:35:26.963-07:00"
  },
  {
    "Id": "253058",
    "Title": "Is there a plan to include this library with a Windows/HyperV release??",
    "LatestDate": "2011-05-03T17:31:38.36-07:00"
  },
  {
    "Id": "253103",
    "Title": "How to use Connect-VHDParent?",
    "LatestDate": "2011-04-08T06:46:43.95-07:00"
  },
  {
    "Id": "253609",
    "Title": "How to run/schedule VSS snapshots for vhd's ",
    "LatestDate": "2011-04-12T11:50:29.713-07:00"
  },
  {
    "Id": "253626",
    "Title": "Export-VM to drive share",
    "LatestDate": "2011-10-12T07:20:08.413-07:00"
  },
  {
    "Id": "255414",
    "Title": "start all Virtual Machines",
    "LatestDate": "2011-04-27T04:09:08.053-07:00"
  },
  {
    "Id": "256706",
    "Title": "Set-VMDisk",
    "LatestDate": "2011-05-07T01:28:07.77-07:00"
  },
  {
    "Id": "258247",
    "Title": "ADD-VMNewHardDisk",
    "LatestDate": "2011-05-19T07:13:26.857-07:00"
  },
  {
    "Id": "258652",
    "Title": "module location",
    "LatestDate": "2011-05-23T08:00:53.03-07:00"
  },
  {
    "Id": "259392",
    "Title": "Is Set-VMNICConnection missing from R2 SP1?",
    "LatestDate": "2011-05-31T10:08:19.307-07:00"
  },
  {
    "Id": "259822",
    "Title": "Get-VM $Paused Switch may be useful",
    "LatestDate": "2011-06-01T11:13:01.523-07:00"
  },
  {
    "Id": "259849",
    "Title": "Get-VM Details AutoRecovery, Autoshutdown, AutoStartup",
    "LatestDate": "2011-06-01T14:16:11.74-07:00"
  },
  {
    "Id": "260004",
    "Title": "Issue running module, have to import every time",
    "LatestDate": "2011-07-20T01:35:02.523-07:00"
  },
  {
    "Id": "260252",
    "Title": "Export all VMs on host",
    "LatestDate": "2011-06-27T05:52:46.687-07:00"
  },
  {
    "Id": "260977",
    "Title": "Problems installing Powershell Hyper V Module",
    "LatestDate": "2011-08-19T06:48:24.93-07:00"
  },
  {
    "Id": "261181",
    "Title": "How do I eject/unmount an ISO file?",
    "LatestDate": "2011-07-20T00:22:00.067-07:00"
  },
  {
    "Id": "262189",
    "Title": "Run script as local administrator",
    "LatestDate": "2011-07-20T01:40:17.343-07:00"
  },
  {
    "Id": "262688",
    "Title": "Invoke-VMShutdown issues",
    "LatestDate": "2011-06-24T09:12:31.48-07:00"
  },
  {
    "Id": "262822",
    "Title": "Mount-vhd drive letter assignement",
    "LatestDate": "2011-06-26T03:44:54.733-07:00"
  },
  {
    "Id": "264895",
    "Title": "Remove-VMSwitchNIC not working",
    "LatestDate": "2011-07-12T14:04:57.99-07:00"
  },
  {
    "Id": "265189",
    "Title": "The variable '$suites' cannot be retrieved",
    "LatestDate": "2011-07-14T09:54:51.137-07:00"
  },
  {
    "Id": "266812",
    "Title": "Powershell Library R2 SP1 Not Installing",
    "LatestDate": "2011-07-27T15:11:14.3-07:00"
  },
  {
    "Id": "268232",
    "Title": "Get-VMState doesn't work for VM hosted on local machine",
    "LatestDate": "2011-08-08T08:58:40.117-07:00"
  },
  {
    "Id": "268386",
    "Title": "New-VMExternalNetwork fails",
    "LatestDate": "2011-08-10T01:35:50.773-07:00"
  },
  {
    "Id": "270996",
    "Title": "Could not add disk - could not find or create drive for it",
    "LatestDate": "2011-08-31T04:50:49.22-07:00"
  },
  {
    "Id": "272206",
    "Title": "Export-VM on Clustered Hyper-V",
    "LatestDate": "2012-02-11T09:14:17.267-08:00"
  },
  {
    "Id": "273263",
    "Title": "Small fix to permissions in disk.ps1",
    "LatestDate": "2011-09-20T18:24:46.087-07:00"
  },
  {
    "Id": "273983",
    "Title": "Library working in Powershell, but not in ISE",
    "LatestDate": "2011-09-27T07:52:56.733-07:00"
  },
  {
    "Id": "274461",
    "Title": "Retrieve a VM's MAC address.",
    "LatestDate": "2011-10-17T06:17:02.823-07:00"
  },
  {
    "Id": "275583",
    "Title": "Remove-VMNIC",
    "LatestDate": "2011-10-12T04:38:07.423-07:00"
  },
  {
    "Id": "275589",
    "Title": "VMNewHardDisk",
    "LatestDate": "2011-10-24T00:37:38.293-07:00"
  },
  {
    "Id": "276787",
    "Title": "set-VM -autoStart",
    "LatestDate": "2011-10-21T16:54:31.933-07:00"
  },
  {
    "Id": "277896",
    "Title": "Warning when I use Start-VM",
    "LatestDate": "2011-11-01T08:04:01.76-07:00"
  },
  {
    "Id": "278061",
    "Title": "get-vmhost not displaying all Hyper-V hosts",
    "LatestDate": "2013-05-15T16:48:29.83-07:00"
  },
  {
    "Id": "283951",
    "Title": "Set-VMNicAddress without user input?",
    "LatestDate": "2011-12-22T14:53:53.633-08:00"
  },
  {
    "Id": "284220",
    "Title": "Error while checking EnabledState of a VM",
    "LatestDate": "2012-02-10T05:26:12.827-08:00"
  },
  {
    "Id": "285293",
    "Title": "How to install in Powershell v2?",
    "LatestDate": "2012-01-06T18:11:44.63-08:00"
  },
  {
    "Id": "286018",
    "Title": "Remote script Export VM to a shared folder",
    "LatestDate": "2012-01-15T16:55:44.603-08:00"
  },
  {
    "Id": "287254",
    "Title": "Creating Differencing VHD Doesn't work !",
    "LatestDate": "2012-01-24T10:14:28.59-08:00"
  },
  {
    "Id": "298641",
    "Title": "Can only run 1 script in the same powershell session",
    "LatestDate": "2012-02-09T02:36:20.8-08:00"
  },
  {
    "Id": "343594",
    "Title": "Need help to Export,Import, Rename VHDs as per VM Name",
    "LatestDate": "2012-02-23T10:36:27.63-08:00"
  },
  {
    "Id": "344783",
    "Title": "I give up, how do you install this",
    "LatestDate": "2012-02-29T08:43:39.083-08:00"
  },
  {
    "Id": "346481",
    "Title": "Why doesn't this tool DO anything?",
    "LatestDate": "2012-02-27T14:38:55.063-08:00"
  },
  {
    "Id": "346490",
    "Title": "How do you make a VM highly available on a cluster?",
    "LatestDate": "2012-05-11T04:44:25.773-07:00"
  },
  {
    "Id": "346645",
    "Title": "Why doesn't Add-VMNewHardDisk obey -VHDpath?",
    "LatestDate": "2012-02-28T16:14:12.34-08:00"
  },
  {
    "Id": "348456",
    "Title": "Error when using export-vm",
    "LatestDate": "2012-03-20T10:16:28.72-07:00"
  },
  {
    "Id": "349799",
    "Title": "Trying to run HyperV commands on a Guest",
    "LatestDate": "2012-05-11T07:43:43.287-07:00"
  },
  {
    "Id": "350058",
    "Title": "Will Merge-VHD function physically delete files from disk?",
    "LatestDate": "2012-04-02T09:45:22.32-07:00"
  },
  {
    "Id": "350173",
    "Title": "set-vm - bug?",
    "LatestDate": "2012-04-12T07:19:11.037-07:00"
  },
  {
    "Id": "352970",
    "Title": "Add-VMDisk",
    "LatestDate": "2012-05-22T08:04:56.487-07:00"
  },
  {
    "Id": "353614",
    "Title": "Add-VMPassThrough",
    "LatestDate": "2012-04-25T13:50:25.133-07:00"
  },
  {
    "Id": "354484",
    "Title": "network-based installation option",
    "LatestDate": "2012-05-03T19:16:00.557-07:00"
  },
  {
    "Id": "355457",
    "Title": "will this work on 2012?",
    "LatestDate": "2012-05-11T06:35:03.097-07:00"
  },
  {
    "Id": "355466",
    "Title": "using PSHyperV with Invoke-Command",
    "LatestDate": "2012-05-11T07:39:36.95-07:00"
  },
  {
    "Id": "356705",
    "Title": "Create New VM",
    "LatestDate": "2012-05-22T08:11:31.46-07:00"
  },
  {
    "Id": "359174",
    "Title": "New-VM - Get-WmiObject : Invalid class",
    "LatestDate": "2012-06-11T10:14:39.607-07:00"
  },
  {
    "Id": "361416",
    "Title": "Start-VM does not working",
    "LatestDate": "2012-06-29T08:34:36.183-07:00"
  },
  {
    "Id": "362257",
    "Title": "Win Server 2008 RC2 SP1 installation issue",
    "LatestDate": "2012-07-06T05:59:54.403-07:00"
  },
  {
    "Id": "362563",
    "Title": "How to build PsHyperV.zip",
    "LatestDate": "2012-07-09T10:27:52.337-07:00"
  },
  {
    "Id": "362732",
    "Title": "Enable Spoofing Of MAC Addresses",
    "LatestDate": "2012-07-10T14:00:15.58-07:00"
  },
  {
    "Id": "362741",
    "Title": "So... how do I use Powershell against my Hyper-V server?",
    "LatestDate": "2012-09-05T14:44:07.807-07:00"
  },
  {
    "Id": "388496",
    "Title": "Remove-VMSwitch fails.",
    "LatestDate": "2012-07-24T17:00:27.483-07:00"
  },
  {
    "Id": "399386",
    "Title": "Get VM state and continue",
    "LatestDate": "2013-03-18T10:30:18.367-07:00"
  },
  {
    "Id": "400194",
    "Title": "Installation fails in Windows 2012",
    "LatestDate": "2012-11-06T00:33:20.797-08:00"
  },
  {
    "Id": "403167",
    "Title": "Query state of assigned dynamic memory?",
    "LatestDate": "2012-11-14T06:56:56.143-08:00"
  },
  {
    "Id": "403172",
    "Title": "Vmstate from cluster",
    "LatestDate": "2012-11-14T06:57:58.817-08:00"
  },
  {
    "Id": "403379",
    "Title": "Add Physical HDD to an Existing SCSI Controller",
    "LatestDate": "2012-11-15T11:56:01.493-08:00"
  },
  {
    "Id": "428965",
    "Title": "Documentation for this Library????",
    "LatestDate": "2013-07-26T16:50:28.453-07:00"
  },
  {
    "Id": "437987",
    "Title": "Hyper-V Cmdlets in Windows PowerShell using C#",
    "LatestDate": "2013-03-26T00:14:00.85-07:00"
  },
  {
    "Id": "442827",
    "Title": "Add a pass-through disk with Add-VMDisk",
    "LatestDate": "2013-05-07T08:18:13.677-07:00"
  },
  {
    "Id": "444310",
    "Title": "Remove-VMSnapshot",
    "LatestDate": "2013-05-20T10:09:43.757-07:00"
  },
  {
    "Id": "445543",
    "Title": "Adding SCSI drive to vm.....",
    "LatestDate": "2013-05-30T23:19:00.983-07:00"
  },
  {
    "Id": "451560",
    "Title": "Rollback procedure # how to remove library for hyper-v",
    "LatestDate": "2013-07-26T16:28:58.143-07:00"
  },
  {
    "Id": "452946",
    "Title": "Is it possible to implement remove-vmdisk?",
    "LatestDate": "2013-08-09T06:44:43.3-07:00"
  },
  {
    "Id": "454113",
    "Title": "List Hyper-V Users",
    "LatestDate": "2013-08-21T11:00:50.427-07:00"
  },
  {
    "Id": "524446",
    "Title": "Stop, wait Seconds and start a VM machine",
    "LatestDate": "2014-01-24T06:08:51.953-08:00"
  },
  {
    "Id": "529016",
    "Title": "Trouble downloading hyperV module of powershell",
    "LatestDate": "2014-02-05T12:14:03.15-08:00"
  },
  {
    "Id": "540111",
    "Title": "Server 2008 Standard (not R2)",
    "LatestDate": "2014-03-25T10:48:32.133-07:00"
  },
  {
    "Id": "545622",
    "Title": "Running script with \"Checkpoint-VM\", gives error: The Term 'checkpoint-vm' is not recognized",
    "LatestDate": "2014-05-16T12:15:03.147-07:00"
  },
  {
    "Id": "547227",
    "Title": "error install hyper-v powershell module on hyper-v 2008R2",
    "LatestDate": "2014-06-01T19:38:29.603-07:00"
  },
  {
    "Id": "547710",
    "Title": "Error when importing module",
    "LatestDate": "2014-09-30T23:43:28.173-07:00"
  },
  {
    "Id": "551704",
    "Title": "Determine if this library is used?",
    "LatestDate": "2014-07-16T06:51:56.513-07:00"
  },
  {
    "Id": "562124",
    "Title": "Export-VM -WAIT not working",
    "LatestDate": "2014-10-02T10:12:03.157-07:00"
  },
  {
    "Id": "640146",
    "Title": "Get-VHDInfo - doesn't work with VHDX",
    "LatestDate": "2015-06-19T03:20:22.677-07:00"
  }
]