[
  {
    "Id": "244476",
    "ThreadId": "71672",
    "Html": "<p>This is a weird behavior I am experiencing with Windows Server 2008 R2 (I'm using build 7100, downloading 7600 as I type this).</p>\r\n<p>When I run the following code:</p>\r\n<p><em><strong>Mount-VHD -vhdPath C:\\f6.vhd</strong></em></p>\r\n<p>Inside the Powehsell ISE script editor, everything works as expected. &nbsp;But if I run this:</p>\r\n<div id=\"_mcePaste\" style=\"left:-10000px;top:0px;width:1px;height:1px;overflow-x:hidden;overflow-y:hidden\">MounVHD -vhdPath C:\\f6.vhd</div>\r\n<div id=\"_mcePaste\" style=\"left:-10000px;top:0px;width:1px;height:1px;overflow-x:hidden;overflow-y:hidden\">Sleep 1000</div>\r\n<p><em>Mount-VHD -vhdPath C:\\f6.vhd</em></p>\r\n<p><em><strong>Sleep 5</strong></em></p>\r\n<p>Then the progress window stays stuck at &quot;Bringing Disk on-line&quot;:</p>\r\n<p>http://img.skitch.com/20091012-nww1ajqnepygb3qwestn55jdfp.jpg</p>\r\n<p>Even though the disk is already attached (here is the output):</p>\r\n<p>Disk mount: Completed</p>\r\n<p>J:<br>Disk ID... 6</p>\r\n<p>Has anyone ever had anything like this before?&nbsp;</p>\r\n<p>Thanks!</p>\r\n<p>&nbsp;</p>\r\n<p>&nbsp;</p>",
    "PostedDate": "2009-10-11T18:30:33.243-07:00",
    "UserRole": null,
    "MarkedAsAnswerDate": null
  },
  {
    "Id": "251974",
    "ThreadId": "71672",
    "Html": "<p>Does the progress bar disappear when the sleep ends ?</p>\r\n<p>In some places I haven't cleared the status - powershell will clear it when the prompt re-appears - I'm double checking that it in R2 that is taken care of.</p>",
    "PostedDate": "2009-10-31T09:43:17.857-07:00",
    "UserRole": null,
    "MarkedAsAnswerDate": null
  },
  {
    "Id": "253628",
    "ThreadId": "71672",
    "Html": "<blockquote style=\"border:solid .1em #ccc;font-style:italic;margin:.25em 1em 0 1em;padding:0 .25em 0 .25em\"><strong>jamesone wrote:</strong><br>\r\n<p>Does the progress bar disappear when the sleep ends ?</p>\r\n<p>In some places I haven't cleared the status - powershell will clear it when the prompt re-appears - I'm double checking that it in R2 that is taken care of.</p>\r\n</blockquote>\r\n<p>&nbsp;Hi James,</p>\r\n<p>Thanks for the reply and sorry for getting back at you until now.&nbsp; I just tested the script on a different machine and the progress bar clears and the scirpt continues execution normally.</p>\r\n<p>Please disregard this issue.</p>\r\n<p>Thanks.</p>",
    "PostedDate": "2009-11-04T23:16:29.013-08:00",
    "UserRole": null,
    "MarkedAsAnswerDate": null
  }
]