[
  {
    "Id": "1021066",
    "ThreadId": "437987",
    "Html": "Hello ,\r<br />\n<br />\nI have Installed /Configured Hyper-v Manager on Windows Server 2012.I want to Execute powershell command like 'GET-VM' then error coming as :-\r<br />\n<br />\n<br />\nprivate string RunScriptNew(string scriptText)<br />\n<pre><code>    {\n        PowerShell ps;\n        ps = PowerShell.Create();\n    ps.AddScript(&quot;Set-ExecutionPolicy RemoteSigned -Force&quot;);\n       //ps.Invoke();\n        ps.AddScript(@&quot;Import-Module Hyper-V&quot;);\n        ps.Invoke();\n        // Add the PowerShell script to be run\n        ps.AddScript(scriptText);\n        ps.Commands.AddCommand(&quot;Out-String&quot;);\n        // execute the script\n        Collection&lt;PSObject&gt; results = ps.Invoke();\n        StringBuilder stringBuilder = new StringBuilder();\n        // convert the script result into a single string\n        foreach (PSObject obj in results)\n        {\n\n            stringBuilder.Append(obj.ToString());\n\n        }\n\n        // convert the erros into a single string\n\n        foreach (ErrorRecord error in ps.Streams.Error)\n        {\n            stringBuilder.Append(error.ToString());\n        }\n        return (stringBuilder.ToString());\n\n    }\n\n\n</code></pre>\n\n&quot;The 'C:\\Windows\\system32\\WindowsPowerShell\\v1.0\\Modules\\Hyper-V\\Hyper-V.psd1'\r<br />\nmodule cannot be imported because its manifest contains one or more members\r<br />\nthat are not valid. The valid manifest\r<br />\nmembers are ('ModuleToProcess', 'NestedModules', 'GUID', 'Author', 'CompanyName',\r<br />\n 'Copyright', 'ModuleVersion', 'Description', 'PowerShellVersion', 'PowerShellHostName',\r<br />\n 'PowerShellHostVersion', 'CLRVersion', 'DotNetFrameworkVersion', 'ProcessorArchitecture',\r<br />\n 'RequiredModules', 'TypesToProcess', 'FormatsToProcess', 'ScriptsToProcess', 'PrivateData',\r<br />\n 'RequiredAssemblies', 'ModuleList', 'FileList', 'FunctionsToExport', 'VariablesToExport',\r<br />\n 'AliasesToExport', 'CmdletsToExport'). Remove the members that are not valid ('HelpInfoUri'),\r<br />\n then try to import the module again. \r<br />\nThe term 'GET-VM' is not recognized as the name of a cmdlet, function, script file, or operable program. Check the spelling of the name, or if a path was included, verify that the path is correct and try again.&quot;<br />\n",
    "PostedDate": "2013-03-26T00:14:00.85-07:00",
    "UserRole": null,
    "MarkedAsAnswerDate": null
  }
]