[
  {
    "Id": "479845",
    "ThreadId": "223397",
    "Html": "<p>When trying to use Invoke-VMShutdown, I keep getting the following error.  Am I not using this function correctly?  Syntax error?  I'm able to successfully use 'start-vm' and 'stop-vm', but I need a graceful way of shutting down the guest VM's.</p>\r\n<p><br>PS C:\\Users\\Administrator&gt; Invoke-VMShutdown guest-01</p>\r\n<p>Confirm<br>Are you sure you want to perform this action?<br>Performing operation &quot;Shutdown OS in the VM.&quot; on Target &quot;guest-01&quot;.<br>[Y] Yes  [A] Yes to All  [N] No  [L] No to All  [S] Suspend  [?] Help (default is &quot;Y&quot;): Y<br>Invoke-VMShutdown : Could not begin Shutdown of guest-01<br>At line:1 char:18<br>+ Invoke-VMShutdown &lt;&lt;&lt;&lt; guest-01<br>+ CategoryInfo          : InvalidResult: (:) [Write-Error], WriteErrorException<br>+ FullyQualifiedErrorId : 32768,Invoke-VMShutdown</p>\r\n<p>PS C:\\Users\\Administrator&gt;</p>",
    "PostedDate": "2010-08-12T11:24:28.737-07:00",
    "UserRole": null,
    "MarkedAsAnswerDate": null
  },
  {
    "Id": "482849",
    "ThreadId": "223397",
    "Html": "<p>Figured this out.&nbsp; Needed to install the Linux Integration services on the guest.&nbsp;</p>\r\n<p>http://www.microsoft.com/downloads/details.aspx?displaylang=en&amp;FamilyID=eee39325-898b-4522-9b4c-f4b5b9b64551</p>",
    "PostedDate": "2010-08-20T09:04:29.737-07:00",
    "UserRole": null,
    "MarkedAsAnswerDate": null
  },
  {
    "Id": "1076773",
    "ThreadId": "223397",
    "Html": "This did not (does not) appear to be my issue. I get the exact same error AFTER I upgraded my integration services on an older XP VM guest (and possibly on a 2008 R2 Guest as well). Prior to my upgrading the Integration Services, the invoke-vmshutdown worked fine. I will restart VMM service on the VM Host and see if that makes a difference.\r<br />\n<br />\nc:&gt; invoke-vmshutdown prodbox -force\r<br />\ninvoke-vmshutdown : Could not begin Shutdown of prodbox\r<br />\nAt line:1 char:1<br />\n<ul>\n<li>invoke-vmshutdown prodbox -force</li>\n<li>\n~~~~~~~~~~~~~~~~~~~~~~~~~~~~~~~<br />\n<ul>\n<li>CategoryInfo          : InvalidResult: (:) [Write-Error], WriteErrorException</li>\n<li>\nFullyQualifiedErrorId : 32768,Invoke-VMShutdown<br />\n</li>\n</ul>\n</li>\n</ul>\nGranted, the XP integration services appears to be a different version?\r<br />\nYOU WANT A FEATURE REQUEST: <em>SHOW INTEGRATION SERVICES VERSION AS A COLUMN IN THE VM MANAGER DISPLAY!!!!</em> How SIMPLE would THAT make our lives?<br />\n",
    "PostedDate": "2013-08-05T06:12:23.45-07:00",
    "UserRole": null,
    "MarkedAsAnswerDate": null
  }
]