[
  {
    "Id": "678908",
    "ThreadId": "274461",
    "Html": "\r\n<p>Hi, All</p>\r\n<p>I'm new to PowerShell and Hyper-V, so I'm a bit behind the eight ball.</p>\r\n<p>I'm creating &nbsp;a script to automate the creation of Hyper-V VMs. &nbsp;I can create the VMs successfully, though during the creation process I need to capture a MAC address from each VM. &nbsp;Each VM is being created with two adapters, one emulated\r\n and one synthetic. &nbsp;I need to capture the MAC address assigned to the emulated adapter. &nbsp;</p>\r\n<p>Can anyone assist?</p>\r\n<p>Thank you!</p>\r\n<p>Michael</p>\r\n",
    "PostedDate": "2011-09-30T23:34:06.717-07:00",
    "UserRole": null,
    "MarkedAsAnswerDate": null
  },
  {
    "Id": "685167",
    "ThreadId": "274461",
    "Html": "<p>Can you post your script or part with network adapters creating?</p>",
    "PostedDate": "2011-10-17T06:17:02.823-07:00",
    "UserRole": null,
    "MarkedAsAnswerDate": null
  }
]