[
  {
    "Id": "683058",
    "ThreadId": "275583",
    "Html": "\r\n<p>Hey Guys.</p>\r\n<p>I'm building a PS Script with the Hyperv Library.</p>\r\n<p>I have one Script where i want to remove the legacy network adapter from my VM's.\r\n<br>\r\nI added them to boot WDS for remote install...</p>\r\n<p>I tested this:</p>\r\n<p></p>\r\n<pre>Remove-VMNIC -NIC &quot;Legacy Network Adapter&quot; -VM $vm</pre>\r\n<p></p>\r\n<p>$vm is comming from Input from the user. But the command doesn't remove the nic.</p>\r\n<p>Is &quot;Legacy Network Adapter&quot; the right nic? i think it uses the name, not?</p>\r\n<p>Regards</p>\r\n<p>Philipp</p>\r\n",
    "PostedDate": "2011-10-12T04:38:07.423-07:00",
    "UserRole": null,
    "MarkedAsAnswerDate": null
  }
]