[
  {
    "Id": "941584",
    "ThreadId": "403172",
    "Html": "\r\n<p>Dear reader,</p>\r\n<p>I'd like to script the vmstate for monitoring purposes. I have a 3 clusternode Hyper-v env.</p>\r\n<p>I&nbsp;can not know on which node a vm resides. Is there a way to execute the powershell script, and let it it check on what node a vm resides first?</p>\r\n<p>This is the script:</p>\r\n<div style=\"color:black; background-color:white\">\r\n<pre>Get<span style=\"color:gray\">-</span>Module <span style=\"color:gray\">-</span>ListAvailable | Where<span style=\"color:gray\">-</span>Object {<span style=\"color:orangered\">$_</span>.Path <span style=\"color:gray\">-like</span> <span style=\"color:#a31515\">&quot;$PSHOME*&quot;</span>} | Import<span style=\"color:gray\">-</span>Module\r\n<span style=\"color:orangered\">$VM</span> <span style=\"color:gray\">=</span> Get<span style=\"color:gray\">-</span>VMstate <span style=\"color:gray\">-</span>VM <span style=\"color:gray\">[</span><span style=\"color:teal\">vmname</span><span style=\"color:gray\">]</span> \r\n<span style=\"color:blue\">while</span> (<span style=\"color:orangered\">$VM</span>.EnabledState <span style=\"color:gray\">-ne</span> <span style=\"color:#a31515\">&quot;Running&quot;</span>) \r\n{ \r\n    <span style=\"color:orangered\">$VM</span> <span style=\"color:gray\">=</span> Get<span style=\"color:gray\">-</span>VMstate <span style=\"color:gray\">-</span>VM <span style=\"color:gray\">[</span><span style=\"color:teal\">vmname</span><span style=\"color:gray\">]</span>\r\n    write<span style=\"color:gray\">-</span>host <span style=\"color:#a31515\">&quot;Status not RUNNING&quot;</span> \r\n    <span style=\"color:blue\">exit</span> 1010\r\n}\r\n \r\n    write<span style=\"color:gray\">-</span>host <span style=\"color:#a31515\">&quot;Status RUNNING&quot;</span>\r\n</pre>\r\n</div>\r\n<p>The exit code is captured by the monitoring agent. Which sends an email if vm is nit running.</p>\r\n<p>&nbsp;</p>\r\n",
    "PostedDate": "2012-11-14T06:31:14.923-08:00",
    "UserRole": null,
    "MarkedAsAnswerDate": null
  },
  {
    "Id": "941608",
    "ThreadId": "403172",
    "Html": "\r\n<p>Found it, I just have to run it against all nodes with the -server switch.</p>\r\n<div style=\"color:black; background-color:white\">\r\n<pre>Get<span style=\"color:gray\">-</span>Module <span style=\"color:gray\">-</span>ListAvailable | Where<span style=\"color:gray\">-</span>Object {<span style=\"color:orangered\">$_</span>.Path <span style=\"color:gray\">-like</span> <span style=\"color:#a31515\">&quot;$PSHOME*&quot;</span>} | Import<span style=\"color:gray\">-</span>Module\r\n<span style=\"color:orangered\">$VM</span> <span style=\"color:gray\">=</span> Get<span style=\"color:gray\">-</span>VMstate <span style=\"color:gray\">-</span>VM <span style=\"color:gray\">[</span><span style=\"color:teal\">vmname</span><span style=\"color:gray\">]</span> <span style=\"color:gray\">-</span>server node1,node2,node3\r\n<span style=\"color:blue\">while</span> (<span style=\"color:orangered\">$VM</span>.EnabledState <span style=\"color:gray\">-ne</span> <span style=\"color:#a31515\">&quot;Running&quot;</span>) \r\n{ \r\n    <span style=\"color:orangered\">$VM</span> <span style=\"color:gray\">=</span> Get<span style=\"color:gray\">-</span>VMstate <span style=\"color:gray\">-</span>VM <span style=\"color:gray\">[</span><span style=\"color:teal\">vmname</span><span style=\"color:gray\">]</span>\r\n    write<span style=\"color:gray\">-</span>host <span style=\"color:#a31515\">&quot;Status not RUNNING&quot;</span> \r\n    <span style=\"color:blue\">exit</span> 1010\r\n}\r\n \r\n    write<span style=\"color:gray\">-</span>host <span style=\"color:#a31515\">&quot;Status RUNNING&quot;</span>\r\n</pre>\r\n</div>\r\n",
    "PostedDate": "2012-11-14T06:57:58.817-08:00",
    "UserRole": null,
    "MarkedAsAnswerDate": null
  }
]