[
  {
    "Id": "855500",
    "ThreadId": "361416",
    "Html": "\r\n<p>Hello,</p>\r\n<p>I have ınstalled and imported the library. &quot;Stop-VM&quot; functıon is working properly which it turns the Hyper-V VMs from running to Off state, but&nbsp; when i give the&quot;Start-VM&quot; it is not working and nothing happens. What is the reason for it would be? How\r\n can I debug it for the reason not to start VMs vi &quot;Start-VM&quot; ?</p>\r\n<p>Sedat</p>\r\n",
    "PostedDate": "2012-06-29T08:34:36.183-07:00",
    "UserRole": null,
    "MarkedAsAnswerDate": null
  }
]