[
  {
    "Id": "162080",
    "ThreadId": "48545",
    "Html": "The scripts work brilliantly on Windows 2008 with Hyper-V role enabled.<br>\r\n<br>\r\nBut I need to control the VMs from a remote machine. Invoking the scripts on Windows 2003 (SP2) gives an error that the WMI virtualization provider was not found. Does the WMI virtualization provider come only with Windows 2008? Is there anyway I can use these scripts from Windows 2003/Vista?<br>\r\n<br>\r\nAlso, will these scripts work for Hyper-V Server 2008 (the bare metal version)?<br>\r\n<br>\r\nThanks.<br>\r\nV<br>\r\n",
    "PostedDate": "2009-02-25T13:52:40.163-08:00",
    "UserRole": null,
    "MarkedAsAnswerDate": null
  },
  {
    "Id": "162094",
    "ThreadId": "48545",
    "Html": "This maybe a bug in the script. I think in some places where Get-WMIObject is called the -ComputerName parameter is not specified and therefore it tries to connect to the local machine (which is Windows 2003) and therefore doesn't find the virtualization WMI provider.<br>\r\n<br>\r\nV\r\n",
    "PostedDate": "2009-02-25T14:26:57.667-08:00",
    "UserRole": null,
    "MarkedAsAnswerDate": null
  },
  {
    "Id": "168542",
    "ThreadId": "48545",
    "Html": "If you know of places where -computerName is missing please let me know - I thought I had found all the places where this problem occurred some time ago. \r\n",
    "PostedDate": "2009-03-16T07:36:41.707-07:00",
    "UserRole": null,
    "MarkedAsAnswerDate": null
  }
]