[
  {
    "Id": "181864",
    "ThreadId": "54007",
    "Html": "I have Hyper-V Server R2 beta installed which includes powershell v2.<div>I found an article (http://blogs.msdn.com/powershell/archive/2008/08/10/all-about-modules.aspx) </div><div>...which asserts that simply renaming the .ps1 as .psm1 and placing it in the &quot;Modules&quot; sub-dir of powershell creates magic...</div><div><br></div><div>I've seen several entries regarding how to properly use this library but they all seem to be focued on powershell v1.</div><div>Has anyone used this library in Hyper-V Server R2 / powershell v2 environment?</div><div><br></div>",
    "PostedDate": "2009-04-21T09:47:28.823-07:00",
    "UserRole": null,
    "MarkedAsAnswerDate": null
  },
  {
    "Id": "183120",
    "ThreadId": "54007",
    "Html": "The code will work as-is on R2. <br>\r\n<br>\r\nThe plan is to do a proper module for R2 / PowerShell V2 only. I've had a mail from someone who made some minor changes to make the code work as a module, but doing that just changes the way you load the code. Integrating help, tab expansion of parameters etc need a bit of extra work. \r\n",
    "PostedDate": "2009-04-23T23:44:29.003-07:00",
    "UserRole": null,
    "MarkedAsAnswerDate": null
  },
  {
    "Id": "185237",
    "ThreadId": "54007",
    "Html": "sorry to be the newbie here - but could you give a basic example?",
    "PostedDate": "2009-04-29T15:06:01.26-07:00",
    "UserRole": null,
    "MarkedAsAnswerDate": null
  },
  {
    "Id": "186864",
    "ThreadId": "54007",
    "Html": "OK, if you are running hyper-V R2 server you need to use DISM to enable .NET and then PowerShell. (I'm going to blog about that later today - see blogs.technet.com/jamesone) The code does not need to be changed at all to work on V2, just follow the instructions provided for V1. (i.e. run  .  .\\hyperv.ps1). <br>\r\nMost of the dev work was actually done in a pre-release of V2. Sorry when I first read your question I thought you were wanting to make a module \r\n",
    "PostedDate": "2009-05-05T02:31:09.363-07:00",
    "UserRole": null,
    "MarkedAsAnswerDate": null
  },
  {
    "Id": "190466",
    "ThreadId": "54007",
    "Html": "<p>Hi James.</p>\r\n<p>Would you be interested in some help in updating this to a full blown V2 Module using Advanced Functions?&nbsp; I use PowerShell and Hyper-V every day I go to work, so I would be really interested in making this happen.</p>\r\n<p>Andy,</p>\r\n<p><a href=\"http://get-powershell.com\">http://get-powershell.com</a></p>\r\n<p>Andy at get-powershell.com</p>",
    "PostedDate": "2009-05-14T14:46:35.587-07:00",
    "UserRole": null,
    "MarkedAsAnswerDate": null
  },
  {
    "Id": "198684",
    "ThreadId": "54007",
    "Html": "<p>Andy, watch this space ... we're doing some work on a the first build of a moudle and then we're going to open things up for contributions.</p>",
    "PostedDate": "2009-06-07T01:53:41.82-07:00",
    "UserRole": null,
    "MarkedAsAnswerDate": null
  }
]