[
  {
    "Id": "573598",
    "ThreadId": "247937",
    "Html": "\r\n<p>The code for service pack 1 is now complete and new scripts are uploaded to <a href=\"http://pshyperv.codeplex.com/SourceControl/changeset/changes/56085\">\r\nhttp://pshyperv.codeplex.com/SourceControl/changeset/changes/56085</a>&nbsp;if anyone wants to download them and replace their existing ones.</p>\r\n<p>Help files and the documentation are being finished at the moment a new download package should be available for downlaod by the end of this week.</p>\r\n<div id=\"x__mcePaste\" style=\"width:1px; height:1px; overflow:hidden; top:0px; left:-10000px\">\r\n&#65279;</div>\r\n",
    "PostedDate": "2011-02-28T17:02:26.517-08:00",
    "UserRole": null,
    "MarkedAsAnswerDate": null
  },
  {
    "Id": "578559",
    "ThreadId": "247937",
    "Html": "<p>The code has completed its test passes and a few bugs where found and fixed.&nbsp; Documentation is nearing completion and the updated version should be posted in the next 24 hours.</p>\r\n<p>&nbsp;</p>",
    "PostedDate": "2011-03-10T10:29:17.723-08:00",
    "UserRole": null,
    "MarkedAsAnswerDate": null
  }
]