[
  {
    "Id": "413131",
    "ThreadId": "203549",
    "Html": "<p>Hi,</p>\r\n<p>I created a HyperV VM with SLES 10 OS in W2K8 R2 machine and installed Linux integration components and mouse drivers. After that i tried to ge the FQDN and IP Address of that machine by issuing Get-VMSummary. It doesn't give those details. It seems the KVP exchange components are not installed in that machine. I need to get the ip address and FQDN values of that linux VM to my host machine.</p>\r\n<p>Can anyone help on this?</p>\r\n<p>&nbsp;</p>\r\n<p>Thanks in advance</p>\r\n<p>&nbsp;</p>",
    "PostedDate": "2010-03-02T05:11:20.577-08:00",
    "UserRole": null,
    "MarkedAsAnswerDate": null
  }
]