[
  {
    "Id": "148327",
    "ThreadId": "44568",
    "Html": "Is there any way to rename a snapshot, either during creation, or after?<br>\r\n<br>\r\n<br>\r\nThanks,<br>\r\nAnthony<br>\r\n",
    "PostedDate": "2009-01-19T05:55:51.617-08:00",
    "UserRole": null,
    "MarkedAsAnswerDate": null
  },
  {
    "Id": "148487",
    "ThreadId": "44568",
    "Html": "I have been able to figure this one out. Here is the new function I have written.<br>\r\n<br>\r\nFilter Rename-VMSnapshot<br>\r\n{Param( $snapshot, $vmname, $newname )<br>\r\n&nbsp;if ($snapshot -eq $null) {$snapshot=$_ }<br>\r\n&nbsp;if ($snapshot -is [Array]) {$snapshot | ForEach-Object {Remove-VMSnapshot -snapshot $snapshot -vmname $vmname -newname $newname} }<br>\r\n&nbsp;if ($snapshot -is [System.Management.ManagementObject]) {<br>\r\n&nbsp;&nbsp;&nbsp;&nbsp; $VSMgtSvc=Get-WmiObject -ComputerName $snapshot.__server -NameSpace&nbsp; &quot;root\\virtualization&quot; -Class &quot;MsVM_virtualSystemManagementService&quot;<br>\r\n&nbsp;&nbsp;&nbsp;&nbsp; Get-VM $vmname | Out-Null<br>\r\n&nbsp;&nbsp;&nbsp;&nbsp; $VM = gwmi -namespace root\\virtualization Msvm_ComputerSystem | where {$_.ElementName -eq $vmname}<br>\r\n&nbsp;&nbsp;&nbsp;&nbsp; $snapshot.ElementName = $newname<br>\r\n&nbsp;&nbsp;&nbsp;&nbsp; ## Commit changes<br>\r\n&nbsp;&nbsp;&nbsp;&nbsp; $result=$VSMgtSvc.ModifyVirtualSystem($VM.__PATH, $snapshot.psbase.getText(1))<br>\r\n&nbsp;&nbsp;&nbsp;&nbsp; if ( $result.ReturnValue -eq 0 )<br>\r\n&nbsp;&nbsp;&nbsp;&nbsp;&nbsp;&nbsp;&nbsp; { &quot;Renamed snapshot&quot; } <br>\r\n&nbsp;&nbsp;&nbsp;&nbsp; else<br>\r\n&nbsp;&nbsp;&nbsp;&nbsp;&nbsp;&nbsp;&nbsp; {Write-Error &quot;Could not rename snapshot&quot;} }<br>\r\n}<br>\r\n#Example 1: get-vmsnapshot $Core | where {$_.CreationTime -gt 20090119} | rename-vmsnapshot -vmname $Core -newname $newSnapshotName<br>\r\n<br>\r\n",
    "PostedDate": "2009-01-19T12:47:00.893-08:00",
    "UserRole": null,
    "MarkedAsAnswerDate": null
  },
  {
    "Id": "150993",
    "ThreadId": "44568",
    "Html": "I wrote a rename-snapshot  as part of the work to do  update-snapshot  - both of which are in the new 1.0 release. <br>\r\n<br>\r\nJames\r\n",
    "PostedDate": "2009-01-26T09:16:34.5-08:00",
    "UserRole": null,
    "MarkedAsAnswerDate": null
  }
]