[
  {
    "Id": "201925",
    "ThreadId": "59638",
    "Html": "<p>Hi,</p>\r\n<p>I would like to change the time synchronisation setting for a virtual machine but cannot get this to work. Is it possible to include this in the library?</p>\r\n<p>It's the time sync option under Integrated Services. I want it to go to disabled.</p>\r\n<p>Regards</p>\r\n<p>Mozart</p>",
    "PostedDate": "2009-06-16T01:36:58.453-07:00",
    "UserRole": null,
    "MarkedAsAnswerDate": null
  },
  {
    "Id": "215832",
    "ThreadId": "59638",
    "Html": "This discussion has been copied to a work item. Click <a href=\"http://pshyperv.codeplex.com/WorkItem/View.aspx?WorkItemId=4641\">here</a> to go to the work item and continue the discussion.",
    "PostedDate": "2009-07-24T12:31:18.257-07:00",
    "UserRole": null,
    "MarkedAsAnswerDate": null
  }
]