[
  {
    "Id": "505215",
    "ThreadId": "230371",
    "Html": "<p>I've written an script that reads a file of VM names; each VM is suspended, exported and brought back up.</p>\r\n<p>This script works perfectly when the script is pasted in a powershell console with al powershell modules loaded. However when I want to schedule the script, I get a WMI error with every hyper-v cmdlet (line number may vary).</p>\r\n<p>Get-WmiObject : Invalid class<br> At C:\\Windows\\system32\\WindowsPowerShell\\v1.0\\Modules\\hyperv\\VM.ps1:70 char:26 <br> +&nbsp;&nbsp;&nbsp;&nbsp;&nbsp;&nbsp;&nbsp;&nbsp;&nbsp;&nbsp;&nbsp;&nbsp; Get-WmiObject <br> &lt;&lt;&lt;&lt;&nbsp; -computername $Server -NameSpace $HyperVNames<br> pace -Query $WQL | Add-Member -MemberType ALIASPROPERTY -Name &quot;VMElementName&quot; -<br> Value &quot;ElementName&quot; -PassThru<br> &nbsp;&nbsp;&nbsp; + CategoryInfo&nbsp;&nbsp;&nbsp;&nbsp;&nbsp;&nbsp;&nbsp;&nbsp;&nbsp; : <br> InvalidOperation: (:) [Get-WmiObject], Managemen<br> &nbsp;&nbsp; tException<br> &nbsp;&nbsp;&nbsp; + FullyQualifiedErrorId : GetWMIManagementException,Microsoft.PowerShell.C<br> &nbsp;&nbsp; ommands.GetWmiObjectCommand</p>\r\n<p><br> The task is run as administrator and the commandline in the scheduled task is:<br> powershell -ImportSystemModules -command &quot;&amp; 'C:\\scripts\\VMBackup\\testBackup.ps1' &quot;</p>\r\n<p>Thanks for any advice!</p>\r\n<p>Pieter-Jan</p>",
    "PostedDate": "2010-10-11T00:08:29.373-07:00",
    "UserRole": null,
    "MarkedAsAnswerDate": null
  },
  {
    "Id": "512412",
    "ThreadId": "230371",
    "Html": "\r\n<p>Hi Pieter,</p>\r\n<p>Did you resolve this issue?&nbsp; I would love to know what did the trick and what was the cause.&nbsp; Hopefully you were able to resolve this without waiting for help from someone in this thread...</p>\r\n<p>&nbsp;&nbsp;&nbsp;&nbsp;&nbsp; - t -</p>\r\n",
    "PostedDate": "2010-10-25T15:02:16.41-07:00",
    "UserRole": null,
    "MarkedAsAnswerDate": null
  },
  {
    "Id": "544025",
    "ThreadId": "230371",
    "Html": "\r\n<p>I'm getting some similar behavior.&nbsp; I can successfully run individual commands such as get-vm and get-vhd in the console without error.&nbsp; The odd behavior comes in with the ISE and any ps1 files.&nbsp; I can run my scripts once but after that I\r\n get the exact same invalid class errors as the OP.&nbsp;</p>\r\n<p>Simple Example:</p>\r\n<p>$vms = get-vm -server servername | %{$_.elementname}<br>\r\nforeach ($vm in $vms) <br>\r\n&nbsp;&nbsp;&nbsp; {<br>\r\n&nbsp;&nbsp;&nbsp; $vhdinfo&nbsp; = get-vhd -server servername -path c:\\clusterstorage\\volume1\\$vm<br>\r\n&nbsp;&nbsp;&nbsp; $vhdsize = [math]::round($vhdinfo.Size/1GB,2)<br>\r\n&nbsp;&nbsp;&nbsp; $path = $vhdinfo.name<br>\r\n&nbsp;&nbsp;&nbsp; Write-Host $vm $vhdsize $path<br>\r\n&nbsp;&nbsp;&nbsp; }</p>\r\n<p>Running this script via ISE (F5) or as vhd-info.ps1 will work exactly once, after that I get invalid class errors.&nbsp; But if I turn it into a single line I can run it over and over from the console:</p>\r\n<p>$vms = get-vm -server servername | %{$_.elementname};foreach ($vm in $vms) {$vhdinfo&nbsp; = get-vhd -server servername -path c:\\clusterstorage\\volume1\\$vm;$vhdsize = $vhdinfo.Size/1GB;$path = $vhdinfo.name;Write-Host $vm $vhdsize $path}</p>\r\n<p>OP did you have any luck figuring it out?&nbsp;</p>\r\n<p>Thanks!</p>\r\n<p>Lance</p>\r\n",
    "PostedDate": "2011-01-04T16:15:32.803-08:00",
    "UserRole": null,
    "MarkedAsAnswerDate": null
  },
  {
    "Id": "557917",
    "ThreadId": "230371",
    "Html": "\r\n<p>@Lance</p>\r\n<p>I have the same behaviour. It works just once, then all these errors. I still haven't found the problem and I guess I'll never will.&nbsp;</p>\r\n<p>I'll try your solution and write everthing in a single line.</p>\r\n<p>Cheers</p>\r\n<p>Pieter-Jan</p>\r\n",
    "PostedDate": "2011-01-31T01:00:52.42-08:00",
    "UserRole": null,
    "MarkedAsAnswerDate": null
  },
  {
    "Id": "560699",
    "ThreadId": "230371",
    "Html": "\r\n<p>I'm catching up on some of stuff I've left for a while here, this one's on the list ... no promises, but I'll see what I find.</p>\r\n",
    "PostedDate": "2011-02-04T04:20:07.767-08:00",
    "UserRole": null,
    "MarkedAsAnswerDate": null
  },
  {
    "Id": "565885",
    "ThreadId": "230371",
    "Html": "<p>Hello,</p>\r\n<p>&nbsp;</p>\r\n<p>I'm having similar problems.&nbsp;&nbsp; Did you find anything?</p>\r\n<p>Btw, I was looking at the variable $HyperVNamespace&nbsp;in the function Get-VM- I didnt' see in the script where this was being generated.</p>\r\n<p>Thanks,</p>\r\n<p>Carlos</p>",
    "PostedDate": "2011-02-14T07:07:41.62-08:00",
    "UserRole": null,
    "MarkedAsAnswerDate": null
  },
  {
    "Id": "565993",
    "ThreadId": "230371",
    "Html": "<p>I don't have an answer yet.</p>\r\n<p>$HyperVNameSpace is defined in constants.ps1</p>",
    "PostedDate": "2011-02-14T10:45:15.357-08:00",
    "UserRole": null,
    "MarkedAsAnswerDate": null
  },
  {
    "Id": "565998",
    "ThreadId": "230371",
    "Html": "<p>Well that would explain things. Before posting this, I was looking for some type of \"constants\" file, as&nbsp; I would have expected&nbsp;such file to contain the definitions.&nbsp;However&nbsp;I did not find it; Neither have i found the constants.ps1 file that you justed noted.&nbsp; I wonder if something went wrong with my installation.&nbsp; I don't see that file in Zip download.</p>",
    "PostedDate": "2011-02-14T10:51:18.74-08:00",
    "UserRole": null,
    "MarkedAsAnswerDate": null
  },
  {
    "Id": "575486",
    "ThreadId": "230371",
    "Html": "<p>I had a similar problem with Get-WMI error and found out the problem was with my code importing the Hyper-V module more than once. I found the solution for my particular priblem by accident on the issues Thread \"<span id=\"TitleLabel\" class=\"CodePlexPageHeader\">Import-Module HyperV multiple times causes errors\"&nbsp;&nbsp;.</span></p>\r\n<p><span class=\"CodePlexPageHeader\">&nbsp;</span></p>\r\n<p><span class=\"CodePlexPageHeader\">The workaround was to replace my normal Import-Module command with this statement \"if (!(Get-Module -Name HyperV)) { Import-Module HyperV }\"</span></p>\r\n<p><span class=\"CodePlexPageHeader\">&nbsp;</span></p>\r\n<p><span class=\"CodePlexPageHeader\">&nbsp;</span></p>\r\n<p><span class=\"CodePlexPageHeader\">Hope this helps. :-)</span></p>\r\n<p>&nbsp;</p>",
    "PostedDate": "2011-03-04T04:06:41.327-08:00",
    "UserRole": null,
    "MarkedAsAnswerDate": null
  },
  {
    "Id": "578561",
    "ThreadId": "230371",
    "Html": "<blockquote style=\"padding-bottom: 0px; font-style: italic; margin: 0.25em 1em 0px; padding-left: 0.25em; padding-right: 0.25em; padding-top: 0px; border: #ccc 0.1em solid;\"><strong>cardosct24 wrote:</strong><br />\r\n<p>Well that would explain things. Before posting this, I was looking for some type of \"constants\" file, as&nbsp; I would have expected&nbsp;such file to contain the definitions.&nbsp;However&nbsp;I did not find it; Neither have i found the constants.ps1 file that you justed noted.&nbsp; I wonder if something went wrong with my installation.&nbsp; I don't see that file in Zip download.</p>\r\n</blockquote>\r\n<p><br />Sorry . Constants.PS1 is a the file in the source tree where it is defined. It is merged into EN-US.PS1 which is the file the module loads.</p>\r\n<p>If you are having trouble scheduling scripts, have a look at <a href=\"http://dmitrysotnikov.wordpress.com/2011/02/03/how-to-schedule-a-powershell-script/\">http://dmitrysotnikov.wordpress.com/2011/02/03/how-to-schedule-a-powershell-script/</a>&nbsp;</p>",
    "PostedDate": "2011-03-10T10:37:47.68-08:00",
    "UserRole": null,
    "MarkedAsAnswerDate": null
  },
  {
    "Id": "614444",
    "ThreadId": "230371",
    "Html": "<p>Hi jamesone and others,</p>\r\n<p><span style=\"text-decoration: underline;\"><span style=\"color: #ff0000;\"><strong>By my side, issue is resolved when lauching PS running as Administrator.</strong></span></span></p>\r\n<p>I am surprized because my Administrator account is disabled AND belongs to Users group only! I use another admin account (this way shall lets hackers side way off the road because they looking for the usual \"Administrator\" account)</p>\r\n<p>But I would schedule scripts using my daily admin account (and other I would let on).</p>\r\n<p>Anybody for an idea about how to permit other account than usual administrator to run PS script?</p>\r\n<p>... And tell me if my English syntax is bad :-)</p>",
    "PostedDate": "2011-05-18T01:33:33.143-07:00",
    "UserRole": null,
    "MarkedAsAnswerDate": null
  },
  {
    "Id": "614448",
    "ThreadId": "230371",
    "Html": "<p>(post canceled)</p>",
    "PostedDate": "2011-05-18T01:40:52.783-07:00",
    "UserRole": null,
    "MarkedAsAnswerDate": null
  }
]