[
  {
    "Id": "799683",
    "ThreadId": "344783",
    "Html": "\r\n<p>I have tried over and over to get this to install, but I just can't figure it out.&nbsp; All I get are these odd errors:</p>\r\n<p>&nbsp;</p>\r\n<p></p>\r\n<div style=\"color:black; background-color:white\">\r\n<pre>Image Version: 6.1.7600.16385\r\n\r\n\r\nError: 0x800f080c\r\n\r\nFeature name NetFx2<span style=\"color:gray\">-</span>ServerCore is unknown.\r\nA Windows feature name was not recognized.\r\nUse the <span style=\"color:gray\">/</span>Get<span style=\"color:gray\">-</span>Features option to find the name of the feature <span style=\"color:blue\">in</span> the image and tr\r\ny the command again.\r\n\r\nThe DISM log file can be found at C:\\Windows\\Logs\\DISM\\dism.log\r\n\r\nDeployment Image Servicing and Management tool\r\nVersion: 6.1.7600.16385\r\n\r\nImage Version: 6.1.7600.16385\r\n\r\n\r\nError: 0x800f080c\r\n\r\nFeature name MicrosoftWindowsPowerShell is unknown.\r\nA Windows feature name was not recognized.\r\nUse the <span style=\"color:gray\">/</span>Get<span style=\"color:gray\">-</span>Features option to find the name of the feature <span style=\"color:blue\">in</span> the image and tr\r\ny the command again.\r\n\r\nThe DISM log file can be found at C:\\Windows\\Logs\\DISM\\dism.log\r\n\r\nAbout to create folder and copy Powershell module.\r\nPress <span style=\"color:gray\">[</span><span style=\"color:teal\">ctrl</span><span style=\"color:gray\">]</span><span style=\"color:gray\">[</span><span style=\"color:teal\">c</span><span style=\"color:gray\">]</span> to abort or\r\nPress any key to <span style=\"color:blue\">continue</span> . . .\r\ninstall.cmd\\..\\HyperV\\disk.ps1\r\ninstall.cmd\\..\\HyperV\\En<span style=\"color:gray\">-</span>us.ps1\r\ninstall.cmd\\..\\HyperV\\Helper.ps1\r\ninstall.cmd\\..\\HyperV\\hyperv.format.ps1xml\r\ninstall.cmd\\..\\HyperV\\HyperV.psd1\r\ninstall.cmd\\..\\HyperV\\Maml<span style=\"color:gray\">-</span>Helper.XML\r\ninstall.cmd\\..\\HyperV\\maml<span style=\"color:gray\">-</span>vm.xml\r\ninstall.cmd\\..\\HyperV\\maml<span style=\"color:gray\">-</span>vmconfig.xml\r\ninstall.cmd\\..\\HyperV\\maml<span style=\"color:gray\">-</span>vmDisk.xml\r\ninstall.cmd\\..\\HyperV\\MAML<span style=\"color:gray\">-</span>VMNetwork.XML\r\ninstall.cmd\\..\\HyperV\\MAML<span style=\"color:gray\">-</span>VMSnapshot.XML\r\ninstall.cmd\\..\\HyperV\\menu.ps1\r\ninstall.cmd\\..\\HyperV\\Network.ps1\r\ninstall.cmd\\..\\HyperV\\SnapShot.ps1\r\ninstall.cmd\\..\\HyperV\\v1Compatability.ps1\r\ninstall.cmd\\..\\HyperV\\vm.ps1\r\ninstall.cmd\\..\\HyperV\\VMConfig.ps1\r\n       17 file(s) copied.\r\n\r\nAbout to set registry entries <span style=\"color:blue\">for</span> PowerShell script execution, module path and c\r\nonsole settings\r\nPress <span style=\"color:gray\">[</span><span style=\"color:teal\">ctrl</span><span style=\"color:gray\">]</span><span style=\"color:gray\">[</span><span style=\"color:teal\">c</span><span style=\"color:gray\">]</span> to abort or\r\nPress any key to <span style=\"color:blue\">continue</span> . . .\r\n</pre>\r\n</div>\r\n<p></p>\r\n<p>and then when it tries to run the registry update it throws some error about only importing binary objects.&nbsp; When It's all done, the HyperV directory exists in C:\\Program Files\\modules but any attempt to include the module into my code completely fails.&nbsp;</p>\r\n",
    "PostedDate": "2012-02-24T17:40:30.023-08:00",
    "UserRole": null,
    "MarkedAsAnswerDate": null
  },
  {
    "Id": "802324",
    "ThreadId": "344783",
    "Html": "<p>I gave up trying to install this. I just created a directory in the root path of my tool and put the stuff in there, and then just call Import-Module like this:</p>\r\n<p>&nbsp;</p>\r\n<p>$hyperv_path = Split-Path -parent $MyInvocation.MyCommand.Definition<br />Import-Module$hyperv_path\"\\HyperV\" -Global -erroraction stop</p>",
    "PostedDate": "2012-02-27T17:13:46.503-08:00",
    "UserRole": null,
    "MarkedAsAnswerDate": null
  },
  {
    "Id": "803219",
    "ThreadId": "344783",
    "Html": "<p>This was posted in another post, and I copied it from there.</p>\r\n<p>1. Download latest version of pshyperv</p>\r\n<p>2. Right-click on downloaded file, select properties, and click the Unblock button.</p>\r\n<p>3. Extract the contents of the zip into a directory.&nbsp; From elevated prompt, run install.cmd</p>\r\n<p>4. Start PowerShell and ensure that you have&nbsp;execution policy&nbsp;set to RemoteSigned - Set-ExecutionPolicy RemoteSigned</p>\r\n<p>5. Create a PowerShell profile on the system if you do not already have one.</p>\r\n<p>6. $profile will give you the path of the profile.</p>\r\n<p>7. Test-Path $profile will tell you if you have a profile already created.</p>\r\n<p>8. If no profile, create one.&nbsp; New-Item -Path $profile -Type file -Force</p>\r\n<p>9. Open profile: notepad $profile</p>\r\n<p>10. Place this command in profile: Import-Module 'C:\\Program Files\\modules\\HyperV'</p>\r\n<p>&nbsp;</p>",
    "PostedDate": "2012-02-29T08:43:39.083-08:00",
    "UserRole": null,
    "MarkedAsAnswerDate": null
  }
]