[
  {
    "Id": "254279",
    "ThreadId": "74335",
    "Html": "<p>I have written a script that leverages windows.forms namespace to make a GUI that sets up lab environments.&nbsp; Every time I open it, I first have to open powershell and execute the hyperV script.&nbsp; Is there a way to have the module already loaded for any time I open Powershell?</p>",
    "PostedDate": "2009-11-06T08:20:11.21-08:00",
    "UserRole": null,
    "MarkedAsAnswerDate": null
  },
  {
    "Id": "256344",
    "ThreadId": "74335",
    "Html": "<p>You can add it to your powershell profile.</p>",
    "PostedDate": "2009-11-12T07:22:45.843-08:00",
    "UserRole": null,
    "MarkedAsAnswerDate": null
  }
]