[
  {
    "Id": "1203035",
    "ThreadId": "529016",
    "Html": "I'm having trouble downloading the hyperv module of powershell.  Everytime I click on the download link, it's just giving me .pdf's in my download directory.  Any ideas?  I saw this:  [<a href=\"https://pshyperv.codeplex.com/discussions/260977]\" rel=\"nofollow\">https://pshyperv.codeplex.com/discussions/260977]</a> but it was different.<br />\n\r<br />\nI'm starting at <a href=\"https://pshyperv.codeplex.com/releases\" rel=\"nofollow\">https://pshyperv.codeplex.com/releases</a>, and click on the gold link.\r<br />\n<br />\nThen I click on PShyperv-r2 to download and just get the pdf.\r<br />\n<br />\nAm I missing something here?<br />\n",
    "PostedDate": "2014-02-05T08:07:12.69-08:00",
    "UserRole": null,
    "MarkedAsAnswerDate": null
  },
  {
    "Id": "1203174",
    "ThreadId": "529016",
    "Html": "I figured it out.  When I was using chrome it wasn't as obvious as with internet explorer.  The link I was downloading didn't include the zip files for the module.  It was just the pdf.  I see I need to grab the link below the one I was using to download the zip files.\r<br />\n<br />\nThanks!<br />\n",
    "PostedDate": "2014-02-05T12:14:03.15-08:00",
    "UserRole": null,
    "MarkedAsAnswerDate": null
  }
]