[
  {
    "Id": "150170",
    "ThreadId": "45049",
    "Html": "I can't see examples of using these new commands anywhere? Is there no help accessible from the powershell &quot;export-vm /?&quot; or something?<br>\r\nI am new to this kind of stuff, can someone tell me what form these commands need to take, maybe an example of how to use export-vm?<br>\r\n<br>\r\nThanks\r\n",
    "PostedDate": "2009-01-23T03:28:15.207-08:00",
    "UserRole": null,
    "MarkedAsAnswerDate": null
  },
  {
    "Id": "150257",
    "ThreadId": "45049",
    "Html": "I'm starting to look at this library myself.&nbsp; The library itself has some examples:<br>\r\nPS&gt; get-content hyperv.ps1|select-string -pattern &quot;ping-vm&quot;<br>\r\n<br>\r\nFilter Ping-VM<br>\r\n&nbsp;if ($VM -is [Array])&nbsp; {$VM | foreach-Object {Ping-VM $_ -Server $Server} }<br>\r\n#Example 1: Ping-VM &quot;Tenby&quot; -server james2008<br>\r\n#Example 2: get-vm -r | foreach-object {if ((Ping-VM $_).statusCode -ne 0) {&quot;$($_.elementname) is inaccessible&quot;} }<br>\r\n<br>\r\nThere doesn't appear to be an examples for export-vm though.<br>\r\n<br>\r\nThe way this was actually implemented, there isn't any way to actually get any help like you mention.<br>\r\n<br>\r\nThat being said, this library could be improved in this way...<br>\r\n<br>\r\nMarco<br>\r\nWindows PowerShell MVP <br>\r\n<br>\r\n<br>\r\n\r\n",
    "PostedDate": "2009-01-23T07:39:44.073-08:00",
    "UserRole": null,
    "MarkedAsAnswerDate": null
  },
  {
    "Id": "150995",
    "ThreadId": "45049",
    "Html": "As part of the 1.0 release there is now some documentation ... which started with using select-string as shown by Marco to get the existing examples from the script. \r\n",
    "PostedDate": "2009-01-26T09:17:47.747-08:00",
    "UserRole": null,
    "MarkedAsAnswerDate": null
  }
]