[
  {
    "Id": "271872",
    "ThreadId": "79417",
    "Html": "<p>First, a bit of background.&nbsp; I use PS, Hyper-V and your module regularly in a major test environment.&nbsp; One of the recurring admin functions is the creation of fresh Windows XP images, to which I use a 2008 SP2 host to create my images.&nbsp; Due to our image deployment process, much of the provisioning is manual.&nbsp; My goal is to automate as much of this as possible.</p>\r\n<p>While looking over the msvm input classes, I saw that no code had been written to take advantage of this in powershell.&nbsp;</p>\r\n<p>I plan to expand this with a hashtable for all TypeKey codes and work through guest image builds through IC/software installation to image capture.&nbsp;</p>\r\n<p>So, here's my first attempt at coding this function:</p>\r\n<p>&nbsp;</p>\r\n<p>&nbsp;</p>\r\n<pre>Function Send-vmkb\r\n{# .ExternalHelp  MAML-VM.XML\r\n #.SYNOPSIS\r\n #        Send text to a VM.\r\n #.Description\r\n #        Sends text to active element in a VM, including CTRL-ALT-DEL and Carriage Return (CR).\r\n    [CmdletBinding()]\r\n    Param(\r\n      [parameter(Position=0 , Mandatory = $true, ValueFromPipeline = $true)] $VM, \r\n      [String]$Server=&quot;.&quot;, \r\n      [string]$text,\r\n      [Switch]$CAD,\r\n      [SWITCH]$CR,\r\n      $PSC\r\n    )\r\n    process {\r\n        if ($psc -eq $null)  {$psc = $pscmdlet} ; if (-not $PSBoundParameters.psc) {$PSBoundParameters.add(&quot;psc&quot;,$psc)}\r\n        if ($VM -is [String]) {$VM=(Get-VM -Name $VM -Server $Server) }\r\n        if ($VM -is [System.Management.ManagementObject]) {\r\n            If (($text) -or ($CAD ) ) {\r\n                $VSMKB=($VM.getRelated(&quot;Msvm_Keyboard&quot;) | select-object)   # get-wmiobject  -computername $vm.__SERVER -namespace $HyperVNamespace  -Query &quot;associators of {$vm} where resultclass=Msvm_Keyboard&quot;)\r\n                if ($text ) {\r\n                    $result = $VSMKB.TypeText($text)\r\n                        if ($result.returnvalue -eq 0) {write-host &quot;'$text' was successfully sent to $vm on $server&quot;}\r\n                }\r\n                if ($CR ){$VSMKB.Typekey(0x0D)}\r\n                if ($CAD ) {$VSMKB.TypeCtrlAltDel() }\r\n            }\r\n        }\r\n    }\r\n}#\r\n</pre>\r\n<p>&nbsp;</p>\r\n<p>&nbsp;</p>\r\n<p>&nbsp;</p>\r\n<p>&nbsp;</p>\r\n<p>&nbsp;</p>\r\n<p>&nbsp;</p>\r\n<p>&nbsp;</p>\r\n<p>&nbsp;</p>\r\n<p>&nbsp;</p>",
    "PostedDate": "2009-12-30T16:56:41.36-08:00",
    "UserRole": null,
    "MarkedAsAnswerDate": null
  },
  {
    "Id": "274861",
    "ThreadId": "79417",
    "Html": "<p>Hi</p>\r\n<p>You've probably worked out that the hash-table is the bigger piece of work : if you are developing that it would be a useful addition to the library.</p>\r\n<p>Thanks</p>\r\n<p>James</p>\r\n<p>&nbsp;</p>",
    "PostedDate": "2010-01-08T10:12:29.07-08:00",
    "UserRole": null,
    "MarkedAsAnswerDate": null
  },
  {
    "Id": "275023",
    "ThreadId": "79417",
    "Html": "<p>I have that much done already and am now working on modifier keys.&nbsp; The plan is to use short notation for keys, ie L_WIN for left windows, CTRL, F1, etc and parse the parameter to accept any modifier combination, WINDOWS+R for instance.&nbsp; The parameter should also accept any hex codes input to allow reserved and unspecified keys.&nbsp;</p>\r\n<p>Once I have worked out the key modifier parameters, I'll update the code.&nbsp; Feel free to use anything you think would help.&nbsp;</p>\r\n<p>&nbsp;</p>\r\n<p>Some more details about the project I am working on:</p>\r\n<p>Using either SQL&nbsp;or an XML config, pull OS properties and initiate a run of OS builds against an imaging host's VMs through this module.&nbsp;</p>\r\n<p>Build the OS, configure it via script for prerequisites, then capture the image through our own imaging iso.&nbsp;</p>\r\n<p>The next part of the automation package will utilize an OCR scan of the VM's thumbnails for status updates.&nbsp; MODI is an option, but as it was deprecated in Office 2010, not viable in the long term.&nbsp;</p>\r\n<p>The whole process will be wrapped inside a job list that I intend to get a WPK framework built for starting jobs, monitoring, etc.&nbsp;</p>\r\n<p>Here's the major hurdle I haven't yet vaulted:</p>\r\n<p>In our environment, we test across 22 languages, which has added a layer of complexity, that being how to type a setup script with full UNC paths without writing language specific commands.&nbsp; I have not been successful researching this yet, and although it is possible to control the mouse via code to change it via the language bar, that's quite likely going to be time consuming to get reproduceable results or downright impossible.</p>\r\n<p>&nbsp;</p>\r\n<p>&nbsp;</p>\r\n<p>&nbsp;</p>\r\n<p>&nbsp;</p>\r\n<p>&nbsp;</p>\r\n<p>&nbsp;</p>\r\n<p>&nbsp;</p>\r\n<p>&nbsp;</p>\r\n<p>&nbsp;</p>\r\n<p>&nbsp;</p>\r\n<p>&nbsp;</p>\r\n<p>&nbsp;</p>",
    "PostedDate": "2010-01-08T17:18:12.293-08:00",
    "UserRole": null,
    "MarkedAsAnswerDate": null
  },
  {
    "Id": "276316",
    "ThreadId": "79417",
    "Html": "<p>I have updated the code.&nbsp; It now supports key commands using common names and can accept multiple character input, ie WIN+R, WIN-R, ALT-TAB, etc.&nbsp; All OEM keys are supported via direct Hex code '0xE0', '0xF1', etc.&nbsp; See hashtable for full list.&nbsp; VK code listings are provided as a reference, but not implementated as of yet.</p>\r\n<p>Examples:</p>\r\n<ul>\r\n<li>send-vmkb -server fooserver -vm foo -t &quot;notepad.exe c:\\text.txt&quot; -cr (sends the enclosed text and a Carriage return. )</li>\r\n<li>send-vmkb -server fooserver -vm foo -vkc ALT+TAB or WIN+R or ALT-F4&nbsp; both + and - are accepted separators.</li>\r\n<li>send-vmkb -server fooserver -vm foo -cad (in essence, an alias of -vkc CTRL-ALT-DEL)</li>\r\n</ul>\r\n<p>&nbsp;</p>\r\n<p>Limitations:</p>\r\n<ul>\r\n<li>Once I work out why it's failing, all hex codes will be accepted directly.&nbsp; </li>\r\n<li>Mouse specific commands present in the key code list are not supported yet.</li>\r\n</ul>\r\n<p>Up next:</p>\r\n<ul>\r\n<li>Support for multiple targets via array or through a get-vm command.&nbsp; </li>\r\n<li>Support for Scankeycodes method in R2.&nbsp; </li>\r\n<li>Basic mouse support (more for detailed scripting as it would be impossible to code complex actions).&nbsp;&nbsp;</li>\r\n<li>Support for a -convert switch to convert text strings into Unicode characters.</li>\r\n</ul>\r\n<p>&nbsp;</p>\r\n<p>\r\n<pre>$LHash_VirtualKeyCode = @{\r\n\tLMB\t  \t \t= \t'0x01' \t&lt;#VK_LBUTTON#&gt;\t        ;\tRMB\t      \t \t= \t'0x02' \t&lt;#VK_RBUTTON#&gt;\t \t;\t\t\r\n\tBREAK\t  \t= \t'0x03' \t&lt;#VK_CANCEL#&gt;\t        ;\tMMB\t      \t \t= \t'0x04' \t&lt;#VK_MBUTTON#&gt;\t \t;\t\t\r\n\tX1_MB\t  \t= \t'0x05' \t&lt;#VK_XBUTTON1#&gt;\t \t \t;\tX2_MB\t  \t \t= \t'0x06' \t&lt;#VK_XBUTTON2#&gt;\t \t;\t\t\r\n\tBACKSPACE \t= \t'0x08' \t&lt;#VK_BACK#&gt;\t         \t;\tTAB\t      \t \t= \t'0x09' \t&lt;#VK_TAB#&gt;\t \t \t;\t\t\r\n\tCLEAR\t  \t= \t'0x0C' \t&lt;#VK_CLEAR#&gt;\t        ;\tENTER\t  \t \t= \t'0x0D' \t&lt;#VK_RETURN#&gt;\t \t;\t\t\r\n\tSHIFT \t \t= \t'0x10' \t&lt;#VK_SHIFT#&gt;\t        ;\tCTRL\t  \t \t= \t'0x11' \t&lt;#VK_CONTROL#&gt;\t \t;\t\t\r\n\tALT\t        = \t'0x12' \t&lt;#VK_MENU#&gt;\t \t \t \t;\tPAUSE\t     \t= \t'0x13' \t&lt;#VK_PAUSE#&gt;\t \t;\t\t\r\n\tCAPS_LOCK\t= \t'0x14' \t&lt;#VK_CAPITAL#&gt;\t \t \t;\tIME_Kana\t \t= \t'0x15' \t&lt;#VK_KANA#&gt;\t  \t \t;\t\t\r\n\tIME_Hangul\t= \t'0x15' \t&lt;#VK_HANGUL#&gt;\t \t \t;\tIME_Junja\t \t= \t'0x17' \t&lt;#VK_JUNJA#&gt;\t \t;\t\t\r\n\tIME_final\t= \t'0x18' \t&lt;#VK_FINAL#&gt;\t \t \t;\tIME_Hanja\t \t= \t'0x19' \t&lt;#VK_HANJA#&gt;\t \t;\t\t\r\n\tIME_Kanji\t= \t'0x19' \t&lt;#VK_KANJI#&gt;\t \t \t;\tESC\t  \t \t \t= \t'0x1B' \t&lt;#VK_ESCAPE#&gt;\t \t;\t\t\r\n\tIME_convert\t= \t'0x1C' \t&lt;#VK_CONVERT#&gt;\t \t \t;\tIME_nonconvert\t= \t'0x1D' \t&lt;#VK_NONCONVERT#&gt;\t;\t\t\r\n\tIME_accept\t= \t'0x1E' \t&lt;#VK_ACCEPT#&gt;\t \t \t;\tIME_mode_change = \t'0x1F' \t&lt;#VK_MODECHANGE#&gt;\t;\t\t\r\n\tSPACEBAR\t= \t'0x20' \t&lt;#VK_SPACE#&gt;\t \t \t;\tPAGE_UP\t  \t \t= \t'0x21' \t&lt;#VK_PRIOR#&gt;\t \t;\t\t\r\n\tPAGE_DOWN\t= \t'0x22' \t&lt;#VK_NEXT#&gt;\t \t \t \t;\tEND\t  \t \t \t= \t'0x23' \t&lt;#VK_END#&gt;\t \t \t;\t\t\r\n\tHOME\t  \t= \t'0x24' \t&lt;#VK_HOME#&gt;\t \t \t \t;\tLEFT_ARROW\t \t= \t'0x25' \t&lt;#VK_LEFT#&gt;\t \t \t;\t\t\r\n\tUP_ARROW\t= \t'0x26' \t&lt;#VK_UP#&gt;\t \t \t \t;\tRIGHT_ARROW\t \t= \t'0x27' \t&lt;#VK_RIGHT#&gt;\t \t;\t\t\r\n\tDOWN_ARROW\t= \t'0x28' \t&lt;#VK_DOWN#&gt;\t \t \t \t;\tSELECT\t  \t \t= \t'0x29' \t&lt;#VK_SELECT#&gt; \t\t;\t\t\r\n\tPRINT\t  \t= \t'0x2A' \t&lt;#VK_PRINT#&gt;\t \t \t;\tEXECUTE\t  \t \t= \t'0x2B' \t&lt;#VK_EXECUTE#&gt; \t\t;\t\t\r\n\tPRINT_SCREEN= \t'0x2C' \t&lt;#VK_SNAPSHOT#&gt;\t \t \t;\tINS\t \t \t \t= \t'0x2D' \t&lt;#VK_INSERT#&gt;\t \t;\t\t\r\n    PRTSCN      = \t'0x2C' \t&lt;#VK_SNAPSHOT#&gt;\t \t \t;\tINSERT\t \t \t= \t'0x2D' \t&lt;#VK_INSERT#&gt;\t \t;\t\t\r\n\tDEL\t  \t \t= \t'0x2E' \t&lt;#VK_DELETE#&gt; \t \t\t;\tHELP\t  \t \t= \t'0x2F' \t&lt;#VK_HELP#&gt; \t\t;\t\t\r\n\t0\t = \t'0x30' \t;\t1\t = \t'0x31' \t;   2\t = \t'0x32' \t;\t3\t = \t'0x33' \t;\r\n\t4\t = \t'0x34' \t;\t5\t = \t'0x35' \t;\t6\t = \t'0x36' \t;\t7\t = \t'0x37' \t;\r\n\t8\t = \t'0x38' \t;\t9\t = \t'0x39' \t;\tA\t = \t'0x41' \t;\tB\t = \t'0x42' \t;\r\n\tC\t = \t'0x43' \t;\tD\t = \t'0x44' \t;\tE\t = \t'0x45' \t;\tF\t = \t'0x46' \t;\r\n\tG\t = \t'0x47' \t;\tH\t = \t'0x48' \t;\tI\t = \t'0x49' \t;   J\t = \t'0x4A' \t;\r\n\tK\t = \t'0x4B' \t;\tL\t = \t'0x4C' \t;\tM\t = \t'0x4D' \t;\tN\t = \t'0x4E' \t;\r\n\tO\t = \t'0x4F' \t;\tP\t = \t'0x50' \t;\tQ\t = \t'0x51' \t;\tR\t = \t'0x52' \t;\r\n\tS\t = \t'0x53' \t;\tT\t = \t'0x54' \t;\tU\t = \t'0x55' \t;\tV\t = \t'0x56' \t;\r\n\tW\t = \t'0x57' \t;\tX\t = \t'0x58' \t;\tY\t = \t'0x59' \t;\tZ\t = \t'0x5A' \t;\r\n\tL_Win\t  \t \t= \t'0x5B' \t&lt;#VK_LWIN#&gt;\t \t;\t\tR_Win\t \t = \t'0x5C' \t&lt;#VK_RWIN#&gt;\t \t;\t\t\r\n    Win\t  \t \t\t= \t'0x5B' \t&lt;#VK_LWIN#&gt;\t \t;\t\tWindows\t \t = \t'0x5C' \t&lt;#VK_RWIN#&gt;\t \t;\t\t\r\n\tApplications\t= \t'0x5D' \t&lt;#VK_APPS#&gt;\t \t;\t \tSleep\t \t = \t'0x5F' \t&lt;#VK_SLEEP#&gt;\t;\t\t\r\n\tNK0\t = \t'0x60' \t&lt;#VK_NUMPAD0#&gt;\t;\t\tNK1\t = \t'0x61' \t&lt;#VK_NUMPAD1#&gt;\t;\t\t\r\n\tNK2\t = \t'0x62' \t&lt;#VK_NUMPAD2#&gt;\t;\t\tNK3\t = \t'0x63' \t&lt;#VK_NUMPAD3#&gt;\t;\t\t\r\n\tNK4\t = \t'0x64' \t&lt;#VK_NUMPAD4#&gt;\t;\t\tNK5\t = \t'0x65' \t&lt;#VK_NUMPAD5#&gt;\t;\t\t\r\n\tNK6\t = \t'0x66' \t&lt;#VK_NUMPAD6#&gt;\t;\t\tNK7\t = \t'0x67' \t&lt;#VK_NUMPAD7#&gt;\t;\t\t\r\n\tNK8\t = \t'0x68' \t&lt;#VK_NUMPAD8#&gt;\t;\t\tNK9\t = \t'0x69' \t&lt;#VK_NUMPAD9#&gt;\t;\t\t\r\n\tNK_Multiply\t = \t'0x6A' \t&lt;#VK_MULTIPLY#&gt;\t \t;\tNK_PLUS\t = \t'0x6B' \t&lt;#\tVK_ADD \t#&gt;\t;\t\t\r\n\tSeparator\t = \t'0x6C' \t&lt;#VK_SEPARATOR#&gt;\t;\tNK_MINUS\t = \t'0x6D' \t&lt;#VK_SUBTRACT#&gt;\t;\t\t\r\n\tNK_DECIMAL\t = \t'0x6E' \t&lt;#VK_DECIMAL#&gt;\t \t;\tNK_DIVIDE\t = \t'0x6F' \t&lt;#VK_DIVIDE#&gt;\t;\t\t\r\n\tF1\t = \t'0x70' \t&lt;#VK_F1#&gt;\t;\tF2\t = \t'0x71' \t&lt;#VK_F2#&gt;\t;\t\t\r\n\tF3\t = \t'0x72' \t&lt;#VK_F3#&gt;\t;\tF4\t = \t'0x73' \t&lt;#VK_F4#&gt;\t;\t\t\r\n\tF5\t = \t'0x74' \t&lt;#VK_F5#&gt;\t;\tF6\t = \t'0x75' \t&lt;#VK_F6#&gt;\t;\t\t\r\n\tF7\t = \t'0x76' \t&lt;#VK_F7#&gt;\t;\tF8\t = \t'0x77' \t&lt;#VK_F8#&gt;\t;\t\t\r\n\tF9\t = \t'0x78' \t&lt;#VK_F9#&gt;\t;\tF10\t = \t'0x79' \t&lt;#VK_F10#&gt;\t;\t\t\r\n\tF11\t = \t'0x7A' \t&lt;#VK_F11#&gt;\t;\tF12\t = \t'0x7B' \t&lt;#VK_F12#&gt;\t;\t\t\r\n\tF13\t = \t'0x7C' \t&lt;#VK_F13#&gt;\t;\tF14\t = \t'0x7D' \t&lt;#VK_F14#&gt;\t;\t\t\r\n\tF15\t = \t'0x7E' \t&lt;#VK_F15#&gt;\t;\tF16\t = \t'0x7F' \t&lt;#VK_F16#&gt;\t;\t\t\r\n\tF17\t = \t'0x80H' &lt;#VK_F17#&gt;\t;\tF18\t = \t'0x81H' &lt;#VK_F18#&gt;\t;\t\t\r\n\tF19\t = \t'0x82H' &lt;#VK_F19#&gt;\t;\tF20\t = \t'0x83H' &lt;#VK_F20#&gt;\t;\t\t\r\n\tF21\t = \t'0x84H' &lt;#VK_F21#&gt;\t;\tF22\t = \t'0x85H' &lt;#VK_F22#&gt;\t;\t\t\r\n\tF23\t = \t'0x86H' &lt;#VK_F23#&gt;\t;\tF24\t = \t'0x87H' &lt;#VK_F24#&gt;\t;\t\t\r\n\tNUM_LOCK\t = \t'0x90' \t&lt;#VK_NUMLOCK#&gt;\t;\tSCROLL_LOCK\t = \t'0x91' \t&lt;#VK_SCROLL#&gt;\t;\t\t\r\n\tLeft_SHIFT\t = \t'0xA0' \t&lt;#VK_LSHIFT#&gt;\t;\tRight_SHIFT\t = \t'0xA1' \t&lt;#VK_RSHIFT#&gt;\t;\t\t\r\n\tLeft_CONTROL = \t'0xA2'\t&lt;#VK_LCONTROL#&gt;\t;\tRight_CONTROL= \t'0xA3' \t&lt;#VK_RCONTROL#&gt;\t;\t\t\r\n\tLeft_MENU\t = \t'0xA4' \t&lt;#VK_LMENU#&gt;\t;\tRight_MENU\t = \t'0xA5' \t&lt;#\tVK_RMENU#&gt;\t;\r\n    ';:'\t\t = \t'0xBA' \t&lt;#VK_OEM_1#&gt;\t\t;\t'+'\t \t\t= \t'0xBB' \t&lt;#VK_OEM_PLUS#&gt;\t\t;\t\t\r\n\t','\t \t\t = \t'0xBC' \t&lt;#VK_OEM_COMMA#&gt;\t;\t'-'\t \t\t= \t'0xBD' \t&lt;#VK_OEM_MINUS#&gt;\t;\t\t\r\n\t'.'\t \t  \t = \t'0xBE' \t&lt;#VK_OEM_PERIOD#&gt;\t;\t'/?'\t\t= \t'0xBF' \t&lt;#VK_OEM_2#&gt;\t\t;\t\t\r\n\t'`~'\t\t = \t'0xC0' \t&lt;#VK_OEM_3#&gt;\t\t;\t'[{'\t \t= \t'0xDB' \t&lt;#VK_OEM_4#&gt;\t\t;\t\t\r\n\t'\\|' \t \t = \t'0xDC' \t&lt;#VK_OEM_5#&gt;\t\t;\t']}' \t \t= \t'0xDD' \t&lt;#VK_OEM_6#&gt;\t\t;\t\t\r\n\t'sQT/dQT' \t = \t'0xDE' \t&lt;#VK_OEM_7#&gt;\t\t;\t'0xDF' \t \t= \t'0xDF' \t&lt;#VK_OEM_8#&gt;\t\t;\t\t\r\n\t'0xE0'\t = \t'0xE0' \t&lt;#\t- \t#&gt;\t\t;\t\t'0xE1'\t \t = \t'0xE1' \t&lt;#\t \t#&gt;\t;\t\t\r\n\t'0xE2' \t = \t'0xE2' \t&lt;#VK_OEM_102#&gt;\t;\t\t'0xE3'\t \t = \t'0xE3' \t&lt;#\t \t#&gt;\t;\t\r\n    '0xE4'\t = \t'0xE4' \t&lt;#OEM#&gt;\t\t\t;\t\tIME_PROCESS\t = \t'0xE5' \t&lt;#VK_PROCESSKEY#&gt;\t;\t\t\r\n\t'0xE6'\t = \t'0xE6' \t&lt;#OEM#&gt;\t\t\t;\t\tUnicode\t \t = \t'0xE7' \t&lt;#VK_PACKET#&gt;\t;\t\t\r\n\t'0xE8'\t = \t'0xE8' \t&lt;#\t- \t#&gt;\t\t;\t\t'0xE9'\t \t = \t'0xE9' \t&lt;#\t \t#&gt;\t\t;\t\r\n\t'0xEA'\t = \t'0xEA' \t&lt;#\t \t#&gt;\t\t;    \t'0xEB'\t\t = \t'0xEB' \t&lt;#\t- \t#&gt;\t\t;\r\n    '0xEC'\t = \t'0xEC' \t&lt;#\t \t#&gt;\t\t;\t\t'0xED'\t\t = \t'0xED' \t&lt;#\t- \t#&gt;\t\t;\r\n    '0xEE'\t = \t'0xEE' \t&lt;#\t \t#&gt;\t\t;\t    '0xEF'\t \t = \t'0xEF' \t&lt;#\t- \t#&gt;\t\t;\r\n\t'0xF0'\t = \t'0xF0' \t&lt;#\t- \t#&gt;\t\t;\t\t'0xF1'\t \t = \t'0xF1' \t&lt;#\t \t#&gt;\t\t;\r\n    '0xF2'\t = \t'0xF2' \t&lt;#\t- \t#&gt;\t\t;\t\t'0xF3'\t \t = \t'0xF3' \t&lt;#\t \t#&gt;\t\t;\r\n    '0xF4'\t = \t'0xF4' \t&lt;#\t- \t#&gt;\t\t;\t\t'0xF5'\t \t = \t'0xF5' \t&lt;#\t \t#&gt;\t\t;\r\n\tAttn\t = \t'0xF6' \t&lt;#VK_ATTN#&gt;\t\t;\t\tCrSel\t \t = \t'0xF7' \t&lt;#VK_CRSEL#&gt;\t;\t\t\r\n\tExSel\t = \t'0xF8' \t&lt;#VK_EXSEL#&gt;\t;\t\tErase_EOF\t = \t'0xF9' \t&lt;#VK_EREOF#&gt;\t;\t\t\r\n\tPlay\t = \t'0xFA' \t&lt;#VK_PLAY#&gt;\t\t;\t\tZoom\t \t = \t'0xFB' \t&lt;#VK_ZOOM#&gt;\t\t;\t\t\r\n\t'0xFC'\t = \t'0xFC' \t&lt;#VK_NONAME#&gt;\t;\t\tPA1\t\t \t = \t'0xFD' \t&lt;#VK_PA1#&gt;\t\t;\t\t\r\n\tOEM_Clear= \t'0xFE' \t&lt;#VK_OEM_CLEAR#&gt;\t\t\t \r\n    } #End VirtualKeyCode\r\n\r\nFunction Send-vmkb\r\n{# \r\n #.SYNOPSIS\r\n #        Send text to a VM.\r\n #.Description\r\n #        Sends text to active element in a VM. Includes modifier keys using 'key1+key2', CTRL-ALT-DEL and Carriage Return (CR).\r\n #.Example\r\n #        send-vmkb -server fooserver -vm foo -t &quot;notepad.exe c:\\text.txt&quot; -cr \r\n #        send-vmkb -vkc ALT+TAB or WIN+R or ALT-F4  both + and - are accepted separators.\r\n #        send-vmkb -cad \r\n #.Reference\r\n #        -VKC accepts common button names for most standard english virtual key codes.  \r\n #        Expand hash table $LHash_VirtualKeyCode for all current supported codes.  \r\n #        VK codes provided as reference.  \r\n    [CmdletBinding()]\r\n    Param(\r\n      [parameter(Position=0 , Mandatory = $true, ValueFromPipeline = $true)] $VM, \r\n      [String]$Server=&quot;.&quot;, \r\n      [string]$text,\r\n      [Switch]$CAD,\r\n      [SWITCH]$CR,\r\n      $VKC,\r\n      $PSC\r\n    )\r\n    process {\r\n        if ($psc -eq $null)  {$psc = $pscmdlet} ; if (-not $PSBoundParameters.psc) {$PSBoundParameters.add(&quot;psc&quot;,$psc)}\r\n        if ($VM -is [String]) {$VM=(Get-VM -Name $VM -Server $Server) }\r\n        if ($VM -is [System.Management.ManagementObject]) {\r\n            $VSMKB=($VM.getRelated(&quot;Msvm_Keyboard&quot;) | select-object)   # get-wmiobject  -computername $vm.__SERVER -namespace $HyperVNamespace  -Query &quot;associators of {$vm} where resultclass=Msvm_Keyboard&quot;)\r\n                if ($text ) {\r\n                    $result = $VSMKB.TypeText($text)\r\n                        if ($result.returnvalue -eq 0) {write-host &quot;'$text' was successfully sent to $vm on $server&quot;}\r\n                }\r\n                \r\n                if ($CAD ) {$VSMKB.TypeCtrlAltDel() }\r\n\r\n                if ($vkc -is [string]) {$VSMKB.Typekey($LHash_VirtualKeyCode.$vkc)}\r\n                if ($vkc -is [Array])  { \r\n                    $Vkc | Foreach-object {\r\n                        foreach ($vk in $VKC) {$VSMKB.presskey($LHash_VirtualKeyCode.$vk)}\r\n                        foreach ($vk in $VKC) {$VSMKB.releasekey($LHash_VirtualKeyCode.$vk)}\r\n                    }\r\n                }\r\n                \r\n                #if ($vkc.contains('0x')) {$VSMKB.Typekey($vkc)} # 'invalid method parameters' when called\r\n                \r\n\t\t\t\tif ($VKC.contains('+') ) {\r\n                    $VKC = @($VKC.split('+'))\r\n                    foreach ($vk in $VKC) {$VSMKB.presskey($LHash_VirtualKeyCode.$vk)}\r\n                    foreach ($vk in $VKC) {$VSMKB.releasekey($LHash_VirtualKeyCode.$vk)}\r\n\t\t\t    }\r\n\t\t\t\tif ($VKC.contains('-') ) {\r\n                    $VKC = @($VKC.split('-'))\r\n                    foreach ($vk in $VKC) {$VSMKB.presskey($LHash_VirtualKeyCode.$vk)}\r\n                    foreach ($vk in $VKC) {$VSMKB.releasekey($LHash_VirtualKeyCode.$vk)}\r\n\t\t\t    }\r\n                \r\n                if ($CR ){$VSMKB.Typekey(0x0D)}\r\n            \r\n\t\t\t}\r\n\t\t}\r\n\t}\r\n</pre>\r\n</p>\r\n<p>&nbsp;</p>\r\n<p>&nbsp;</p>\r\n<p>&nbsp;</p>\r\n<p>&nbsp;</p>\r\n<p>&nbsp;</p>\r\n<p>&nbsp;</p>\r\n<p>&nbsp;</p>\r\n<p>&nbsp;</p>\r\n<p>&nbsp;</p>\r\n<p>&nbsp;</p>\r\n<p>&nbsp;</p>\r\n<p>&nbsp;</p>\r\n<p>&nbsp;</p>\r\n<p>&nbsp;</p>",
    "PostedDate": "2010-01-12T11:03:01.79-08:00",
    "UserRole": null,
    "MarkedAsAnswerDate": null
  }
]