[
  {
    "Id": "641330",
    "ThreadId": "264895",
    "Html": "\r\n<p>I have teamed nics added to the a virtual switch.</p>\r\n<p>I created the switch with this line &quot;New-VMExternalSwitch -VirtualSwitchName &quot;TESTSWITCH01&quot; -Ext &quot;TEAM : Prod-Team&quot; -Force&quot;</p>\r\n<p>I then try to remove the nic from it using &quot;Remove-vmswitchNic -Name &quot;TEAM : Prod-Team&quot; -force&quot; becuase we want to remove the check mark from the &quot;allow management&quot; option.</p>\r\n<p>What am I doing wrong?</p>\r\n<p>&nbsp;</p>\r\n<p>Thank you for your help</p>\r\n",
    "PostedDate": "2011-07-12T14:04:57.99-07:00",
    "UserRole": null,
    "MarkedAsAnswerDate": null
  }
]