[
  {
    "Id": "118073",
    "ThreadId": "35524",
    "Html": "Thanks to the PSHyperv team first.<br>\r\n<br>\r\nI loaded the hyperv.ps1 but if I call Ping-VM &lt;vmname&gt; or <span id=\"ctl00_ctl00_Content_TabContentPanel_Content_wikiSourceLabel\">Get-VMState &lt;vmname&gt; there is not output at all.<br>\r\nAny ideas to figure out pshyperv is working?<br>\r\n<br>\r\nI am fighting the freebsd shutdown problem Luka mentioned here <a href=\"http://luka.manojlovic.net/2008/07/18/hyper-v-freebsd-shutdown-problem-workaround\">http://luka.manojlovic.net/2008/07/18/hyper-v-freebsd-shutdown-problem-workaround</a>.<br>\r\nSo first I want to try the original </span><span id=\"ctl00_ctl00_Content_TabContentPanel_Content_wikiSourceLabel\">pshyperv&nbsp; - later on Luka's version containing the Kill-VM.<br>\r\n<br>\r\n</span><span id=\"ctl00_ctl00_Content_TabContentPanel_Content_wikiSourceLabel\"><br>\r\nThomas<br>\r\n</span>\r\n",
    "PostedDate": "2008-09-12T03:27:22.037-07:00",
    "UserRole": null,
    "MarkedAsAnswerDate": null
  },
  {
    "Id": "118560",
    "ThreadId": "35524",
    "Html": "Hi folks,<br>\r\n<br>\r\nI was trying again to get these tools running.<br>\r\nI opened a powershell and loaded the script first.<br>\r\n<br>\r\nBut calling things like this:<br>\r\nStart-VM myvm01<br>\r\n<br>\r\nor like this:<br>\r\nPing-VM myvm02<br>\r\n<br>\r\nare not working<br>\r\n<br>\r\nThe only Call that worked was:<br>\r\nNew-VM myvm03<br>\r\n<br>\r\nThe vm myvm03 was created.<br>\r\n<br>\r\nIs the a manual, a wiki or so? I am willing to help testing.<br>\r\n<br>\r\nCheers Thomas<br>\r\n",
    "PostedDate": "2008-09-15T07:31:17.843-07:00",
    "UserRole": null,
    "MarkedAsAnswerDate": null
  },
  {
    "Id": "118650",
    "ThreadId": "35524",
    "Html": "If you are not logged on as THE administrator, you need to run powershell elevated.<br>\r\n<br>\r\nThere are examples for each command in the script, proper documentation is being worked on. <br>\r\n<br>\r\nIt also FAILS if you are running the beta of hyper-V<br>\r\n<br>\r\n",
    "PostedDate": "2008-09-15T13:09:30.333-07:00",
    "UserRole": null,
    "MarkedAsAnswerDate": null
  },
  {
    "Id": "127442",
    "ThreadId": "35524",
    "Html": "As Administrator, hyper-v RTM, No output from any script, List-VM, Get-VM, etc....<br>\r\n<br>\r\nstandard and Luka's version with Kill-VM\r\n",
    "PostedDate": "2008-10-24T03:12:13.673-07:00",
    "UserRole": null,
    "MarkedAsAnswerDate": null
  },
  {
    "Id": "145393",
    "ThreadId": "35524",
    "Html": "Hello,<br>\r\n<br>\r\nI have the same issue like tommew and Fileman. New-VM is working, the rest creates neither a error nor an output.\r\n",
    "PostedDate": "2009-01-08T05:20:51.973-08:00",
    "UserRole": null,
    "MarkedAsAnswerDate": null
  },
  {
    "Id": "151044",
    "ThreadId": "35524",
    "Html": "Everyone, make sure you have KB950050 installed if you have problems.<br>\r\n",
    "PostedDate": "2009-01-26T11:35:41.087-08:00",
    "UserRole": null,
    "MarkedAsAnswerDate": null
  },
  {
    "Id": "152178",
    "ThreadId": "35524",
    "Html": "Hello,<br>\r\n<br>\r\nI am French and i have the same problem but I FIXED IT.<br>\r\n<br>\r\nIn hyperv.ps1, you have tou change only one word :<br>\r\nline 393,  replace &quot;Virtual%&quot; by &quot;%Virtu%&quot;<br>\r\n<br>\r\nIt's not a bug, it's because in French 2008 server we have &quot;Ordinateur Virtuel&quot; and in english &quot;Virtual Machine&quot;<br>\r\n<br>\r\n<br>\r\nThanks for your job, it's great !!<br>\r\n<br>\r\n",
    "PostedDate": "2009-01-29T06:59:16.86-08:00",
    "UserRole": null,
    "MarkedAsAnswerDate": null
  },
  {
    "Id": "152186",
    "ThreadId": "35524",
    "Html": "ste6908,<br>\r\n<br>\r\nThanks, that's also a fix for the beta release of Hyper-V (prior to one installing KB950050).&nbsp; Do you have that patch also? \r\n",
    "PostedDate": "2009-01-29T07:15:51.85-08:00",
    "UserRole": null,
    "MarkedAsAnswerDate": null
  },
  {
    "Id": "152372",
    "ThreadId": "35524",
    "Html": "Marco , in with KB950050 in English versions it is Microsoft Virtual Machine. , in French  adjective and the noun go the other way round, so it is Ordinateur (computer) Virtuel (virtual) not Virtual computer. <br>\r\nI have done nothing about localization support, but one of the things that I will need to do if I get there is to have a string which contains what to test to seperate VMs from Hosts in this function : right now it is painful for anyone who is working in a non-English version. \r\n",
    "PostedDate": "2009-01-29T16:57:08.413-08:00",
    "UserRole": null,
    "MarkedAsAnswerDate": null
  },
  {
    "Id": "196307",
    "ThreadId": "35524",
    "Html": "<p>Hello,</p>\r\n<p>I've had the same problem like ste69008. I worked with a German version of Windows Server 2008. I also maked the change that ste69008 describes and the library work.</p>\r\n<p>Maybe it is possible that&nbsp;further versions of the library works with the most&nbsp;languages of the Windows Server.</p>\r\n<p>Thanks for this great library!!!</p>",
    "PostedDate": "2009-06-01T01:34:32.19-07:00",
    "UserRole": null,
    "MarkedAsAnswerDate": null
  },
  {
    "Id": "198696",
    "ThreadId": "35524",
    "Html": "<p>I'm going to (a) Change this and (b) document it so that if virt% doesn't work people will know what to change.</p>\r\n<p>&nbsp;</p>\r\n<p>&nbsp;</p>",
    "PostedDate": "2009-06-07T02:30:41.997-07:00",
    "UserRole": null,
    "MarkedAsAnswerDate": null
  },
  {
    "Id": "212671",
    "ThreadId": "35524",
    "Html": "<p>Hi, I am from Russia! At first sorry for my english (</p>\r\n<p>I am using Windows Server 2008 SP2 Rus and Hyper-V (not beta)</p>\r\n<p>Library, that i have downloaded from here is great, but did not work on my platform )) I have the same situation like tommew. All commands doing nothing (get-vm, start-vm for example), commands like &quot;get-vmhost&quot; or&nbsp; &quot;new-vm&quot; are working but i want another. I am using PowerShell under Domain Admin, WMI method to show my Virual machines is working good. User ste69008 said about line 393 in main script, but in my version in this line i can not see &quot;Virtual%.</p>\r\n<p>Please help me! or say that it is impossible )</p>",
    "PostedDate": "2009-07-16T09:45:12.407-07:00",
    "UserRole": null,
    "MarkedAsAnswerDate": null
  },
  {
    "Id": "212917",
    "ThreadId": "35524",
    "Html": "<p>Hi Pashtet,</p>\r\n<p>&nbsp;</p>\r\n<p>I guess the problem is the localized version of Windows Server 2008 SP2. We hade the same problems with ther German Version and as I see you are using the Russian Version.</p>\r\n<p>We do not use Hyper-V anymore - we changed to XenServer. Linux VM integration is far better than i Hyper-V.</p>\r\n<p>&nbsp;</p>\r\n<p>Cheers</p>\r\n<p>Thomas</p>\r\n<p>&nbsp;</p>",
    "PostedDate": "2009-07-17T01:17:15.933-07:00",
    "UserRole": null,
    "MarkedAsAnswerDate": null
  },
  {
    "Id": "212960",
    "ThreadId": "35524",
    "Html": "<p>Hmmm.....Xen, I am using FreeBSD on my servers, maybe should to try )))</p>\r\n<p>Another question. If i will install English Version of Hyper-v, Powershell Library will work?</p>",
    "PostedDate": "2009-07-17T03:24:33.34-07:00",
    "UserRole": null,
    "MarkedAsAnswerDate": null
  },
  {
    "Id": "212964",
    "ThreadId": "35524",
    "Html": "<p>I guess Powershell lib will work.</p>\r\n<p>We do have about 50 VM in our Xen Enviroment and there are 2 FreeBSD (6.4 x32 and 7.0 x64) as well.</p>\r\n<p><span>Xen</span> tools will not work. Live migration will not work. But performance is fine.</p>\r\n<p>&nbsp;</p>\r\n<p>Thomas</p>",
    "PostedDate": "2009-07-17T03:32:16.077-07:00",
    "UserRole": null,
    "MarkedAsAnswerDate": null
  },
  {
    "Id": "212978",
    "ThreadId": "35524",
    "Html": "<p>@pashtet,</p>\r\n<p>From the server itself, run:</p>\r\n<p>PS&gt;get-wmiobject -ns &quot;root\\virtualization&quot; -cl msvm_computersystem|select caption</p>\r\n<p>Report back here on the output you see.</p>\r\n<p>In the most recent version of the library, you must look at line 448 if Get-VM isn't working for you.</p>\r\n<p>@tommew,</p>\r\n<p>Please keep the content relevant to this site.</p>",
    "PostedDate": "2009-07-17T04:23:19.127-07:00",
    "UserRole": null,
    "MarkedAsAnswerDate": null
  },
  {
    "Id": "213091",
    "ThreadId": "35524",
    "Html": "<p>When I could not find word in line 393, i found it in line 448. Here is it after changing &quot;Virtual%&quot;:</p>\r\n<p>&nbsp;</p>\r\n<pre>$WQL=&quot;Select * From MsVM_ComputerSystem Where ElementName Like '$Name' AND Caption Like '%Virtu%' &quot;<br>But script did not work before and after my changes(<br><br>PowerShell command<br>&quot;get-wmiobject -ns &quot;root\\virtualization&quot; -cl msvm_computersystem|select caption&quot; <br>is incorect, in &quot;-ns&quot; parameter. I think comandlet like this<br>&quot;get-wmiobject -NameSpace &quot;root\\virtualization&quot; -cl msvm_computersystem|select caption |select caption&quot; <br>is correct.<br><br>well, i can show you report from this command and command without &quot;select caption&quot;<br><br>PS C:\\&gt; get-wmiobject -NameSpace &quot;root\\virtualization&quot; -cl msvm_computersystem | select caption<br><br>caption<br>-------<br>Компьютерная система для размещения<br>Виртуальная машина<br><br><br>PS C:\\&gt; get-wmiobject -NameSpace &quot;root\\virtualization&quot; -cl msvm_computersystem<br><br>Host&nbsp;&nbsp;&nbsp;&nbsp;&nbsp;&nbsp;&nbsp;&nbsp;&nbsp;&nbsp;&nbsp;&nbsp;&nbsp;&nbsp;&nbsp;&nbsp;&nbsp;&nbsp;&nbsp;&nbsp;&nbsp; VMElementName&nbsp;&nbsp;&nbsp;&nbsp;&nbsp;&nbsp;&nbsp;&nbsp;&nbsp;&nbsp;&nbsp;&nbsp; State&nbsp;&nbsp;&nbsp;&nbsp;&nbsp;&nbsp;&nbsp; Up-Time (mS) Owner<br>--------&nbsp;&nbsp;&nbsp;&nbsp;&nbsp;&nbsp;&nbsp;&nbsp;&nbsp;&nbsp;&nbsp;&nbsp;&nbsp;&nbsp;&nbsp;&nbsp;&nbsp; -------------&nbsp;&nbsp;&nbsp;&nbsp;&nbsp;&nbsp;&nbsp;&nbsp;&nbsp;&nbsp;&nbsp;&nbsp; -----&nbsp;&nbsp;&nbsp;&nbsp;&nbsp;&nbsp;&nbsp; ------------ -----<br>HYPER-V&nbsp;&nbsp;&nbsp;&nbsp;&nbsp;&nbsp;&nbsp;&nbsp;&nbsp;&nbsp;&nbsp;&nbsp;&nbsp;&nbsp;&nbsp;&nbsp;&nbsp;&nbsp; HYPER-V&nbsp;&nbsp;&nbsp;&nbsp;&nbsp;&nbsp;&nbsp;&nbsp;&nbsp;&nbsp;&nbsp;&nbsp;&nbsp;&nbsp;&nbsp;&nbsp;&nbsp;&nbsp; Running<br>HYPER-V&nbsp;&nbsp;&nbsp;&nbsp;&nbsp;&nbsp;&nbsp;&nbsp;&nbsp;&nbsp;&nbsp;&nbsp;&nbsp;&nbsp;&nbsp;&nbsp;&nbsp;&nbsp; XP&nbsp;&nbsp;&nbsp;&nbsp;&nbsp;&nbsp;&nbsp;&nbsp;&nbsp;&nbsp;&nbsp;&nbsp;&nbsp;&nbsp;&nbsp;&nbsp;&nbsp;&nbsp;&nbsp;&nbsp;&nbsp;&nbsp;&nbsp; Suspended&nbsp;&nbsp;&nbsp; 0&nbsp;&nbsp;&nbsp;&nbsp;&nbsp;&nbsp;&nbsp;&nbsp;&nbsp;&nbsp;&nbsp; PENZAGP\\administrator<br><br>As you can see, wmi objects work in my system</pre>\r\n<p>&nbsp;</p>",
    "PostedDate": "2009-07-17T08:48:26.103-07:00",
    "UserRole": null,
    "MarkedAsAnswerDate": null
  },
  {
    "Id": "215829",
    "ThreadId": "35524",
    "Html": "<p>Pashtet the query checks for the caption being virutal machine I changed it to %virtu% so it works with french and german.&nbsp; That's how it filters out the entry for the host -&nbsp; you need to find what the russian text is and replace '%virtu%' with %Виртуальная%&nbsp; (Live translation has &quot;Компьютерная система для размещения&quot; = Computer System to accomodate , which I guess is the host, and &quot;Виртуальная машина&quot; = virtual machine).</p>\r\n<p>&nbsp;</p>\r\n<p>&nbsp;</p>",
    "PostedDate": "2009-07-24T12:26:31.443-07:00",
    "UserRole": null,
    "MarkedAsAnswerDate": null
  }
]