[
  {
    "Id": "433536",
    "ThreadId": "210019",
    "Html": "<p>Here is what I get on my machine:</p>\r\n<p>PS C:\\Users\\Administrator&gt; Import-Module 'C:\\Program Files\\modules\\HyperV'<br>Security WarningRun only scripts that you trust. While scripts from the Internet can be useful, this script can potentially harm yourcomputer. Do you want to run C:\\Program Files\\modules\\HyperV\\hyperv.Format.ps1xml?[D] Do not run &nbsp;[R] Run once &nbsp;[S] Suspend &nbsp;[?] Help (default is &quot;D&quot;): rImport-Module : There were errors in loading the format data file:Microsoft.PowerShell, C:\\Program Files\\modules\\HyperV\\hyperv.Format.ps1xml : File skipped because it was already present from &quot;Microsoft.PowerShell&quot;.At line:1 char:14+ Import-Module &lt;&lt;&lt;&lt; &nbsp;'C:\\Program Files\\modules\\HyperV'&nbsp;&nbsp; &nbsp;+ CategoryInfo &nbsp; &nbsp; &nbsp; &nbsp; &nbsp;: InvalidOperation: (:) [Import-Module], RuntimeException&nbsp;&nbsp; &nbsp;+ FullyQualifiedErrorId : FormatXmlUpateException,Microsoft.PowerShell.Commands.ImportModuleCommand</p>\r\n<p>I am running powershell 2.</p>\r\n<p>Any ideas?</p>\r\n<p>Thanks,</p>\r\n<p>Adrian</p>",
    "PostedDate": "2010-04-21T02:19:28.56-07:00",
    "UserRole": null,
    "MarkedAsAnswerDate": null
  }
]