[
  {
    "Id": "243486",
    "ThreadId": "71394",
    "Html": "<p>Hi,</p>\r\n<p>When I run Export-VM, it only exports the configuration.&nbsp; How do you specify&nbsp;it to include the entire VM for backup purposes?</p>\r\n<p>Thanks alot.</p>\r\n<p><a>\\\\Greg</a></p>",
    "PostedDate": "2009-10-08T08:31:31.963-07:00",
    "UserRole": null,
    "MarkedAsAnswerDate": null
  },
  {
    "Id": "244624",
    "ThreadId": "71394",
    "Html": "<p>With the -copyState switch everything should be exported, including the vhd.</p>",
    "PostedDate": "2009-10-12T05:23:11.64-07:00",
    "UserRole": null,
    "MarkedAsAnswerDate": null
  },
  {
    "Id": "246523",
    "ThreadId": "71394",
    "Html": "<p>Figures, I tried every switch EXCEPT that one.&nbsp; Thanks, it works perfectly now.</p>",
    "PostedDate": "2009-10-16T06:43:42.043-07:00",
    "UserRole": null,
    "MarkedAsAnswerDate": null
  }
]