{
  "WorkItem": {
    "AffectedComponent": {
      "Name": "",
      "DisplayName": ""
    },
    "ClosedComment": "Fixed in SP1 release",
    "ClosedDate": "2011-03-10T13:08:36.12-08:00",
    "CommentCount": 0,
    "Custom": null,
    "Description": "hi there, I was testing a \"clean-export\" function when I found out that the Invoke-VMShutdown returns an error when using the -wait parameter.\nthe error I get is:\nInvoke-VMShutdown : A parameter cannot be found that matches parameter name 'wait'.\nAt C:\\scripts\\Export-VM.ps1:24 char:58\n+             invoke-vmshutdown -vm $vm -server $strServerName -wait <<<<\n    + CategoryInfo          : InvalidArgument: (:) [Invoke-VMShutdown], ParameterBindingException\n    + FullyQualifiedErrorId : NamedParameterNotFound,Invoke-VMShutdown\n \nThe problem I face is I really have to wait until the VM is stopped before exporting, so I see a workaround, but I'd rather signal that either the doc is incorrect, or the way I use the function is not good.\nplease advise :-).\n \nLB",
    "LastUpdatedDate": "2013-05-16T04:39:45.647-07:00",
    "PlannedForRelease": "",
    "ReleaseVisibleToPublic": false,
    "Priority": {
      "Name": "Low",
      "Severity": 50,
      "Id": 1
    },
    "ProjectName": "PSHyperv",
    "ReportedDate": "2010-03-18T14:50:52.517-07:00",
    "Status": {
      "Name": "Closed",
      "Id": 4
    },
    "ReasonClosed": {
      "Name": "Unassigned"
    },
    "Summary": "Invoke-VMShutdown does NOT like -wait",
    "Type": {
      "Name": "Issue",
      "Id": 3
    },
    "VoteCount": 3,
    "Id": 6206
  },
  "FileAttachments": [],
  "Comments": [
    {
      "Message": "I've found yet another issue in this function.\r\nthe parameter $ShutdownTimeOut is not used in the code, it uses an uninitialized var $timeout.\r\nchanged the line to read:\r\n $Endtime=(Get-Date).AddSeconds($ShutdownTimeOut)",
      "PostedDate": "2010-07-22T01:08:35.88-07:00",
      "Id": -2147483648
    },
    {
      "Message": "However: the original question in this track is not needed:\r\nthe code initializes a shutdown, then loops into 5-second sleeps until the vmstate is stopped or the timeout has expired.\r\nso, even though the -wait switch is absent, the script itself by default waits until the machine is stopped.",
      "PostedDate": "2010-07-22T01:13:45.817-07:00",
      "Id": -2147483648
    },
    {
      "Message": "",
      "PostedDate": "2011-01-11T00:05:14.857-08:00",
      "Id": -2147483648
    },
    {
      "Message": "This is under investigation",
      "PostedDate": "2011-02-04T03:50:32.61-08:00",
      "Id": -2147483648
    },
    {
      "Message": "OK I've investigated . \r\nBZanten you spotted the problem correctly, $endTime should refer to $shutdownTimeOut and it has $timeOut in the released builds. The fix will appear in a new release due by March 1st 2011",
      "PostedDate": "2011-02-04T08:58:16.197-08:00",
      "Id": -2147483648
    },
    {
      "Message": "",
      "PostedDate": "2011-03-10T13:08:36.12-08:00",
      "Id": -2147483648
    },
    {
      "Message": "about \"Fixed in SP1 release\":\r\nBe not so sure Jamesone. I use PSML for HV release R2 SP1 but that function still arguing with the \"-Wait\" param (I did not installed any previous release).\r\nFYI: Host is 2008 R2 SP1 Standard with HyperV role only. Guest is 2008 R2 SP1 Standard with DNS, DHCP, DC and SAMBA roles.\r\nThe way i found is to loop with pauses until \"Running\" state appears then until heartbeating appears then until pinging respond and then until the ADMIN$ shared folder become accessible. Doing so tells me where the VM boot may hangs.\r\n",
      "PostedDate": "2011-05-23T07:21:48.14-07:00",
      "Id": -2147483648
    },
    {
      "Message": "",
      "PostedDate": "2013-02-21T17:24:36.17-08:00",
      "Id": -2147483648
    },
    {
      "Message": "",
      "PostedDate": "2013-05-16T04:39:45.647-07:00",
      "Id": -2147483648
    }
  ]
}