{
  "WorkItem": {
    "AffectedComponent": {
      "Name": "",
      "DisplayName": ""
    },
    "ClosedComment": "",
    "ClosedDate": "2008-07-12T09:37:41.033-07:00",
    "CommentCount": 0,
    "Custom": null,
    "Description": "When called with a string value passed in it fails \n \nMethod invocation failed because [System.Object[]] doesn't contain a method named 'replace'.\nAt HyperV.ps1:205 char:35\n+  $machineName=$machineName.replace( <<<< \"*\",\"%\")\n \nIt appears to be becuase of a superfluous comma, see line 743:\n \nif ($VM -is [String]) {$VM=(Get-VM -machineName $VM , -Server $server) }\n \nWorks fine if you remove the comma before -Server.",
    "LastUpdatedDate": "2013-05-16T04:39:50.16-07:00",
    "PlannedForRelease": "0.8.1 beta",
    "ReleaseVisibleToPublic": false,
    "Priority": {
      "Name": "Low",
      "Severity": 50,
      "Id": 1
    },
    "ProjectName": "PSHyperv",
    "ReportedDate": "2008-06-27T05:19:59.933-07:00",
    "Status": {
      "Name": "Closed",
      "Id": 4
    },
    "ReasonClosed": {
      "Name": "Unassigned"
    },
    "Summary": "Add-VMDRIVE Bug",
    "Type": {
      "Name": "Issue",
      "Id": 3
    },
    "VoteCount": 1,
    "Id": 2575
  },
  "FileAttachments": [],
  "Comments": [
    {
      "Message": "Fixed in beta 0.9 ...",
      "PostedDate": "2008-07-08T07:29:59.727-07:00",
      "Id": -2147483648
    },
    {
      "Message": "",
      "PostedDate": "2008-07-08T07:30:38.65-07:00",
      "Id": -2147483648
    },
    {
      "Message": "Now fixed. Thanks for reporting\r\n\r\n** Closed by jamesone 7/8/2008 7:30 AM",
      "PostedDate": "2008-07-12T09:35:36.86-07:00",
      "Id": -2147483648
    },
    {
      "Message": "",
      "PostedDate": "2008-07-12T09:35:37.27-07:00",
      "Id": -2147483648
    },
    {
      "Message": "",
      "PostedDate": "2008-07-12T09:36:19.33-07:00",
      "Id": -2147483648
    },
    {
      "Message": "",
      "PostedDate": "2008-07-12T09:36:38.47-07:00",
      "Id": -2147483648
    },
    {
      "Message": "\r\n\r\n** Closed by jamesone 7/12/2008 9:36 AM",
      "PostedDate": "2008-07-12T09:36:59.22-07:00",
      "Id": -2147483648
    },
    {
      "Message": "",
      "PostedDate": "2008-07-12T09:36:59.58-07:00",
      "Id": -2147483648
    },
    {
      "Message": "",
      "PostedDate": "2008-07-12T09:37:13.923-07:00",
      "Id": -2147483648
    },
    {
      "Message": "",
      "PostedDate": "2008-07-12T09:37:41.033-07:00",
      "Id": -2147483648
    },
    {
      "Message": "",
      "PostedDate": "2013-02-21T17:24:42.583-08:00",
      "Id": -2147483648
    },
    {
      "Message": "",
      "PostedDate": "2013-05-16T04:39:50.16-07:00",
      "Id": -2147483648
    }
  ]
}