{
  "WorkItem": {
    "AffectedComponent": {
      "Name": "",
      "DisplayName": ""
    },
    "ClosedComment": "",
    "ClosedDate": null,
    "CommentCount": 0,
    "Custom": null,
    "Description": "Hi jamesone, the bug in 6206 still annoying me despite I am using library R2 SP1. See my post and my workaround in 6206. Please note that I am aware that my workaround is a little too much :-)\nThen you may erase this track.",
    "LastUpdatedDate": "2013-02-21T17:24:33.09-08:00",
    "PlannedForRelease": "",
    "ReleaseVisibleToPublic": false,
    "Priority": {
      "Name": "Low",
      "Severity": 50,
      "Id": 1
    },
    "ProjectName": "PSHyperv",
    "ReportedDate": "2011-05-23T07:33:36.92-07:00",
    "Status": {
      "Name": "Proposed",
      "Id": 1
    },
    "ReasonClosed": {
      "Name": "Unassigned"
    },
    "Summary": "re-open track 6206",
    "Type": {
      "Name": "Issue",
      "Id": 3
    },
    "VoteCount": 1,
    "Id": 8283
  },
  "FileAttachments": [],
  "Comments": []
}