{
  "WorkItem": {
    "AffectedComponent": {
      "Name": "",
      "DisplayName": ""
    },
    "ClosedComment": "",
    "ClosedDate": null,
    "CommentCount": 0,
    "Custom": null,
    "Description": "After sumbiting following command:\nget-vm -name 10165* | get-vmmemory\nI got the following output:\nWARNING: column \"Buffer\" does not fit into the display and was removed.\n \nVMElmentName                   Dynamic Enabled  Virtual Quantity Limit    Reservation  Weight\n------------                   ---------------  ---------------- -----    -----------  ------\n10165A-NYC-DC1-B               True             256              1024     256          0\n10165A-NYC-DC1-A               True             256              1536     256          0\n \nAs you can see there is a typo in the first coulmn name. The first \"e\" letter is omitted.\n \nRegards,\nTomek A.",
    "LastUpdatedDate": "2013-02-21T17:24:31.893-08:00",
    "PlannedForRelease": "",
    "ReleaseVisibleToPublic": false,
    "Priority": {
      "Name": "Low",
      "Severity": 50,
      "Id": 1
    },
    "ProjectName": "PSHyperv",
    "ReportedDate": "2011-08-06T11:28:24.473-07:00",
    "Status": {
      "Name": "Proposed",
      "Id": 1
    },
    "ReasonClosed": {
      "Name": "Unassigned"
    },
    "Summary": "Typo in column name",
    "Type": {
      "Name": "Issue",
      "Id": 3
    },
    "VoteCount": 1,
    "Id": 8578
  },
  "FileAttachments": [],
  "Comments": []
}