{
  "WorkItem": {
    "AffectedComponent": {
      "Name": "",
      "DisplayName": ""
    },
    "ClosedComment": "",
    "ClosedDate": null,
    "CommentCount": 0,
    "Custom": null,
    "Description": "Per the online help of the Import-VM cmdlet, ImportVirtualSystem has been deprecated in favor of ImportVirtualSystemEx. This most likely is why the import-vm cmdlet doesn't seem to do anything at all.",
    "LastUpdatedDate": "2013-02-21T17:24:32.09-08:00",
    "PlannedForRelease": "",
    "ReleaseVisibleToPublic": false,
    "Priority": {
      "Name": "Low",
      "Severity": 50,
      "Id": 1
    },
    "ProjectName": "PSHyperv",
    "ReportedDate": "2011-08-03T10:19:35.487-07:00",
    "Status": {
      "Name": "Proposed",
      "Id": 1
    },
    "ReasonClosed": {
      "Name": "Unassigned"
    },
    "Summary": "Import-VM ImportVirtualSystem Method Deprecated",
    "Type": {
      "Name": "Issue",
      "Id": 3
    },
    "VoteCount": 1,
    "Id": 8567
  },
  "FileAttachments": [],
  "Comments": []
}