{
  "WorkItem": {
    "AffectedComponent": {
      "Name": "",
      "DisplayName": ""
    },
    "ClosedComment": "",
    "ClosedDate": "2009-01-30T17:50:29.837-08:00",
    "CommentCount": 0,
    "Custom": null,
    "Description": "It doesn't appear it's possible to delete all snapshots of a VM because the remove-vmsnapshot function doesn't wait for each operation to complete (ie. via a -wait like other functions).  So while jobs are created to delete multiple snapshots, only the first job successfully completes.",
    "LastUpdatedDate": "2013-05-16T04:39:49.063-07:00",
    "PlannedForRelease": "",
    "ReleaseVisibleToPublic": false,
    "Priority": {
      "Name": "Low",
      "Severity": 50,
      "Id": 1
    },
    "ProjectName": "PSHyperv",
    "ReportedDate": "2008-09-22T17:07:28.493-07:00",
    "Status": {
      "Name": "Closed",
      "Id": 4
    },
    "ReasonClosed": {
      "Name": "Unassigned"
    },
    "Summary": "Delete multiple (all) snapshots of a VM",
    "Type": {
      "Name": "Issue",
      "Id": 3
    },
    "VoteCount": 1,
    "Id": 3010
  },
  "FileAttachments": [],
  "Comments": [
    {
      "Message": "Good catch, I'll fix that for next release ",
      "PostedDate": "2008-09-30T02:20:55.357-07:00",
      "Id": -2147483648
    },
    {
      "Message": "",
      "PostedDate": "2008-09-30T02:21:25.293-07:00",
      "Id": -2147483648
    },
    {
      "Message": "in V 1.0 , remove-VMSnapshot now supports a -wait switch so you should be able to run the deletions one after the other. ",
      "PostedDate": "2009-01-26T09:39:22.627-08:00",
      "Id": -2147483648
    },
    {
      "Message": "",
      "PostedDate": "2009-01-26T09:39:23.41-08:00",
      "Id": -2147483648
    },
    {
      "Message": "",
      "PostedDate": "2009-01-30T17:50:29.837-08:00",
      "Id": -2147483648
    },
    {
      "Message": "",
      "PostedDate": "2013-02-21T17:24:41.11-08:00",
      "Id": -2147483648
    },
    {
      "Message": "",
      "PostedDate": "2013-05-16T04:39:49.063-07:00",
      "Id": -2147483648
    }
  ]
}