{
  "WorkItem": {
    "AffectedComponent": {
      "Name": "",
      "DisplayName": ""
    },
    "ClosedComment": "Fixed for the SP 1 release &#40;the OP correctly identified the problem and solution&#41;&#47; ",
    "ClosedDate": "2011-03-10T13:17:38.1-08:00",
    "CommentCount": 0,
    "Custom": null,
    "Description": "The Get-VMNICVLAN and Set do not run remote.\nI'll upload my patch where I have added  -ComputerName $Nic.__Server   to each Get-WmiObject command.\n \nSecond bug: misspelling of variable name $vlandID instead of $VlanID  (d in the middle)\n Small issues that I've corrected in my copy and will upload them..\n \nThanks.\nBZanten",
    "LastUpdatedDate": "2013-05-16T04:39:45.92-07:00",
    "PlannedForRelease": "",
    "ReleaseVisibleToPublic": false,
    "Priority": {
      "Name": "Low",
      "Severity": 50,
      "Id": 1
    },
    "ProjectName": "PSHyperv",
    "ReportedDate": "2010-02-11T07:37:17.007-08:00",
    "Status": {
      "Name": "Closed",
      "Id": 4
    },
    "ReasonClosed": {
      "Name": "Unassigned"
    },
    "Summary": "Get-VMNICVLAN and Set-VMNICVLAN do not run remote",
    "Type": {
      "Name": "Issue",
      "Id": 3
    },
    "VoteCount": 3,
    "Id": 6013
  },
  "FileAttachments": [
    {
      "FileId": 2293,
      "FileName": "pshyperv_BvZ.zip",
      "DownloadUrl": ".\\2293"
    },
    {
      "FileId": 2294,
      "FileName": "pshyperv_BvZ.zip",
      "DownloadUrl": ".\\2294"
    }
  ],
  "Comments": [
    {
      "Message": "Does anyone know when this will be fixed ??? ( No news since Feb. 11 )\r\nIt is vital to set VLANS in my enviroment ;-)\r\nPleeeese ....",
      "PostedDate": "2010-07-06T07:31:37.42-07:00",
      "Id": -2147483648
    },
    {
      "Message": "",
      "PostedDate": "2010-07-06T07:32:10.333-07:00",
      "Id": -2147483648
    },
    {
      "Message": "",
      "PostedDate": "2010-07-21T18:59:14.05-07:00",
      "Id": -2147483648
    },
    {
      "Message": "",
      "PostedDate": "2010-07-22T00:02:13.287-07:00",
      "Id": -2147483648
    },
    {
      "Message": "Here are my fixes to the above scripts\r\nAdditionally I've updated all keyword capitalization, and all scripts are signed.\r\n",
      "PostedDate": "2010-07-22T00:02:14.39-07:00",
      "Id": -2147483648
    },
    {
      "Message": "",
      "PostedDate": "2010-07-22T01:51:11.473-07:00",
      "Id": -2147483648
    },
    {
      "Message": "this updated script set also fixes issue 6944 where if $Server=\".\" was changed to if $Server -eq \".\"",
      "PostedDate": "2010-07-22T01:51:14.423-07:00",
      "Id": -2147483648
    },
    {
      "Message": "Under investigation expected to be fixed in the \"before March 1st 2011\" release",
      "PostedDate": "2011-02-04T04:10:15.91-08:00",
      "Id": -2147483648
    },
    {
      "Message": "",
      "PostedDate": "2011-03-10T13:17:38.1-08:00",
      "Id": -2147483648
    },
    {
      "Message": "",
      "PostedDate": "2013-02-21T17:24:36.77-08:00",
      "Id": -2147483648
    },
    {
      "Message": "",
      "PostedDate": "2013-05-16T04:39:45.92-07:00",
      "Id": -2147483648
    }
  ]
}