{
  "WorkItem": {
    "AffectedComponent": {
      "Name": "",
      "DisplayName": ""
    },
    "ClosedComment": "",
    "ClosedDate": "2008-08-18T16:25:54.737-07:00",
    "CommentCount": 0,
    "Custom": null,
    "Description": "Apply-VMSnapShot calls the WMI method \"ApplyVirtualSystemSnapshot\" which returns \"Invalid state for this operation if the VM is running\"\nIt would not be good for a VM to be stopped automatically to be reverted to a snapshot (if, say the wrong one was chosen), however options to say \"I know this VM is running, apply the snapshot and restart it\" or \"Apply a snap shot to this stopped VM and then start it\" are desirable \n \nThese will be added after realase 0.9",
    "LastUpdatedDate": "2013-05-16T04:39:49.553-07:00",
    "PlannedForRelease": "",
    "ReleaseVisibleToPublic": false,
    "Priority": {
      "Name": "Low",
      "Severity": 50,
      "Id": 1
    },
    "ProjectName": "PSHyperv",
    "ReportedDate": "2008-08-10T15:54:43.027-07:00",
    "Status": {
      "Name": "Closed",
      "Id": 4
    },
    "ReasonClosed": {
      "Name": "Unassigned"
    },
    "Summary": "Add -force and -start switches to apply-VMSnapshot",
    "Type": {
      "Name": "Issue",
      "Id": 3
    },
    "VoteCount": 1,
    "Id": 2844
  },
  "FileAttachments": [],
  "Comments": []
}