{
  "WorkItem": {
    "AffectedComponent": {
      "Name": "",
      "DisplayName": ""
    },
    "ClosedComment": "",
    "ClosedDate": "2009-01-30T17:52:13.087-08:00",
    "CommentCount": 0,
    "Custom": null,
    "Description": "Get-VMKVP only returns the intrinsic guest parameters, so for example if you add parameters on the guest to return back to the host you can't read them.\n \nI attached a version of Get-VMKVP with support for non-intrinsic guest parameters.",
    "LastUpdatedDate": "2013-05-16T04:39:48.17-07:00",
    "PlannedForRelease": "",
    "ReleaseVisibleToPublic": false,
    "Priority": {
      "Name": "Low",
      "Severity": 50,
      "Id": 1
    },
    "ProjectName": "PSHyperv",
    "ReportedDate": "2009-01-29T02:59:32.82-08:00",
    "Status": {
      "Name": "Closed",
      "Id": 4
    },
    "ReasonClosed": {
      "Name": "Unassigned"
    },
    "Summary": "Get-VMKVP does not support guest parameters (only intrinsic)",
    "Type": {
      "Name": "Feature",
      "Id": 1
    },
    "VoteCount": 1,
    "Id": 3722
  },
  "FileAttachments": [
    {
      "FileId": 1385,
      "FileName": "get-vmkvp.ps1",
      "DownloadUrl": ".\\1385"
    }
  ],
  "Comments": [
    {
      "Message": "Will look at this ASAP, James.",
      "PostedDate": "2009-01-29T16:39:15.633-08:00",
      "Id": -2147483648
    },
    {
      "Message": "",
      "PostedDate": "2009-01-29T16:39:38.527-08:00",
      "Id": -2147483648
    },
    {
      "Message": "I've added this 1.0a , thanks for the catch on that. ",
      "PostedDate": "2009-01-30T17:51:50.76-08:00",
      "Id": -2147483648
    },
    {
      "Message": "",
      "PostedDate": "2009-01-30T17:52:04.1-08:00",
      "Id": -2147483648
    },
    {
      "Message": "",
      "PostedDate": "2009-01-30T17:52:13.087-08:00",
      "Id": -2147483648
    },
    {
      "Message": "",
      "PostedDate": "2013-02-21T17:24:39.703-08:00",
      "Id": -2147483648
    },
    {
      "Message": "",
      "PostedDate": "2013-05-16T04:39:48.17-07:00",
      "Id": -2147483648
    }
  ]
}