{
  "WorkItem": {
    "AffectedComponent": {
      "Name": "",
      "DisplayName": ""
    },
    "ClosedComment": "",
    "ClosedDate": null,
    "CommentCount": 0,
    "Custom": null,
    "Description": "Hi there, weird issue.\nFirst, I found out that the default number of ports for that function (1024) differs from the default number of ports when using Hyper-V management console interactively. Is it \"by design\"? \nNow, the problem I face is that I deploy many servers from a remote console, and when creating a switch bridged on an external Ethernet adapter, there are no protocols selected in the switch,\nper \"Local Area Connection Properties\" dialog. The physical adapter is correctly enabled only for the Microsoft Virtual Network Switch Protocol.\nMaybe of interest, the physical adapter is on a Public network, by design of the solution I'm building.\nWhen I use the New-VMInternalSwitch, all the protocols (IPv4, IPv6, link layer, QoS, etc) are correctly selected on the switch.\nany idea?",
    "LastUpdatedDate": "2013-02-21T17:24:36.37-08:00",
    "PlannedForRelease": "",
    "ReleaseVisibleToPublic": false,
    "Priority": {
      "Name": "Low",
      "Severity": 50,
      "Id": 1
    },
    "ProjectName": "PSHyperv",
    "ReportedDate": "2010-03-10T09:30:02.653-08:00",
    "Status": {
      "Name": "Proposed",
      "Id": 1
    },
    "ReasonClosed": {
      "Name": "Unassigned"
    },
    "Summary": "New-VMExternalSwitch does not enable TCP/IP, protocols, on the switch !",
    "Type": {
      "Name": "Issue",
      "Id": 3
    },
    "VoteCount": 1,
    "Id": 6169
  },
  "FileAttachments": [],
  "Comments": [
    {
      "Message": "First the ports issue. The default was 1024, certainly on my 2008-R2 SP1 system it has gone up to  2048.\r\nI can't reproduce the problem with protocols, any more information you can share would help.",
      "PostedDate": "2011-03-18T18:02:32.873-07:00",
      "Id": -2147483648
    },
    {
      "Message": "",
      "PostedDate": "2013-02-21T17:24:36.37-08:00",
      "Id": -2147483648
    }
  ]
}