{
  "WorkItem": {
    "AffectedComponent": {
      "Name": "",
      "DisplayName": ""
    },
    "ClosedComment": "",
    "ClosedDate": null,
    "CommentCount": 0,
    "Custom": null,
    "Description": "In Windows 8, a PowerShell module for managing Hyper-V is included:\nhttp://technet.microsoft.com/library/hh848559.aspx\n \nHowever this module appears to only work with the version of Hyper-V included with Windows 8.\n \nTo minimise the scripting effort in a mixed environment of old and new Hyper-V hosts this module for the Server 2008 version Hyper-V should have aliases and basic wrapper functions added so that it has the same cmdlet names, accepts the same parameters and returns objects with the same properties wherever feasible.",
    "LastUpdatedDate": "2013-07-19T12:57:23.047-07:00",
    "PlannedForRelease": "",
    "ReleaseVisibleToPublic": false,
    "Priority": {
      "Name": "Low",
      "Severity": 50,
      "Id": 1
    },
    "ProjectName": "PSHyperv",
    "ReportedDate": "2012-04-04T03:51:40.36-07:00",
    "Status": {
      "Name": "Proposed",
      "Id": 1
    },
    "ReasonClosed": {
      "Name": "Unassigned"
    },
    "Summary": "Add a compatibility layer for the Windows 8 Hyper-V module",
    "Type": {
      "Name": "Issue",
      "Id": 3
    },
    "VoteCount": 3,
    "Id": 9284
  },
  "FileAttachments": [],
  "Comments": []
}