{
  "WorkItem": {
    "AffectedComponent": {
      "Name": "",
      "DisplayName": ""
    },
    "ClosedComment": "",
    "ClosedDate": "2009-01-30T19:05:14.89-08:00",
    "CommentCount": 0,
    "Custom": null,
    "Description": "When trying to use Add-VMKVP I get exception \"You cannot call a method on a null-valued expression\". This is due to a bug in PowerShell v1, see: \nhttp://blogs.msdn.com/powershell/archive/2008/08/12/some-wmi-instances-can-have-their-first-method-call-fail-and-get-member-not-work-in-powershell-v1.aspx\n \nThere is an easy workaround, just add this line of code in Add-VMKVP and Remove-VMKVP after the line \"$KvpItem.Source = 0\":\n$dummy = $KvpItem.PsObject.Properties",
    "LastUpdatedDate": "2013-05-16T04:39:48.3-07:00",
    "PlannedForRelease": "1.00b",
    "ReleaseVisibleToPublic": true,
    "Priority": {
      "Name": "Low",
      "Severity": 50,
      "Id": 1
    },
    "ProjectName": "PSHyperv",
    "ReportedDate": "2009-01-29T02:05:03.593-08:00",
    "Status": {
      "Name": "Closed",
      "Id": 4
    },
    "ReasonClosed": {
      "Name": "Unassigned"
    },
    "Summary": "Bug: Add-VMKVP: You cannot call a method on a null-valued expression",
    "Type": {
      "Name": "Issue",
      "Id": 3
    },
    "VoteCount": 1,
    "Id": 3721
  },
  "FileAttachments": [],
  "Comments": [
    {
      "Message": "Thanks for this, you'll see there is a comment coming about a 1.0a , I'll add this in. ",
      "PostedDate": "2009-01-29T16:38:10.853-08:00",
      "Id": -2147483648
    },
    {
      "Message": "",
      "PostedDate": "2009-01-29T16:40:28.913-08:00",
      "Id": -2147483648
    },
    {
      "Message": "This is the same problem which is mentiong her codplex.com/PSHyperv/WorkItem/View.aspx?WorkItemId=3727\r\n\r\nThe fix is applied with effect from 1.0b",
      "PostedDate": "2009-01-30T19:03:18.78-08:00",
      "Id": -2147483648
    },
    {
      "Message": "",
      "PostedDate": "2009-01-30T19:03:31.407-08:00",
      "Id": -2147483648
    },
    {
      "Message": "",
      "PostedDate": "2009-01-30T19:03:37.297-08:00",
      "Id": -2147483648
    },
    {
      "Message": "\r\n\r\n** Closed by jamesone 1/30/2009 7:03 PM",
      "PostedDate": "2009-01-30T19:04:57.53-08:00",
      "Id": -2147483648
    },
    {
      "Message": "",
      "PostedDate": "2009-01-30T19:04:57.907-08:00",
      "Id": -2147483648
    },
    {
      "Message": "",
      "PostedDate": "2009-01-30T19:05:06.89-08:00",
      "Id": -2147483648
    },
    {
      "Message": "",
      "PostedDate": "2009-01-30T19:05:14.89-08:00",
      "Id": -2147483648
    },
    {
      "Message": "",
      "PostedDate": "2013-02-21T17:24:39.9-08:00",
      "Id": -2147483648
    },
    {
      "Message": "",
      "PostedDate": "2013-05-16T04:39:48.3-07:00",
      "Id": -2147483648
    }
  ]
}