{
  "WorkItem": {
    "AffectedComponent": {
      "Name": "",
      "DisplayName": ""
    },
    "ClosedComment": "",
    "ClosedDate": null,
    "CommentCount": 0,
    "Custom": null,
    "Description": "Hi All,\n\nI have downloaded pshyperv scripts from https://pshyperv.codeplex.com/ and installed in my hyperv server 2012 r2 machine. When I say Get-Module -ListAvailable from my hyperv server, it shows that hyperv module. I also imported it without any errors. After importing hyperv module, none of the commands are working. Not even a single command in hyperv module. If i use get-vm or get-vmprocessor , it says , Get-WmiObject: Invalid class \"MSVM_ComputerSystem\". I used Get-VMSwitch and it says, Invalid class \"MSVM_VirtualSwitch\" . I dont find MSVM_ComputerSystem Class in gwmi -list -namespace \"root\\virtualization\". Am I missing something or should I install something else?\n\nChaitanya.",
    "LastUpdatedDate": "2014-10-15T13:11:28.493-07:00",
    "PlannedForRelease": "",
    "ReleaseVisibleToPublic": false,
    "Priority": {
      "Name": "Unassigned",
      "Severity": 0,
      "Id": 0
    },
    "ProjectName": "PSHyperv",
    "ReportedDate": "2014-06-18T21:21:20.167-07:00",
    "Status": {
      "Name": "Proposed",
      "Id": 1
    },
    "ReasonClosed": {
      "Name": "Unassigned"
    },
    "Summary": "Pshyperv not working in hyperv 2012 r2",
    "Type": {
      "Name": "Unassigned",
      "Id": 5
    },
    "VoteCount": 3,
    "Id": 10659
  },
  "FileAttachments": [],
  "Comments": []
}