{
  "WorkItem": {
    "AffectedComponent": {
      "Name": "",
      "DisplayName": ""
    },
    "ClosedComment": "Not an issue with this project.",
    "ClosedDate": "2009-12-08T15:53:58.687-08:00",
    "CommentCount": 0,
    "Custom": null,
    "Description": "The term 'Import-Module' is not recognized as a cmdlet, function, operable program, or script file. Verify the term and try again.  \nAt line:1 char:14\n+ Import-Module <<<<  'C:\\Program Files\\modules\\Hyperv'\n \nDoes anyone have any suggestions?",
    "LastUpdatedDate": "2013-05-16T04:39:46.513-07:00",
    "PlannedForRelease": "",
    "ReleaseVisibleToPublic": false,
    "Priority": {
      "Name": "Low",
      "Severity": 50,
      "Id": 1
    },
    "ProjectName": "PSHyperv",
    "ReportedDate": "2009-11-02T18:40:00.203-08:00",
    "Status": {
      "Name": "Closed",
      "Id": 4
    },
    "ReasonClosed": {
      "Name": "Unassigned"
    },
    "Summary": "Import-Module doesn't work",
    "Type": {
      "Name": "Issue",
      "Id": 3
    },
    "VoteCount": 2,
    "Id": 5408
  },
  "FileAttachments": [],
  "Comments": [
    {
      "Message": "I'm going to close this issue. Import-Module is a PowerShell V2 command. If you are running V1 you need to use the old version of the library. The new version requires V2. ",
      "PostedDate": "2009-12-08T15:51:40.413-08:00",
      "Id": -2147483648
    },
    {
      "Message": "",
      "PostedDate": "2009-12-08T15:53:58.687-08:00",
      "Id": -2147483648
    },
    {
      "Message": "",
      "PostedDate": "2013-02-21T17:24:37.56-08:00",
      "Id": -2147483648
    },
    {
      "Message": "",
      "PostedDate": "2013-05-16T04:39:46.513-07:00",
      "Id": -2147483648
    }
  ]
}