{
  "WorkItem": {
    "AffectedComponent": {
      "Name": "",
      "DisplayName": ""
    },
    "ClosedComment": "",
    "ClosedDate": null,
    "CommentCount": 0,
    "Custom": null,
    "Description": "for example the scirpt generates statement \n.\n.\n$NIC = Add-VMNIC              -VM   $VM  -GUID {testuid}\n.\n.\nAdd-VMDisk                    -Dri  $Drv -Path C:\\ClusterStorage\\volume1\\Testpath in csv\\template_disk_1.vhd -OpticalDrive:$False\nthese statmentsdosen´t work for import the vm\nafter changeing the statements to\n$NIC = Add-VMNIC              -VM   $VM  -GUID '{testuid}' \nand \nAdd-VMDisk                    -Dri  $Drv -Path 'C:\\ClusterStorage\\volume1\\Testpath in csv\\template_disk_1.vhd' -OpticalDrive:$False\n \nthe importskripts works fine.\nthanks for the script.",
    "LastUpdatedDate": "2013-02-21T17:24:32.287-08:00",
    "PlannedForRelease": "",
    "ReleaseVisibleToPublic": false,
    "Priority": {
      "Name": "Low",
      "Severity": 50,
      "Id": 1
    },
    "ProjectName": "PSHyperv",
    "ReportedDate": "2011-06-21T23:29:47.257-07:00",
    "Status": {
      "Name": "Proposed",
      "Id": 1
    },
    "ReasonClosed": {
      "Name": "Unassigned"
    },
    "Summary": "get-vmbuildscript  without '' in param -GUID -Path",
    "Type": {
      "Name": "Issue",
      "Id": 3
    },
    "VoteCount": 1,
    "Id": 8387
  },
  "FileAttachments": [],
  "Comments": []
}