{
  "WorkItem": {
    "AffectedComponent": {
      "Name": "",
      "DisplayName": ""
    },
    "ClosedComment": "",
    "ClosedDate": "2009-01-26T13:01:47.64-08:00",
    "CommentCount": 0,
    "Custom": null,
    "Description": "hyperv.ps1 v1.00:\n...\nLine 448: ... Like 'Virtual%' \"\n...\n \nNot sure how to confirm Hyper-V versions and all, but I have to modify line 448 to:\n... Like '%Virtual%' \"\n \nIssue existed in version 0.95 also.",
    "LastUpdatedDate": "2013-05-16T04:39:48.48-07:00",
    "PlannedForRelease": "",
    "ReleaseVisibleToPublic": false,
    "Priority": {
      "Name": "Low",
      "Severity": 50,
      "Id": 1
    },
    "ProjectName": "PSHyperv",
    "ReportedDate": "2009-01-26T08:05:58.137-08:00",
    "Status": {
      "Name": "Closed",
      "Id": 4
    },
    "ReasonClosed": {
      "Name": "Unassigned"
    },
    "Summary": "1.00: Get-VM function issue",
    "Type": {
      "Name": "Feature",
      "Id": 1
    },
    "VoteCount": 1,
    "Id": 3677
  },
  "FileAttachments": [],
  "Comments": [
    {
      "Message": "Sorry, that was \"0.95a\"...  This would also address the issues other were seeing where things like get-vm itself, of course, and ping-vm were broken or seemed to be for other users.",
      "PostedDate": "2009-01-26T08:11:58.583-08:00",
      "Id": -2147483648
    },
    {
      "Message": "Can you do \r\n Get-WmiObject -NameSpace \"root\\virtualization\" -Query \"Select * From MsVM_ComputerSystem\"  | FT elementName, Caption \r\n\r\nand let me know what you get ? Everything that I've got has \"Virtual Machine\" in the caption field. \r\n\r\nMany things depend on Get-VM so if this is not matching on lots of systems I need to change it proto\r\n",
      "PostedDate": "2009-01-26T09:45:35.123-08:00",
      "Id": -2147483648
    },
    {
      "Message": "Yup, this was due to me not having installed KB950050.  Once I had that installed, all was well.\r\n\r\nClosed...",
      "PostedDate": "2009-01-26T11:30:26.833-08:00",
      "Id": -2147483648
    },
    {
      "Message": "",
      "PostedDate": "2009-01-26T13:01:38.42-08:00",
      "Id": -2147483648
    },
    {
      "Message": "",
      "PostedDate": "2009-01-26T13:01:47.64-08:00",
      "Id": -2147483648
    },
    {
      "Message": "",
      "PostedDate": "2013-02-21T17:24:40.35-08:00",
      "Id": -2147483648
    },
    {
      "Message": "",
      "PostedDate": "2013-05-16T04:39:48.48-07:00",
      "Id": -2147483648
    }
  ]
}