{
  "WorkItem": {
    "AffectedComponent": {
      "Name": "",
      "DisplayName": ""
    },
    "ClosedComment": "",
    "ClosedDate": null,
    "CommentCount": 0,
    "Custom": null,
    "Description": "The otherwise well-constructed manual has no page numbers, which makes it difficult to use as a printed reference.",
    "LastUpdatedDate": "2013-02-21T17:24:34.707-08:00",
    "PlannedForRelease": "",
    "ReleaseVisibleToPublic": false,
    "Priority": {
      "Name": "Low",
      "Severity": 50,
      "Id": 1
    },
    "ProjectName": "PSHyperv",
    "ReportedDate": "2011-01-18T07:26:07.777-08:00",
    "Status": {
      "Name": "Proposed",
      "Id": 1
    },
    "ReasonClosed": {
      "Name": "Unassigned"
    },
    "Summary": "Manual has no page number",
    "Type": {
      "Name": "Issue",
      "Id": 3
    },
    "VoteCount": 2,
    "Id": 7823
  },
  "FileAttachments": [],
  "Comments": [
    {
      "Message": "This will be fixed with the next revision of the Manual which should be released before 1st March 2011",
      "PostedDate": "2011-02-04T02:28:48.66-08:00",
      "Id": -2147483648
    },
    {
      "Message": "",
      "PostedDate": "2011-05-23T07:24:08.25-07:00",
      "Id": -2147483648
    },
    {
      "Message": "",
      "PostedDate": "2013-02-21T17:24:34.707-08:00",
      "Id": -2147483648
    }
  ]
}