{
  "WorkItem": {
    "AffectedComponent": {
      "Name": "",
      "DisplayName": ""
    },
    "ClosedComment": "",
    "ClosedDate": "2009-12-08T15:58:23.463-08:00",
    "CommentCount": 0,
    "Custom": null,
    "Description": "Hi,\n \nWhile trying to start using the R2 Beta-1 release I found a couple of possible typos in the distributed files.\n \n1) In the hyperv.psd1 file, there is a comma after \"menu1.ps1\"\n \n2) In the VMConfig.ps1 file, the text \"edit\" is on line (approx) 76.\n \nUntil I removed the comma and \"edit\" I couldn't complete the import-module command.\n \nthanks!\n \nMartin",
    "LastUpdatedDate": "2013-05-16T04:39:46.677-07:00",
    "PlannedForRelease": "",
    "ReleaseVisibleToPublic": false,
    "Priority": {
      "Name": "Low",
      "Severity": 50,
      "Id": 1
    },
    "ProjectName": "PSHyperv",
    "ReportedDate": "2009-10-28T12:58:28.613-07:00",
    "Status": {
      "Name": "Closed",
      "Id": 4
    },
    "ReasonClosed": {
      "Name": "Unassigned"
    },
    "Summary": "R2 beta apparent typos",
    "Type": {
      "Name": "Issue",
      "Id": 3
    },
    "VoteCount": 1,
    "Id": 5357
  },
  "FileAttachments": [],
  "Comments": [
    {
      "Message": "I see that these are both fixed in the latest file versions from source control.",
      "PostedDate": "2009-10-28T13:03:15.573-07:00",
      "Id": -2147483648
    },
    {
      "Message": "",
      "PostedDate": "2009-12-08T15:57:55.237-08:00",
      "Id": -2147483648
    },
    {
      "Message": "",
      "PostedDate": "2009-12-08T15:58:23.463-08:00",
      "Id": -2147483648
    },
    {
      "Message": "",
      "PostedDate": "2013-02-21T17:24:37.743-08:00",
      "Id": -2147483648
    },
    {
      "Message": "",
      "PostedDate": "2013-05-16T04:39:46.677-07:00",
      "Id": -2147483648
    }
  ]
}