{
  "WorkItem": {
    "AffectedComponent": {
      "Name": "",
      "DisplayName": ""
    },
    "ClosedComment": "",
    "ClosedDate": "2011-02-04T03:57:54.75-08:00",
    "CommentCount": 0,
    "Custom": null,
    "Description": "I'm quite new when it comes to both Hyper-V and Powershell. When I try importing the Hyper-V module into powershell, I receive the below error:\n \nPS C:\\Users\\Administrator> Import-Module 'C:\\Program Files\\modules\\HyperV\\HyperV.psd1'\n \nSecurity Warning\nRun only scripts that you trust. While scripts from the Internet can be useful, this script can\npotentially harm your computer. Do you want to run C:\\Program\nFiles\\modules\\HyperV\\hyperv.Format.ps1xml?\n[D] Do not run  [R] Run once  [S] Suspend  [?] Help (default is \"D\"): R\nImport-Module : There were errors in loading the format data file:\nMicrosoft.PowerShell, C:\\Program Files\\modules\\HyperV\\hyperv.Format.ps1xml : File skipped because it was already presen\nt from \"Microsoft.PowerShell\".\nAt line:1 char:14\n+ Import-Module <<<<  'C:\\Program Files\\modules\\HyperV\\HyperV.psd1'\n    + CategoryInfo          : InvalidOperation: (:) [Import-Module], RuntimeException\n    + FullyQualifiedErrorId : FormatXmlUpateException,Microsoft.PowerShell.Commands.ImportModuleCommand\n \n \nSecurity Warning\nRun only scripts that you trust. While scripts from the Internet can be useful, this script can\npotentially harm your computer. Do you want to run C:\\Program Files\\modules\\HyperV\\en-us.ps1?\n[D] Do not run  [R] Run once  [S] Suspend  [?] Help (default is \"D\"): R\nUnrecognized token in source text.\nAt C:\\Program Files\\modules\\HyperV\\en-us.ps1:197 char:10\n+ Add-Type  <<<< @\"\n    + CategoryInfo          : ParserError: (:) [], ParentContainsErrorRecordException\n    + FullyQualifiedErrorId : UnrecognizedToken\n \nImport-Module : The module to process 'C:\\Program Files\\modules\\HyperV\\HyperV.psd1', listed in module manifest 'C:\\Prog\nram Files\\modules\\HyperV\\HyperV.psd1' was not processed because no valid module was found in any module directory.\nAt line:1 char:14\n+ Import-Module <<<<  'C:\\Program Files\\modules\\HyperV\\HyperV.psd1'\n    + CategoryInfo          : ResourceUnavailable: (C:\\Program File...erV\\HyperV.psd1:String) [Import-Module], FileNot\n   FoundException\n    + FullyQualifiedErrorId : Modules_ModuleFileNotFound,Microsoft.PowerShell.Commands.ImportModuleCommand\n \n \nAs an FYI, I did set the execution policy to unrestricted.\n \nThanks for your help!\nJeffrey",
    "LastUpdatedDate": "2013-05-16T04:39:46.05-07:00",
    "PlannedForRelease": "",
    "ReleaseVisibleToPublic": false,
    "Priority": {
      "Name": "Low",
      "Severity": 50,
      "Id": 1
    },
    "ProjectName": "PSHyperv",
    "ReportedDate": "2010-01-19T15:58:07.33-08:00",
    "Status": {
      "Name": "Closed",
      "Id": 4
    },
    "ReasonClosed": {
      "Name": "Unassigned"
    },
    "Summary": "Import-Module error",
    "Type": {
      "Name": "Issue",
      "Id": 3
    },
    "VoteCount": 1,
    "Id": 5763
  },
  "FileAttachments": [],
  "Comments": [
    {
      "Message": "No response from the author?  Bad form!  Have the same exact issue, guess the author has given up on this code?",
      "PostedDate": "2010-11-08T17:21:25.48-08:00",
      "Id": -2147483648
    },
    {
      "Message": "See the comment from MikeH2010 on the Downloads page:\r\n\r\nSave the install zip-file to a local folder. After downloading open the properties of the file and click on unblock. Otherweise you will get an error when installing with the file hyperv.Format.ps1xml mentioned.",
      "PostedDate": "2010-12-14T03:00:51.82-08:00",
      "Id": -2147483648
    },
    {
      "Message": "Schorschi - I had to leave the code for a while, but I had never given up on it.  If you read the documentation I think I made it clear. \r\nDownload the ZIP file.  Go to file properties and \"Unblock\" the zip, otherwise when you unzip it all the files will be flagged \"from the internet\"\r\nCopy the files to a folder on the $env:PsModulePath  path. \r\nThey are not signed. Either validate the files and sign them yourself (these haven't been released by Microsoft but by me, and \"Signed by James\" has zero value) OR set your Powershell execution Policy to RemoteSigned (get-help set-execution policy).\r\n",
      "PostedDate": "2011-02-04T03:57:05.86-08:00",
      "Id": -2147483648
    },
    {
      "Message": "",
      "PostedDate": "2011-02-04T03:57:54.75-08:00",
      "Id": -2147483648
    },
    {
      "Message": "",
      "PostedDate": "2013-02-21T17:24:36.957-08:00",
      "Id": -2147483648
    },
    {
      "Message": "",
      "PostedDate": "2013-05-16T04:39:46.05-07:00",
      "Id": -2147483648
    }
  ]
}