{
  "WorkItem": {
    "AffectedComponent": {
      "Name": "",
      "DisplayName": ""
    },
    "ClosedComment": "",
    "ClosedDate": "2008-07-12T09:39:00.11-07:00",
    "CommentCount": 0,
    "Custom": null,
    "Description": "There is code to generate exports but it is flagged as incomplete, similarly there code to generate a backup script but this is not complete either.",
    "LastUpdatedDate": "2013-05-16T04:39:50.467-07:00",
    "PlannedForRelease": "0.8.1 beta",
    "ReleaseVisibleToPublic": false,
    "Priority": {
      "Name": "Low",
      "Severity": 50,
      "Id": 1
    },
    "ProjectName": "PSHyperv",
    "ReportedDate": "2008-06-17T07:41:44.687-07:00",
    "Status": {
      "Name": "Closed",
      "Id": 4
    },
    "ReasonClosed": {
      "Name": "Unassigned"
    },
    "Summary": "Export and Backup not complete",
    "Type": {
      "Name": "Issue",
      "Id": 3
    },
    "VoteCount": 2,
    "Id": 2439
  },
  "FileAttachments": [],
  "Comments": [
    {
      "Message": "Done in Version 0.9\r\n\r\n** Closed by jamesone 7/8/2008 7:20 AM",
      "PostedDate": "2008-07-12T09:38:37.61-07:00",
      "Id": -2147483648
    },
    {
      "Message": "",
      "PostedDate": "2008-07-12T09:38:37.97-07:00",
      "Id": -2147483648
    },
    {
      "Message": "",
      "PostedDate": "2008-07-12T09:38:52.377-07:00",
      "Id": -2147483648
    },
    {
      "Message": "",
      "PostedDate": "2008-07-12T09:39:00.11-07:00",
      "Id": -2147483648
    },
    {
      "Message": "",
      "PostedDate": "2013-02-21T17:24:43.32-08:00",
      "Id": -2147483648
    },
    {
      "Message": "",
      "PostedDate": "2013-05-16T04:39:50.467-07:00",
      "Id": -2147483648
    }
  ]
}