{
  "WorkItem": {
    "AffectedComponent": {
      "Name": "",
      "DisplayName": ""
    },
    "ClosedComment": "This change has been incorporated in R2 &#40;Possibly earlier&#41;",
    "ClosedDate": "2009-12-08T16:11:19.203-08:00",
    "CommentCount": 0,
    "Custom": null,
    "Description": "If the file name is passed to any of these function is a name without a path the functions attempt to add the default path from the local server. If the function is being used with a -Server switch this may cause an error,  the fix is to replace Get-VHDDefaultPath in these functions with (Get-VHDDefaultPath -Server $server) , or to specify a fully qualified path when calling the functions",
    "LastUpdatedDate": "2013-05-16T04:39:47.893-07:00",
    "PlannedForRelease": "",
    "ReleaseVisibleToPublic": false,
    "Priority": {
      "Name": "Low",
      "Severity": 50,
      "Id": 1
    },
    "ProjectName": "PSHyperv",
    "ReportedDate": "2009-02-01T07:22:41.137-08:00",
    "Status": {
      "Name": "Closed",
      "Id": 4
    },
    "ReasonClosed": {
      "Name": "Unassigned"
    },
    "Summary": "Using  VHD and VFD commands remotely requires full path",
    "Type": {
      "Name": "Issue",
      "Id": 3
    },
    "VoteCount": 1,
    "Id": 3734
  },
  "FileAttachments": [],
  "Comments": []
}