{
  "WorkItem": {
    "AffectedComponent": {
      "Name": "",
      "DisplayName": ""
    },
    "ClosedComment": "",
    "ClosedDate": "2009-01-26T13:03:23.293-08:00",
    "CommentCount": 0,
    "Custom": null,
    "Description": "There is no code to create a new Virtual network switch and bind a physical NIC to it.",
    "LastUpdatedDate": "2013-05-16T04:39:50.313-07:00",
    "PlannedForRelease": "",
    "ReleaseVisibleToPublic": false,
    "Priority": {
      "Name": "Low",
      "Severity": 50,
      "Id": 1
    },
    "ProjectName": "PSHyperv",
    "ReportedDate": "2008-06-25T06:25:42.513-07:00",
    "Status": {
      "Name": "Closed",
      "Id": 4
    },
    "ReasonClosed": {
      "Name": "Unassigned"
    },
    "Summary": "Create new Switch",
    "Type": {
      "Name": "Issue",
      "Id": 3
    },
    "VoteCount": 1,
    "Id": 2564
  },
  "FileAttachments": [],
  "Comments": [
    {
      "Message": "This appears in versions after 0.9. At present there is nothing to remove a switch",
      "PostedDate": "2008-08-06T13:35:49.433-07:00",
      "Id": -2147483648
    },
    {
      "Message": "",
      "PostedDate": "2008-08-06T13:36:22.713-07:00",
      "Id": -2147483648
    },
    {
      "Message": "",
      "PostedDate": "2009-01-26T13:03:23.293-08:00",
      "Id": -2147483648
    },
    {
      "Message": "",
      "PostedDate": "2013-02-21T17:24:42.887-08:00",
      "Id": -2147483648
    },
    {
      "Message": "",
      "PostedDate": "2013-05-16T04:39:50.313-07:00",
      "Id": -2147483648
    }
  ]
}