{
  "WorkItem": {
    "AffectedComponent": {
      "Name": "Set-VMDisk.ps1",
      "DisplayName": "Set-VMDisk.ps1"
    },
    "ClosedComment": "Fixed , long overdue to be close",
    "ClosedDate": "2011-03-10T13:21:57.333-08:00",
    "CommentCount": 0,
    "Custom": null,
    "Description": "Hi, I have tried the Set-VMDisk to mount the dvd drive on my vm \"abc\" by the following command:\n \nSet-VMDisk \"abc\" 1 1 (Get-WmiObject -Query \"Select * From win32_cdromdrive Where ID='D:' \" ).deviceID\n \nhowever I got the following error:",
    "LastUpdatedDate": "2013-05-16T04:39:46.317-07:00",
    "PlannedForRelease": "",
    "ReleaseVisibleToPublic": false,
    "Priority": {
      "Name": "Low",
      "Severity": 50,
      "Id": 1
    },
    "ProjectName": "PSHyperv",
    "ReportedDate": "2009-11-17T03:19:26.413-08:00",
    "Status": {
      "Name": "Closed",
      "Id": 4
    },
    "ReasonClosed": {
      "Name": "Unassigned"
    },
    "Summary": "Set-VMDisk Problem",
    "Type": {
      "Name": "Issue",
      "Id": 3
    },
    "VoteCount": 1,
    "Id": 5474
  },
  "FileAttachments": [
    {
      "FileId": 1810,
      "FileName": "1.jpg",
      "DownloadUrl": ".\\1810"
    }
  ],
  "Comments": [
    {
      "Message": "I've fixed something similar in add-vmdisk for RC2 , I'll fix this for the final release",
      "PostedDate": "2009-12-08T15:57:00.413-08:00",
      "Id": -2147483648
    },
    {
      "Message": "",
      "PostedDate": "2011-03-10T13:21:57.333-08:00",
      "Id": -2147483648
    },
    {
      "Message": "I am getting this same error using the same command as the original commenter.  I am running Hyper-V Server R2 SP1 and using the latest library download for R2 SP1.  The only difference is the error trace shows the error on line 57 in the new script (was line 56 in the original).  Can you please help?  Thanks.",
      "PostedDate": "2011-09-06T13:28:17.28-07:00",
      "Id": -2147483648
    },
    {
      "Message": "",
      "PostedDate": "2013-02-21T17:24:37.363-08:00",
      "Id": -2147483648
    },
    {
      "Message": "",
      "PostedDate": "2013-05-16T04:39:46.317-07:00",
      "Id": -2147483648
    }
  ]
}