{
  "WorkItem": {
    "AffectedComponent": {
      "Name": "",
      "DisplayName": ""
    },
    "ClosedComment": "Fixed in 1.0c",
    "ClosedDate": "2009-09-03T10:22:04.453-07:00",
    "CommentCount": 0,
    "Custom": null,
    "Description": "In v1.00b there looks to be a bug on line 107:\n \nif ($VM -is [Array])  {$VM | ForEach-Object {Add-KVP -VM $_ -Server $Server -key $Key -Value $value } }\n \nlooks like it should be Add-VMKVP rather than Add-KVP?\n \nI've not been using this part of the code but was looking at how you were handling input validation, i do like it, simple & well structured.\n \nIain",
    "LastUpdatedDate": "2013-05-16T04:39:47.463-07:00",
    "PlannedForRelease": "",
    "ReleaseVisibleToPublic": false,
    "Priority": {
      "Name": "Low",
      "Severity": 50,
      "Id": 1
    },
    "ProjectName": "PSHyperv",
    "ReportedDate": "2009-05-21T04:53:54.407-07:00",
    "Status": {
      "Name": "Closed",
      "Id": 4
    },
    "ReasonClosed": {
      "Name": "Unassigned"
    },
    "Summary": "Minor bug - Add-VMKVP & iterating",
    "Type": {
      "Name": "Issue",
      "Id": 3
    },
    "VoteCount": 1,
    "Id": 4077
  },
  "FileAttachments": [],
  "Comments": [
    {
      "Message": "Thanks this is fixed in 1.0c",
      "PostedDate": "2009-09-03T10:21:46.86-07:00",
      "Id": -2147483648
    },
    {
      "Message": "",
      "PostedDate": "2009-09-03T10:22:04.453-07:00",
      "Id": -2147483648
    },
    {
      "Message": "",
      "PostedDate": "2013-02-21T17:24:38.753-08:00",
      "Id": -2147483648
    },
    {
      "Message": "",
      "PostedDate": "2013-05-16T04:39:47.463-07:00",
      "Id": -2147483648
    }
  ]
}