{
  "WorkItem": {
    "AffectedComponent": {
      "Name": "",
      "DisplayName": ""
    },
    "ClosedComment": "Propose no fix - otherwise all standard powershell V2 cmdlets would need to be specified in this way , to avoid the risk of clashing. ",
    "ClosedDate": "2009-12-08T16:02:29.717-08:00",
    "CommentCount": 0,
    "Custom": null,
    "Description": "There is a conflict with the PSCX\\Start-Process and the inbuilt Microsoft.PowerShell.Management\\Start-Process on the New-VMConnectSession on line 17. Suggest that the full name for the start-process is used to avoid this conflict if you have the PSCX installed.",
    "LastUpdatedDate": "2013-05-16T04:39:46.813-07:00",
    "PlannedForRelease": "",
    "ReleaseVisibleToPublic": false,
    "Priority": {
      "Name": "Low",
      "Severity": 50,
      "Id": 1
    },
    "ProjectName": "PSHyperv",
    "ReportedDate": "2009-10-12T18:32:41.227-07:00",
    "Status": {
      "Name": "Closed",
      "Id": 4
    },
    "ReasonClosed": {
      "Name": "Unassigned"
    },
    "Summary": "Conflict with PSCX in New-VMConnectSession",
    "Type": {
      "Name": "Issue",
      "Id": 3
    },
    "VoteCount": 1,
    "Id": 5224
  },
  "FileAttachments": [],
  "Comments": []
}