{
  "WorkItem": {
    "AffectedComponent": {
      "Name": "",
      "DisplayName": ""
    },
    "ClosedComment": "Fixed in SP1",
    "ClosedDate": "2011-03-10T11:28:52.76-08:00",
    "CommentCount": 0,
    "Custom": null,
    "Description": "Current validation rules for the size prevent creation of VMs with the disk larger than 127GB.\n \nAdd-VMNewHardDisk has $Size parameter defined as \n \n        [ValidateRange(1,127GB)]\n        [long]$Size = 127GB,\n \nwhich should be \n \n        [ValidateRange(1GB,2040GB)]\n        [long]$Size = 127GB,\n \nin line with New-VHD function.",
    "LastUpdatedDate": "2013-05-16T04:39:44.11-07:00",
    "PlannedForRelease": "",
    "ReleaseVisibleToPublic": false,
    "Priority": {
      "Name": "Low",
      "Severity": 50,
      "Id": 1
    },
    "ProjectName": "PSHyperv",
    "ReportedDate": "2011-03-08T21:41:07.98-08:00",
    "Status": {
      "Name": "Closed",
      "Id": 4
    },
    "ReasonClosed": {
      "Name": "Unassigned"
    },
    "Summary": "Disk size parameter is incorrectly limited to 127GB in Add-VMNewHardDisk function",
    "Type": {
      "Name": "Issue",
      "Id": 3
    },
    "VoteCount": 1,
    "Id": 7999
  },
  "FileAttachments": [],
  "Comments": [
    {
      "Message": "This has been changed for the SP1 release",
      "PostedDate": "2011-03-10T11:28:20.643-08:00",
      "Id": -2147483648
    },
    {
      "Message": "",
      "PostedDate": "2011-03-10T11:28:52.76-08:00",
      "Id": -2147483648
    },
    {
      "Message": "",
      "PostedDate": "2013-02-21T17:24:33.71-08:00",
      "Id": -2147483648
    },
    {
      "Message": "",
      "PostedDate": "2013-05-16T04:39:44.11-07:00",
      "Id": -2147483648
    }
  ]
}