{
  "WorkItem": {
    "AffectedComponent": {
      "Name": "",
      "DisplayName": ""
    },
    "ClosedComment": "This should be posted in the discussions area. Start with Get-VM does it return any VMs &#63; ",
    "ClosedDate": "2011-03-10T11:44:14.32-08:00",
    "CommentCount": 0,
    "Custom": null,
    "Description": "Hi everybody\nThis would be a big help for me this tool BUT: when I started with the installation and it first came up with the powershell screen, I was able to send commands and it worked. \n \nNow, when I start my powershell I do this steps, but nothing happens:\nImport-Module HyperV\nStop-VM -VM Test_Computer\n--> no reaction, no question, if I really would like to stop the VM, no stopping action in Hyper-V Manager...\n \nDoes anybody know, what's the problem?\nThanks\nASchwerzmann",
    "LastUpdatedDate": "2013-05-16T04:39:44.283-07:00",
    "PlannedForRelease": "",
    "ReleaseVisibleToPublic": false,
    "Priority": {
      "Name": "Low",
      "Severity": 50,
      "Id": 1
    },
    "ProjectName": "PSHyperv",
    "ReportedDate": "2011-02-23T02:26:35.223-08:00",
    "Status": {
      "Name": "Closed",
      "Id": 4
    },
    "ReasonClosed": {
      "Name": "Unassigned"
    },
    "Summary": "No reaction at all to commands",
    "Type": {
      "Name": "Issue",
      "Id": 3
    },
    "VoteCount": 1,
    "Id": 7954
  },
  "FileAttachments": [],
  "Comments": []
}