{
  "WorkItem": {
    "AffectedComponent": {
      "Name": "",
      "DisplayName": ""
    },
    "ClosedComment": "This problem has been addressed in the SP1 release",
    "ClosedDate": "2011-03-10T13:39:11.54-08:00",
    "CommentCount": 0,
    "Custom": null,
    "Description": "If I call this for creating a new VHD on a remote server, and specify a full path on a drive that exists remotely but where the drive does not exist locally the split-path function call fails here:\n \nif ($vhdpath.StartsWith(\".\\\")) {$VhDpath= join-path $PWD $vhdPath.Substring(2)  }\nelse                           { if ((split-path $VHDPath)  -eq \"\" ) {$vhdPath  = join-path (Get-VhdDefaultPath $Server) $vhdPath } }\n \nIf I comment it out and ensure the parameters are correct then the call will succeed, I figure that split-path is testing against the local configuration, rather than just manipulating the strings.",
    "LastUpdatedDate": "2013-05-16T04:39:47.61-07:00",
    "PlannedForRelease": "",
    "ReleaseVisibleToPublic": false,
    "Priority": {
      "Name": "Low",
      "Severity": 50,
      "Id": 1
    },
    "ProjectName": "PSHyperv",
    "ReportedDate": "2009-04-03T06:29:53.43-07:00",
    "Status": {
      "Name": "Closed",
      "Id": 4
    },
    "ReasonClosed": {
      "Name": "Unassigned"
    },
    "Summary": "New-VHD on remote servers",
    "Type": {
      "Name": "Issue",
      "Id": 3
    },
    "VoteCount": 3,
    "Id": 3968
  },
  "FileAttachments": [],
  "Comments": [
    {
      "Message": "This Problem still apears in the New-VHD Command in Line 837 (disk.ps1). Even other commands use Split-Path, which is the cause of this Problem\r\nSplit-Path checks if the Volume exists.\r\nOn Local Systems this is ok, but not on Remote.\r\n\r\nbecause we cannot change the command Split-Path, it should be implemented, to the commands, not to use Split-Path or add an option (-nocheck) to work arround these Problems.",
      "PostedDate": "2009-11-22T12:00:08.69-08:00",
      "Id": -2147483648
    },
    {
      "Message": "I will test this. No change has been made for the RC2 release ",
      "PostedDate": "2009-12-08T16:14:30.383-08:00",
      "Id": -2147483648
    },
    {
      "Message": "",
      "PostedDate": "2010-09-10T07:17:34.827-07:00",
      "Id": -2147483648
    },
    {
      "Message": "any workarounds in sight ? I'm blocked at diff VHD creation time on a similar situation, with script running on a machine with C: only, and trying to create a VHD remotely on a F: disk. How-to ? \r\nthx,\r\nLB",
      "PostedDate": "2010-09-10T07:20:52.957-07:00",
      "Id": -2147483648
    },
    {
      "Message": "",
      "PostedDate": "2011-03-10T13:39:11.54-08:00",
      "Id": -2147483648
    },
    {
      "Message": "",
      "PostedDate": "2013-02-21T17:24:38.943-08:00",
      "Id": -2147483648
    },
    {
      "Message": "",
      "PostedDate": "2013-05-16T04:39:47.61-07:00",
      "Id": -2147483648
    }
  ]
}