{
  "WorkItem": {
    "AffectedComponent": {
      "Name": "",
      "DisplayName": ""
    },
    "ClosedComment": "",
    "ClosedDate": null,
    "CommentCount": 0,
    "Custom": null,
    "Description": "I have downloaded and tried installing.  Somehow it was not able to invoke the registry entries. Is there a way to uninstall/remove the pshyper library.\n\nthanks",
    "LastUpdatedDate": "2013-11-19T11:50:41.403-08:00",
    "PlannedForRelease": "",
    "ReleaseVisibleToPublic": false,
    "Priority": {
      "Name": "Unassigned",
      "Severity": 0,
      "Id": 0
    },
    "ProjectName": "PSHyperv",
    "ReportedDate": "2013-11-19T11:50:41.403-08:00",
    "Status": {
      "Name": "Proposed",
      "Id": 1
    },
    "ReasonClosed": {
      "Name": "Unassigned"
    },
    "Summary": "How to remove PSHyperv library",
    "Type": {
      "Name": "Unassigned",
      "Id": 5
    },
    "VoteCount": 1,
    "Id": 10439
  },
  "FileAttachments": [],
  "Comments": []
}