{
  "WorkItem": {
    "AffectedComponent": {
      "Name": "",
      "DisplayName": ""
    },
    "ClosedComment": "No fix needed",
    "ClosedDate": "2011-03-10T11:58:00.13-08:00",
    "CommentCount": 0,
    "Custom": null,
    "Description": "Hello,\nI am brand new to powershell but I'm hoping to learn it so I can better manage my VMs.\nI've got HyperV running on \"Server 2008 R2 Datacenter\" with your brilliant library added.\nI've set up 8 vms all using powershell so I'm very pleased with myself :)\n \nThe problem I have run into is when I try to add Pass Through Disks.\nI have set up 10 Offline disks and I can assign them correctly when using the HyperV MMC, however, when I try to use Powershell I get no joy\nIn my example I have a server named SVPN2-VM03\nI want to add it to the 3rd available target to be its only hard drive\nI entered the command below (the vm name is stored in the variable)\n               Add-VMPassThrough $vm 0 0 (Select-VMPhysicalDisk)\nI was then prompted to choose an ID but after that it returns an error (see below) \n-----------------------------------------------------------------------------------------------------------------------------------------\nAdd-VMPassThrough : A positional parameter cannot be found that accepts argument 'SVPN2-VM3'.\nAt line:1 char:18\n+ Add-VMPassThrough <<<<  $vm 0 0 (Select-VMPhysicalDisk)\n    + CategoryInfo          : InvalidArgument: (:) [Add-VMPassThrough], ParameterBindingException\n    + FullyQualifiedErrorId : PositionalParameterNotFound,Add-VMPassThrough\n-----------------------------------------------------------------------------------------------------------------------------------------\nIt seems like something is missing? Have I made a mistake or is it a bug?\nI've attached a picture of the error and what I am able to do through the GUI of the HyperV MMC",
    "LastUpdatedDate": "2014-05-05T22:38:54.66-07:00",
    "PlannedForRelease": "",
    "ReleaseVisibleToPublic": false,
    "Priority": {
      "Name": "Low",
      "Severity": 50,
      "Id": 1
    },
    "ProjectName": "PSHyperv",
    "ReportedDate": "2010-05-12T07:56:13.28-07:00",
    "Status": {
      "Name": "Closed",
      "Id": 4
    },
    "ReasonClosed": {
      "Name": "Unassigned"
    },
    "Summary": "Add-VMPassThrough isn't working",
    "Type": {
      "Name": "Issue",
      "Id": 3
    },
    "VoteCount": 1,
    "Id": 6609
  },
  "FileAttachments": [
    {
      "FileId": 2181,
      "FileName": "HyperV-PS-Error.png",
      "DownloadUrl": ".\\2181"
    }
  ],
  "Comments": [
    {
      "Message": "Under investigation",
      "PostedDate": "2011-02-04T04:11:18.927-08:00",
      "Id": -2147483648
    },
    {
      "Message": "This is an issue that occurs in several places where I allow you to either pass an object which represents a disk / controller, or identify the contoller / disk by specifying the VM, controller, and Lun. \r\nI think it is Powershell being obtuse, but you have to name the parameters in these case. \r\nAdd-VMPassThrough -vm $vm -co 0 -lun 0 -ph (Select-VMPhysicalDisk)\r\n works. \r\nAdd-VMPassThrough  $vm  0  0   (Select-VMPhysicalDisk)\r\nand powershell won't be able to work out which parameter is which. \r\n",
      "PostedDate": "2011-02-04T09:22:22.293-08:00",
      "Id": -2147483648
    },
    {
      "Message": "",
      "PostedDate": "2011-03-10T11:58:00.13-08:00",
      "Id": -2147483648
    },
    {
      "Message": "",
      "PostedDate": "2013-02-21T17:24:35.42-08:00",
      "Id": -2147483648
    },
    {
      "Message": "",
      "PostedDate": "2013-05-16T04:39:45.027-07:00",
      "Id": -2147483648
    },
    {
      "Message": "Can this powershell command work for USB disks (offline in host OS)?  How to specify controller id?\nYes, still trying to get along in 2008r2...",
      "PostedDate": "2014-05-05T22:38:54.66-07:00",
      "Id": -2147483648
    }
  ]
}