{
  "WorkItem": {
    "AffectedComponent": {
      "Name": "",
      "DisplayName": ""
    },
    "ClosedComment": "",
    "ClosedDate": null,
    "CommentCount": 0,
    "Custom": null,
    "Description": "This command: Invoke-VMShutdown $vmName -force wait\nis ok in version R2 (Shutdown VM and wait util the shutdown is terminated)\n \nIn R2 SP1 version not wait  util the shutdown is terminated.",
    "LastUpdatedDate": "2013-02-21T17:24:32.5-08:00",
    "PlannedForRelease": "",
    "ReleaseVisibleToPublic": false,
    "Priority": {
      "Name": "Low",
      "Severity": 50,
      "Id": 1
    },
    "ProjectName": "PSHyperv",
    "ReportedDate": "2011-06-17T05:43:28.98-07:00",
    "Status": {
      "Name": "Proposed",
      "Id": 1
    },
    "ReasonClosed": {
      "Name": "Unassigned"
    },
    "Summary": "Invoke-VMShutdown issue in R2 SP1 version",
    "Type": {
      "Name": "Issue",
      "Id": 3
    },
    "VoteCount": 1,
    "Id": 8375
  },
  "FileAttachments": [],
  "Comments": []
}