{
  "WorkItem": {
    "AffectedComponent": {
      "Name": "",
      "DisplayName": ""
    },
    "ClosedComment": "Added in v 1.0",
    "ClosedDate": "2009-01-26T09:31:01.837-08:00",
    "CommentCount": 0,
    "Custom": null,
    "Description": "Thanks for a great toolkit!!!\n \nWhat I am missing is support for KVP / Data Exchange. I created my own \"hack\" based on the following postings from Taylor Brown. I am attaching this code if you wan't to have a look\n \nhttp://blogs.msdn.com/taylorb/archive/2008/07/09/hyper-v-wmi-kvp-exchange-aka-data-exchange-retrieving-and-modifying-parent-host-kvp-s.aspx\nhttp://blogs.msdn.com/taylorb/archive/2008/07/06/hyper-v-wmi-kvp-exchange-aka-data-exchange-adding-new-items-from-parent-host.aspx",
    "LastUpdatedDate": "2013-05-16T04:39:48.777-07:00",
    "PlannedForRelease": "",
    "ReleaseVisibleToPublic": false,
    "Priority": {
      "Name": "Low",
      "Severity": 50,
      "Id": 1
    },
    "ProjectName": "PSHyperv",
    "ReportedDate": "2008-11-20T01:21:15.133-08:00",
    "Status": {
      "Name": "Closed",
      "Id": 4
    },
    "ReasonClosed": {
      "Name": "Unassigned"
    },
    "Summary": "Add support for KVP / Data Exchange",
    "Type": {
      "Name": "Issue",
      "Id": 3
    },
    "VoteCount": 1,
    "Id": 3400
  },
  "FileAttachments": [
    {
      "FileId": 1245,
      "FileName": "kvp.ps1",
      "DownloadUrl": ".\\1245"
    }
  ],
  "Comments": [
    {
      "Message": "Building on the script attached above, I wrote some functions to let you call the powershell functions from C# code.\r\n\r\nhttp://otherchrismartin.com/blog/view.php?entry=44",
      "PostedDate": "2009-01-14T14:18:49.643-08:00",
      "Id": -2147483648
    },
    {
      "Message": "Something based on this is now in the 1.0 release",
      "PostedDate": "2009-01-26T09:29:28.73-08:00",
      "Id": -2147483648
    },
    {
      "Message": "",
      "PostedDate": "2009-01-26T09:31:01.837-08:00",
      "Id": -2147483648
    },
    {
      "Message": "",
      "PostedDate": "2013-02-21T17:24:40.703-08:00",
      "Id": -2147483648
    },
    {
      "Message": "",
      "PostedDate": "2013-05-16T04:39:48.777-07:00",
      "Id": -2147483648
    }
  ]
}