{
  "WorkItem": {
    "AffectedComponent": {
      "Name": "",
      "DisplayName": ""
    },
    "ClosedComment": "",
    "ClosedDate": null,
    "CommentCount": 0,
    "Custom": null,
    "Description": "Pre R2 this can only be done through WMI (see http://blogs.msdn.com/robertvi/archive/2008/08/27/howto-create-a-virtual-swich-for-external-without-creating-a-virtual-nic-on-the-root.aspx) \nIn R2 it is supported in the MMC console",
    "LastUpdatedDate": "2013-02-21T17:24:40.153-08:00",
    "PlannedForRelease": "",
    "ReleaseVisibleToPublic": false,
    "Priority": {
      "Name": "Low",
      "Severity": 50,
      "Id": 1
    },
    "ProjectName": "PSHyperv",
    "ReportedDate": "2009-01-27T02:09:39.73-08:00",
    "Status": {
      "Name": "Proposed",
      "Id": 1
    },
    "ReasonClosed": {
      "Name": "Unassigned"
    },
    "Summary": "Add support for creating dedicated network switches",
    "Type": {
      "Name": "Feature",
      "Id": 1
    },
    "VoteCount": 2,
    "Id": 3685
  },
  "FileAttachments": [],
  "Comments": []
}