{
  "WorkItem": {
    "AffectedComponent": {
      "Name": "",
      "DisplayName": ""
    },
    "ClosedComment": "This change is now in the SP1 release",
    "ClosedDate": "2011-03-10T11:52:00.577-08:00",
    "CommentCount": 0,
    "Custom": null,
    "Description": "When using New-VMPrivateSwitch, the newly created virtual switch has a non unique name.\nA virtual switch has a \"Name\" and an \"Display Name\". The \"Name\" property should be unique among all the virtual switches in the Hyper-V host.\nIf you create a new switch with the Hyper-V Manager UI, the \"Name\" property is assigned a new GUID.\nThe current implementation just uses the value the user passed for the \"Display Name\" to the \"Name\" property.\nLater if the switch is renamed and you try to created a new switch with the old name, you get a mysterious \"SystemInUse\" WMI error.\n \nThe fix is very simple...\nWhen calling CreateSwitch() just replace the first value with a call to NewGuid().\nAs follows:\n \n$result=$SwitchMgtSvc.CreateSwitch( [System.Guid]::NewGuid().ToString() , $virtualSwitchName , $Ports  ,$null )",
    "LastUpdatedDate": "2013-05-16T04:39:44.573-07:00",
    "PlannedForRelease": "",
    "ReleaseVisibleToPublic": false,
    "Priority": {
      "Name": "Low",
      "Severity": 50,
      "Id": 1
    },
    "ProjectName": "PSHyperv",
    "ReportedDate": "2011-02-02T07:02:29.973-08:00",
    "Status": {
      "Name": "Closed",
      "Id": 4
    },
    "ReasonClosed": {
      "Name": "Unassigned"
    },
    "Summary": "Non unique switch name when using New-VMPrivateSwitch (should be GUID)",
    "Type": {
      "Name": "Issue",
      "Id": 3
    },
    "VoteCount": 1,
    "Id": 7857
  },
  "FileAttachments": [],
  "Comments": [
    {
      "Message": "I will add this to the list of changes for the release I plan to do before 1st March 2011. ",
      "PostedDate": "2011-02-04T02:30:37.173-08:00",
      "Id": -2147483648
    },
    {
      "Message": "",
      "PostedDate": "2011-03-10T11:52:00.577-08:00",
      "Id": -2147483648
    },
    {
      "Message": "",
      "PostedDate": "2013-02-21T17:24:34.52-08:00",
      "Id": -2147483648
    },
    {
      "Message": "",
      "PostedDate": "2013-05-16T04:39:44.573-07:00",
      "Id": -2147483648
    }
  ]
}