{
  "WorkItem": {
    "AffectedComponent": {
      "Name": "",
      "DisplayName": ""
    },
    "ClosedComment": "",
    "ClosedDate": "2008-08-18T16:25:23.08-07:00",
    "CommentCount": 0,
    "Custom": null,
    "Description": "No code to handle \nMergeVirtualHardDisk ,  ExpandVirtualHardDisk, ConvertVirtualHardDisk , GetVirtualHardDiskInfo , ReconnectParentVirtualHardDisk,  ,  ValidateVirtualHardDisk, CreateVirtualFloppyDisk ,",
    "LastUpdatedDate": "2013-05-16T04:39:50.61-07:00",
    "PlannedForRelease": "",
    "ReleaseVisibleToPublic": false,
    "Priority": {
      "Name": "Low",
      "Severity": 50,
      "Id": 1
    },
    "ProjectName": "PSHyperv",
    "ReportedDate": "2008-06-17T07:39:28.25-07:00",
    "Status": {
      "Name": "Closed",
      "Id": 4
    },
    "ReasonClosed": {
      "Name": "Unassigned"
    },
    "Summary": "VHD Items still outstanding",
    "Type": {
      "Name": "Issue",
      "Id": 3
    },
    "VoteCount": 1,
    "Id": 2438
  },
  "FileAttachments": [],
  "Comments": [
    {
      "Message": "Now have Get-VHDInfo , others still to do. ",
      "PostedDate": "2008-07-08T07:31:30.867-07:00",
      "Id": -2147483648
    },
    {
      "Message": "All except Reconnect are implented in 0.95 and later",
      "PostedDate": "2008-08-18T16:25:05.19-07:00",
      "Id": -2147483648
    },
    {
      "Message": "",
      "PostedDate": "2008-08-18T16:25:23.08-07:00",
      "Id": -2147483648
    },
    {
      "Message": "",
      "PostedDate": "2013-02-21T17:24:43.513-08:00",
      "Id": -2147483648
    },
    {
      "Message": "",
      "PostedDate": "2013-05-16T04:39:50.61-07:00",
      "Id": -2147483648
    }
  ]
}