[
  {
    "Id": 2438,
    "Title": "VHD Items still outstanding"
  },
  {
    "Id": 2439,
    "Title": "Export and Backup not complete"
  },
  {
    "Id": 2440,
    "Title": "Examples incomplete"
  },
  {
    "Id": 2564,
    "Title": "Create new Switch"
  },
  {
    "Id": 2575,
    "Title": "Add-VMDRIVE Bug"
  },
  {
    "Id": 2726,
    "Title": "Remove-VMNIC function - Renamed not completed properly"
  },
  {
    "Id": 2727,
    "Title": "Failure when Ps started non-Elevated by user other than Administrator"
  },
  {
    "Id": 2828,
    "Title": "Detection of the script not being dot-sourced"
  },
  {
    "Id": 2844,
    "Title": "Add -force and -start switches to apply-VMSnapshot"
  },
  {
    "Id": 2845,
    "Title": "Add support for capturing a thumbnail JPG of a running VM"
  },
  {
    "Id": 2904,
    "Title": "Add Get-VMSummaryInformation"
  },
  {
    "Id": 3010,
    "Title": "Delete multiple (all) snapshots of a VM"
  },
  {
    "Id": 3011,
    "Title": "Difficult to determine parent VHD file of VM if it has snapshots"
  },
  {
    "Id": 3400,
    "Title": "Add support for KVP / Data Exchange"
  },
  {
    "Id": 3407,
    "Title": "New-VMSnapshot does not support -Wait"
  },
  {
    "Id": 3677,
    "Title": "1.00: Get-VM function issue"
  },
  {
    "Id": 3685,
    "Title": "Add support for creating dedicated network switches"
  },
  {
    "Id": 3721,
    "Title": "Bug: Add-VMKVP: You cannot call a method on a null-valued expression"
  },
  {
    "Id": 3722,
    "Title": "Get-VMKVP does not support guest parameters (only intrinsic)"
  },
  {
    "Id": 3727,
    "Title": "Bug with New-VM on PS 1.0"
  },
  {
    "Id": 3734,
    "Title": "Using  VHD and VFD commands remotely requires full path"
  },
  {
    "Id": 3920,
    "Title": "VmElementName not showing when using getvmmemory for running VMs with snapshots."
  },
  {
    "Id": 3968,
    "Title": "New-VHD on remote servers"
  },
  {
    "Id": 4077,
    "Title": "Minor bug - Add-VMKVP & iterating"
  },
  {
    "Id": 4121,
    "Title": "Change parent path for a VHD"
  },
  {
    "Id": 4502,
    "Title": "BUG with pipe: Set-VM -AutoStartup"
  },
  {
    "Id": 4641,
    "Title": "Change time synchronisation setting"
  },
  {
    "Id": 5224,
    "Title": "Conflict with PSCX in New-VMConnectSession"
  },
  {
    "Id": 5357,
    "Title": "R2 beta apparent typos"
  },
  {
    "Id": 5408,
    "Title": "Import-Module doesn't work"
  },
  {
    "Id": 5474,
    "Title": "Set-VMDisk Problem"
  },
  {
    "Id": 5695,
    "Title": "Inconsistent case usage and unsignable scripts"
  },
  {
    "Id": 5763,
    "Title": "Import-Module error"
  },
  {
    "Id": 6013,
    "Title": "Get-VMNICVLAN and Set-VMNICVLAN do not run remote"
  },
  {
    "Id": 6168,
    "Title": "remove-vmswitch fails with an invalid namespace"
  },
  {
    "Id": 6169,
    "Title": "New-VMExternalSwitch does not enable TCP/IP, protocols, on the switch !"
  },
  {
    "Id": 6206,
    "Title": "Invoke-VMShutdown does NOT like -wait"
  },
  {
    "Id": 6212,
    "Title": "Get-VMThumbnail does NOT create a JPG-format file!"
  },
  {
    "Id": 6250,
    "Title": "new-vmconnectsession returns \"Can not run VMConnect is on this system.\" in x86 shell on x64 system"
  },
  {
    "Id": 6534,
    "Title": "Set-VMMemory doesn't support Dynamic Memory in 2008 R2 SP1"
  },
  {
    "Id": 6609,
    "Title": "Add-VMPassThrough isn't working"
  },
  {
    "Id": 6944,
    "Title": "Merge-VHD has a bug and I corrected it"
  },
  {
    "Id": 7685,
    "Title": "Import-Module HyperV multiple times causes errors"
  },
  {
    "Id": 7823,
    "Title": "Manual has no page number"
  },
  {
    "Id": 7857,
    "Title": "Non unique switch name when using New-VMPrivateSwitch (should be GUID)"
  },
  {
    "Id": 7941,
    "Title": "Remove-VMSwitchNIC - \"Invalid namespace\" Error when executing from Remote Server"
  },
  {
    "Id": 7954,
    "Title": "No reaction at all to commands"
  },
  {
    "Id": 7999,
    "Title": "Disk size parameter is incorrectly limited to 127GB in Add-VMNewHardDisk function"
  },
  {
    "Id": 8003,
    "Title": "Can't add passthrough disk while VM is online"
  },
  {
    "Id": 8030,
    "Title": "Get-VM - Ability to Handle \"[\" and \"]\" Characters?"
  },
  {
    "Id": 8283,
    "Title": "re-open track 6206"
  },
  {
    "Id": 8326,
    "Title": "Setup failed"
  },
  {
    "Id": 8362,
    "Title": "Scripts forget $HyperVNamespace"
  },
  {
    "Id": 8375,
    "Title": "Invoke-VMShutdown issue in R2 SP1 version"
  },
  {
    "Id": 8387,
    "Title": "get-vmbuildscript  without '' in param -GUID -Path"
  },
  {
    "Id": 8567,
    "Title": "Import-VM ImportVirtualSystem Method Deprecated"
  },
  {
    "Id": 8578,
    "Title": "Typo in column name"
  },
  {
    "Id": 8610,
    "Title": "VMIntegrationComponent how to localize"
  },
  {
    "Id": 8716,
    "Title": "Feature Req: Need to get and Set VM \"Scope of Residence\""
  },
  {
    "Id": 8727,
    "Title": "Export-VM get-help -detailed has erratum in Parameters -VM section"
  },
  {
    "Id": 9137,
    "Title": "Importing Module twice cause Invalid Class issue"
  },
  {
    "Id": 9245,
    "Title": "Add-VMNewHardDisk"
  },
  {
    "Id": 9254,
    "Title": "SET-VMNICVlan - failing due to moved parameters in source code"
  },
  {
    "Id": 9284,
    "Title": "Add a compatibility layer for the Windows 8 Hyper-V module"
  },
  {
    "Id": 9620,
    "Title": "In Windows 8, module load fails with 'Missing argument in parameter list' error."
  },
  {
    "Id": 9621,
    "Title": "Mount-VHD, Dismount-VHD do not work for remote server."
  },
  {
    "Id": 9807,
    "Title": "Feature Request: PsGet Installation Support"
  },
  {
    "Id": 10259,
    "Title": "Snapshot.ps1 - cannot validate variable"
  },
  {
    "Id": 10263,
    "Title": "invoke-shutdown will not shut down XP guest"
  },
  {
    "Id": 10273,
    "Title": "Feature request: remove-vmdisk"
  },
  {
    "Id": 10439,
    "Title": "How to remove PSHyperv library"
  },
  {
    "Id": 10479,
    "Title": "Instalation Issues"
  },
  {
    "Id": 10483,
    "Title": "Problem after Installation HyperVTools"
  },
  {
    "Id": 10659,
    "Title": "Pshyperv not working in hyperv 2012 r2"
  },
  {
    "Id": 10953,
    "Title": "Doesn't fully support VHDX"
  },
  {
    "Id": 10967,
    "Title": "Get-VMSTATE error with GWMI"
  }
]