{
  "WorkItem": {
    "AffectedComponent": {
      "Name": "",
      "DisplayName": ""
    },
    "ClosedComment": "",
    "ClosedDate": null,
    "CommentCount": 0,
    "Custom": null,
    "Description": "I pulled down THE latest Gold+R2 or something, and I get this error when trying to select/remove a snapshot: \n\nThe variable cannot be validated because the value  is not a valid value for the VM variable.\nAt C:\\Program Files\\modules\\HyperV\\SnapShot.ps1:176 char:28\n+     if ($VM -is [String]) {$VM=(Get-VM -Name $VM -Server $server) }\n+                            ~~~~~~~~~~~~~~~~~~~~~~~~~~~~~~~~~~~~~~\n    + CategoryInfo          : MetadataError: (:) [], ValidationMetadataExcepti \n   on\n    + FullyQualifiedErrorId : ValidateSetFailure",
    "LastUpdatedDate": "2013-08-02T13:43:39.263-07:00",
    "PlannedForRelease": "",
    "ReleaseVisibleToPublic": false,
    "Priority": {
      "Name": "Unassigned",
      "Severity": 0,
      "Id": 0
    },
    "ProjectName": "PSHyperv",
    "ReportedDate": "2013-08-02T13:42:16.183-07:00",
    "Status": {
      "Name": "Proposed",
      "Id": 1
    },
    "ReasonClosed": {
      "Name": "Unassigned"
    },
    "Summary": "Snapshot.ps1 - cannot validate variable",
    "Type": {
      "Name": "Unassigned",
      "Id": 5
    },
    "VoteCount": 1,
    "Id": 10259
  },
  "FileAttachments": [
    {
      "FileId": 3448,
      "FileName": "SnapShot.ps1",
      "DownloadUrl": ".\\3448"
    }
  ],
  "Comments": [
    {
      "Message": "seems to be this line:\n    if ($VM -is [String]) {$VM=(Get-VM -Name $VM -Server $server) }\n",
      "PostedDate": "2013-08-02T13:43:39.263-07:00",
      "Id": -2147483648
    }
  ]
}