{
  "WorkItem": {
    "AffectedComponent": {
      "Name": "",
      "DisplayName": ""
    },
    "ClosedComment": "",
    "ClosedDate": "2009-01-26T13:04:19.103-08:00",
    "CommentCount": 0,
    "Custom": null,
    "Description": "By default In Windows 2008 Server, the built in Administrator account automatically starts all processes with Elevated Privildges \nOther accounts which are members of the administrators group need to Explicitly run Powershell AS ADMINISTRATOR. \nTo warn users that they are running non-Elevated, code similar to the following will be incorporated in builds after 0.9. \n \nFunction test-Admin\n{Param ([Switch] $verbose)\n $Local:ErrorActionPreference = \"SilentlyContinue\"\n new-psdrive -name HKUSERS -psp \"registry\" -root \"HKEY_USERS\" | out-null\n dir  hkusers:\\s-1-5-20 | out-null \n $result=($error[0].exception -notmatch 'registry access')\n  if ($verbose) {if ($result) { write-host -ForegroundColor Green \"This session has elevated priviledges\" }  \n                 else         { write-host -ForegroundColor Red   \"This session does not have elevated priviledges.\"}}\n Remove-PSDrive hkusers | out-null\n $result\n}\n \ntest-admin -v | out-null",
    "LastUpdatedDate": "2013-05-16T04:39:49.837-07:00",
    "PlannedForRelease": "",
    "ReleaseVisibleToPublic": false,
    "Priority": {
      "Name": "Low",
      "Severity": 50,
      "Id": 1
    },
    "ProjectName": "PSHyperv",
    "ReportedDate": "2008-07-12T09:48:00.78-07:00",
    "Status": {
      "Name": "Closed",
      "Id": 4
    },
    "ReasonClosed": {
      "Name": "Unassigned"
    },
    "Summary": "Failure when Ps started non-Elevated by user other than Administrator",
    "Type": {
      "Name": "Feature",
      "Id": 1
    },
    "VoteCount": 1,
    "Id": 2727
  },
  "FileAttachments": [],
  "Comments": []
}