{
  "WorkItem": {
    "AffectedComponent": {
      "Name": "",
      "DisplayName": ""
    },
    "ClosedComment": "",
    "ClosedDate": null,
    "CommentCount": 0,
    "Custom": null,
    "Description": "When importing the HyperV module twice, there you get a WMI Invalid Class error.  See Screen print.  Check to see if module is already loaded?",
    "LastUpdatedDate": "2015-05-09T14:43:11.07-07:00",
    "PlannedForRelease": "",
    "ReleaseVisibleToPublic": false,
    "Priority": {
      "Name": "Low",
      "Severity": 50,
      "Id": 1
    },
    "ProjectName": "PSHyperv",
    "ReportedDate": "2012-01-23T09:21:40.953-08:00",
    "Status": {
      "Name": "Proposed",
      "Id": 1
    },
    "ReasonClosed": {
      "Name": "Unassigned"
    },
    "Summary": "Importing Module twice cause Invalid Class issue",
    "Type": {
      "Name": "Issue",
      "Id": 3
    },
    "VoteCount": 3,
    "Id": 9137
  },
  "FileAttachments": [
    {
      "FileId": 2911,
      "FileName": "IM_Issue.png",
      "DownloadUrl": ".\\2911"
    }
  ],
  "Comments": []
}