{
  "WorkItem": {
    "AffectedComponent": {
      "Name": "",
      "DisplayName": ""
    },
    "ClosedComment": "",
    "ClosedDate": null,
    "CommentCount": 0,
    "Custom": null,
    "Description": "Not surprisingly... \n\n        #if ($VHDPath -notmatch \"VHD$\" )                     {$VHDPath    += \".VHD\"}\n\nComment that out from #532 in disk.ps1, and trust in the user to supply the correct pathname. Otherwise you'll end up with the non-existent c-drive.vhdx.vhd.",
    "LastUpdatedDate": "2016-09-08T22:59:38.293-07:00",
    "PlannedForRelease": "",
    "ReleaseVisibleToPublic": false,
    "Priority": {
      "Name": "Unassigned",
      "Severity": 0,
      "Id": 0
    },
    "ProjectName": "PSHyperv",
    "ReportedDate": "2015-06-19T03:22:06.937-07:00",
    "Status": {
      "Name": "Proposed",
      "Id": 1
    },
    "ReasonClosed": {
      "Name": "Unassigned"
    },
    "Summary": "Doesn't fully support VHDX",
    "Type": {
      "Name": "Unassigned",
      "Id": 5
    },
    "VoteCount": 2,
    "Id": 10953
  },
  "FileAttachments": [],
  "Comments": []
}