{
  "WorkItem": {
    "AffectedComponent": {
      "Name": "",
      "DisplayName": ""
    },
    "ClosedComment": "",
    "ClosedDate": null,
    "CommentCount": 0,
    "Custom": null,
    "Description": "Okay, I think I have narrowed this down. It appears the \"invoke-shutdown\" will not shut down an XP guest. Any thoughts on why? I realize it is a workstation and thus not a server, but still, there should be a programmatic way to shut down even XP vm guests, right?",
    "LastUpdatedDate": "2013-08-06T06:37:44.75-07:00",
    "PlannedForRelease": "",
    "ReleaseVisibleToPublic": false,
    "Priority": {
      "Name": "Unassigned",
      "Severity": 0,
      "Id": 0
    },
    "ProjectName": "PSHyperv",
    "ReportedDate": "2013-08-06T06:37:39.667-07:00",
    "Status": {
      "Name": "Proposed",
      "Id": 1
    },
    "ReasonClosed": {
      "Name": "Unassigned"
    },
    "Summary": "invoke-shutdown will not shut down XP guest",
    "Type": {
      "Name": "Unassigned",
      "Id": 5
    },
    "VoteCount": 1,
    "Id": 10263
  },
  "FileAttachments": [
    {
      "FileId": 3450,
      "FileName": "v1Compatability.ps1",
      "DownloadUrl": ".\\3450"
    }
  ],
  "Comments": []
}