{
  "WorkItem": {
    "AffectedComponent": {
      "Name": "New Component",
      "DisplayName": "New Component"
    },
    "ClosedComment": "",
    "ClosedDate": "2009-12-08T16:05:26.01-08:00",
    "CommentCount": 0,
    "Custom": null,
    "Description": "I have just started working with the Hyper-V powershell and I have been looking for a way to change the location (parentpath) that a VHD uses when looking for its parent disk in a differential relationship.  The VHD's I have are from a VPC VM and I am looking to automate bringing them across into a hyper-V configuration and was hoping to be able to change the path information so the parent directory could be changed, it seems to be escaping me at this time...\n \nThank you,\n \nPaul",
    "LastUpdatedDate": "2013-05-16T04:39:47.313-07:00",
    "PlannedForRelease": "R2 Release candidate2",
    "ReleaseVisibleToPublic": true,
    "Priority": {
      "Name": "Low",
      "Severity": 50,
      "Id": 1
    },
    "ProjectName": "PSHyperv",
    "ReportedDate": "2009-06-07T02:18:07-07:00",
    "Status": {
      "Name": "Closed",
      "Id": 4
    },
    "ReasonClosed": {
      "Name": "Unassigned"
    },
    "Summary": "Change parent path for a VHD",
    "Type": {
      "Name": "Feature",
      "Id": 1
    },
    "VoteCount": 1,
    "Id": 4121
  },
  "FileAttachments": [],
  "Comments": [
    {
      "Message": "As an additional feature this would be really useful for us. \r\n\r\nThank you,\r\nPaul.",
      "PostedDate": "2009-06-08T00:32:00.17-07:00",
      "Id": -2147483648
    },
    {
      "Message": "",
      "PostedDate": "2009-07-11T19:59:17.433-07:00",
      "Id": -2147483648
    },
    {
      "Message": "This in V2 which requires PowerShell 2.0. I was not intending to add it to V1, but this could be done. ",
      "PostedDate": "2009-09-03T10:03:06.273-07:00",
      "Id": -2147483648
    },
    {
      "Message": "By the way if you want to do this yourself you can go to source code, click through to the latest build and under disk you'll find connect-vhdParent. ",
      "PostedDate": "2009-09-03T10:42:50.743-07:00",
      "Id": -2147483648
    },
    {
      "Message": "Hi,\r\nPowersell 2 is ok.  No need to add it into V1 for me.\r\n\r\nThank you,\r\nPaul.",
      "PostedDate": "2009-09-07T07:14:51.727-07:00",
      "Id": -2147483648
    },
    {
      "Message": "",
      "PostedDate": "2009-12-08T16:05:16.17-08:00",
      "Id": -2147483648
    },
    {
      "Message": "",
      "PostedDate": "2009-12-08T16:05:26.01-08:00",
      "Id": -2147483648
    },
    {
      "Message": "",
      "PostedDate": "2013-02-21T17:24:38.573-08:00",
      "Id": -2147483648
    },
    {
      "Message": "",
      "PostedDate": "2013-05-16T04:39:47.313-07:00",
      "Id": -2147483648
    }
  ]
}