{
  "WorkItem": {
    "AffectedComponent": {
      "Name": "",
      "DisplayName": ""
    },
    "ClosedComment": "Can&#39;t repro &#47; Already fixed. ",
    "ClosedDate": "2011-03-10T11:42:14.527-08:00",
    "CommentCount": 0,
    "Custom": null,
    "Description": "When I use the Add-VMPassthrough command while VM is online I get the following message:\n\"Cannot change Media of type 'HDD' while virtual machine 'XYZ' is online.\"\n \nWhen using Hyper-V manager this is possible.  Is there some way I can get the PS command to do this while the machine is online?",
    "LastUpdatedDate": "2013-05-16T04:39:43.667-07:00",
    "PlannedForRelease": "",
    "ReleaseVisibleToPublic": false,
    "Priority": {
      "Name": "Low",
      "Severity": 50,
      "Id": 1
    },
    "ProjectName": "PSHyperv",
    "ReportedDate": "2011-03-09T11:18:17.28-08:00",
    "Status": {
      "Name": "Closed",
      "Id": 4
    },
    "ReasonClosed": {
      "Name": "Unassigned"
    },
    "Summary": "Can't add passthrough disk while VM is online",
    "Type": {
      "Name": "Issue",
      "Id": 3
    },
    "VoteCount": 1,
    "Id": 8003
  },
  "FileAttachments": [],
  "Comments": [
    {
      "Message": "I've just tested this with a running VM and the following command worked\r\n\" Add-vmpassThrough       -vm \"London\"           -controllerID 0 -lun 1 -scsi         -physicalDisk (Select-VMPhysicalDisk)     \"\r\n\r\nThe VM would not allow the disk to be added via the GUI until it had the integration components installed and the controller must be scsi (using the -SCSI switch).\r\nI don't think this has changed in the SP1 build of the library. ",
      "PostedDate": "2011-03-10T11:41:30.94-08:00",
      "Id": -2147483648
    },
    {
      "Message": "",
      "PostedDate": "2011-03-10T11:42:14.527-08:00",
      "Id": -2147483648
    },
    {
      "Message": "",
      "PostedDate": "2013-02-21T17:24:33.507-08:00",
      "Id": -2147483648
    },
    {
      "Message": "",
      "PostedDate": "2013-05-16T04:39:43.667-07:00",
      "Id": -2147483648
    }
  ]
}