{
  "WorkItem": {
    "AffectedComponent": {
      "Name": "",
      "DisplayName": ""
    },
    "ClosedComment": "Beleived to have been fixed throughout. If any outstanding issues remain, please open a new issue. ",
    "ClosedDate": "2011-03-10T13:19:13.887-08:00",
    "CommentCount": 0,
    "Custom": null,
    "Description": "Hello,\nI have some lower priority issues with the scripts, which I have solved in my own copy but maybe you want to have them as well.\n \n1. Several scripts are not signable due to invalid characters or something.\nWe use the highest security possible, so we have a commercial code signing cert and sign all our scripts. but I get errors with 3 scripts during signing:\nmenu.ps1  v1Compatability.ps1 and get-HyperVVersions.ps1  \nyou get the following error:\nAttempting to sign: Z:\\Deploy\\Virtualization\\Scripts\\HyperV\\R2\\est\\HyperV_Install\\menu.ps1\nSignTool Error: ISignedCode::Sign returned error: 0x8007000D\n        The data is invalid.\nif I create a new empty file and copy the contents, the scripts are signable. I think there are some strange characters inside the original scripts.\n \n2. more strange characters:\nthe script disk.ps1  has a number of smart quotes, multiple times around the \"Path\"  commmand.  it doesn't give errors during execution but Primascript highlighting is strange.\n \n3. the usage of upper and lower case in the scripts and especially the function names are not consequent.\nvm is sometimes uppercase, sometimes lowercase, the same with all the verb-noun  commands.\n \n \nIf you like I can send the updated scripts  (R2 RC version updated.)\nBy the way thanks for the work you've done, I appreciate it a lot and learn a lot by reading your scripts.\nGreetz,\nB.v.Zanten",
    "LastUpdatedDate": "2013-05-16T04:39:46.19-07:00",
    "PlannedForRelease": "",
    "ReleaseVisibleToPublic": false,
    "Priority": {
      "Name": "Low",
      "Severity": 50,
      "Id": 1
    },
    "ProjectName": "PSHyperv",
    "ReportedDate": "2010-01-05T03:49:26.353-08:00",
    "Status": {
      "Name": "Closed",
      "Id": 4
    },
    "ReasonClosed": {
      "Name": "Unassigned"
    },
    "Summary": "Inconsistent case usage and unsignable scripts",
    "Type": {
      "Name": "Issue",
      "Id": 3
    },
    "VoteCount": 1,
    "Id": 5695
  },
  "FileAttachments": [],
  "Comments": []
}