{
  "WorkItem": {
    "AffectedComponent": {
      "Name": "",
      "DisplayName": ""
    },
    "ClosedComment": "",
    "ClosedDate": "2009-01-30T17:42:14.047-08:00",
    "CommentCount": 0,
    "Custom": null,
    "Description": "I cleaned up the code and the removed a fix which is need to make New-VM work properly on Ps1.0. It will run correctly on PS 2.0. The error you will see is \n \nYou cannot call a method on a null-valued expression.\nAt C:\\Users\\Administrator\\Documents\\WindowsPowerShell\\hyperv.ps1:770 char:39\n+   $arguments = @($vmGsd.psbase.GetText( <<<< [System.Management.TextFormat]::WmiDtd20),$null,$null,$null,$null)\n \nThe following is the code which was in place before I made the change and this will go into a 1.0a release Targeted for Friday Jan 30th. \n \nFunction New-VM\n{Param([String]$Machinename=$(Throw(\"You must give a VM Name\")) ,  $Server=\".\" )\n  # We're going to call Define virtual System This mode of calling doesn't seem to be on MSDN ... \n $VSMgtSvc=Get-WmiObject -computerName $server -NameSpace \"root\\virtualization\" -Class \"MsVM_virtualSystemManagementService\"\n $Result=$VSMgtSvc.defineVirtualSystem()\n if ($result.ReturnValue -eq 0) {\n     \"Created VM\" | out-host\n     $VSSD=get-wmiobject -computerName $server -namespace root\\virtualization -query (\"select * from Msvm_VirtualSystemSettingData where systemname= \"+  $Result.definedSystem.split(\"=\")[-1] )\n # Now modify the VM to match the parameters \n     $VSSD.ElementName=$machineName\n # Build the arguments array - the path VSSD object in XML form and a bunch of nulls\n     $arguments = @($Result.definedSystem , $VSSD.psbase.GetText([System.Management.TextFormat]::WmiDtd20),$null,$null)\n # Invoke the define Virtual System method, passing the arguments.  \n     if ($VSMgtSvc.psbase.InvokeMethod(\"ModifyVirtualSystem\", $arguments) -eq 0) {  \"Set VM Name\" | out-Host\n                                                                                     Get-WmiObject -computername $Server -NameSpace \"root\\virtualization\" -Query (\"Select * From MsVM_ComputerSystem Where Name=\"+ $Result.definedSystem.split(\"=\")[-1] )} \n     else {write-error \"Couldn't Set VM Name\"}}\n}",
    "LastUpdatedDate": "2013-05-16T04:39:48.03-07:00",
    "PlannedForRelease": "",
    "ReleaseVisibleToPublic": false,
    "Priority": {
      "Name": "Low",
      "Severity": 50,
      "Id": 1
    },
    "ProjectName": "PSHyperv",
    "ReportedDate": "2009-01-29T16:44:30.6-08:00",
    "Status": {
      "Name": "Closed",
      "Id": 4
    },
    "ReasonClosed": {
      "Name": "Unassigned"
    },
    "Summary": "Bug with New-VM on PS 1.0",
    "Type": {
      "Name": "Issue",
      "Id": 3
    },
    "VoteCount": 1,
    "Id": 3727
  },
  "FileAttachments": [],
  "Comments": []
}