{
  "WorkItem": {
    "AffectedComponent": {
      "Name": "",
      "DisplayName": ""
    },
    "ClosedComment": "Fixed in R2. If there is a need to back port the fix please contact me directly , James.",
    "ClosedDate": "2009-12-08T15:59:54.51-08:00",
    "CommentCount": 0,
    "Custom": null,
    "Description": "Hi,\n \nI would like to change the time synchronisation setting for a virtual machine but cannot get this to work. Is it possible to include this in the library?\n \nIt's the time sync option under Integrated Services. I want it to go to disabled.\n \nRegards\n \nMozart",
    "LastUpdatedDate": "2013-05-16T04:39:46.943-07:00",
    "PlannedForRelease": "",
    "ReleaseVisibleToPublic": false,
    "Priority": {
      "Name": "Low",
      "Severity": 50,
      "Id": 1
    },
    "ProjectName": "PSHyperv",
    "ReportedDate": "2009-07-24T12:31:16.57-07:00",
    "Status": {
      "Name": "Closed",
      "Id": 4
    },
    "ReasonClosed": {
      "Name": "Unassigned"
    },
    "Summary": "Change time synchronisation setting",
    "Type": {
      "Name": "Issue",
      "Id": 3
    },
    "VoteCount": 1,
    "Id": 4641
  },
  "FileAttachments": [],
  "Comments": [
    {
      "Message": "In V2 (which requires PowerShell V2) I have get and set VMIntegration services so you can turn them on or off as needed. I'm not planning to bring this back in to V1, but if it is really critical it could be done. ",
      "PostedDate": "2009-09-03T09:59:18.577-07:00",
      "Id": -2147483648
    },
    {
      "Message": "",
      "PostedDate": "2009-12-08T15:59:54.51-08:00",
      "Id": -2147483648
    },
    {
      "Message": "Do you have an example of how to set this time sync setting?",
      "PostedDate": "2012-09-26T08:41:57.197-07:00",
      "Id": -2147483648
    },
    {
      "Message": "I meant, do you have a code example of how to set this time sync setting?",
      "PostedDate": "2012-09-26T08:43:47.1-07:00",
      "Id": -2147483648
    },
    {
      "Message": "",
      "PostedDate": "2013-02-21T17:24:38.15-08:00",
      "Id": -2147483648
    },
    {
      "Message": "",
      "PostedDate": "2013-05-16T04:39:46.943-07:00",
      "Id": -2147483648
    }
  ]
}