{
  "WorkItem": {
    "AffectedComponent": {
      "Name": "",
      "DisplayName": ""
    },
    "ClosedComment": "This is in the SP Release of the library",
    "ClosedDate": "2011-03-10T11:58:50.34-08:00",
    "CommentCount": 0,
    "Custom": null,
    "Description": "While it doesn't support this functionality, it looks like all that needs to be modified is to separate out the Limit / VirtualQuantity / Reservation values and set the DynamicMemoryEnabled property to true.",
    "LastUpdatedDate": "2013-05-16T04:39:45.21-07:00",
    "PlannedForRelease": "",
    "ReleaseVisibleToPublic": false,
    "Priority": {
      "Name": "Low",
      "Severity": 50,
      "Id": 1
    },
    "ProjectName": "PSHyperv",
    "ReportedDate": "2010-04-28T19:51:27.6-07:00",
    "Status": {
      "Name": "Closed",
      "Id": 4
    },
    "ReasonClosed": {
      "Name": "Unassigned"
    },
    "Summary": "Set-VMMemory doesn't support Dynamic Memory in 2008 R2 SP1",
    "Type": {
      "Name": "Issue",
      "Id": 3
    },
    "VoteCount": 4,
    "Id": 6534
  },
  "FileAttachments": [],
  "Comments": [
    {
      "Message": "See patch 6715.  It adds in the functionality offline, but not sure why its not working online yet.\r\n\r\nhttp://pshyperv.codeplex.com/SourceControl/PatchList.aspx",
      "PostedDate": "2010-09-10T14:48:08.857-07:00",
      "Id": -2147483648
    },
    {
      "Message": "",
      "PostedDate": "2010-09-10T14:48:16.567-07:00",
      "Id": -2147483648
    },
    {
      "Message": "This will be released before March 1st. 2011",
      "PostedDate": "2011-02-04T04:07:13.66-08:00",
      "Id": -2147483648
    },
    {
      "Message": "",
      "PostedDate": "2011-02-18T05:44:22.423-08:00",
      "Id": -2147483648
    },
    {
      "Message": "",
      "PostedDate": "2011-03-10T11:58:50.34-08:00",
      "Id": -2147483648
    },
    {
      "Message": "",
      "PostedDate": "2013-02-21T17:24:35.61-08:00",
      "Id": -2147483648
    },
    {
      "Message": "",
      "PostedDate": "2013-05-16T04:39:45.21-07:00",
      "Id": -2147483648
    }
  ]
}