{
  "WorkItem": {
    "AffectedComponent": {
      "Name": "",
      "DisplayName": ""
    },
    "ClosedComment": "This is fixed in R2. Get-VMDisk shows disk path &#40;the snapshot AVHD&#41; and disk image &#40;the VHD&#41; it is connected to ",
    "ClosedDate": "2009-12-08T16:09:09.087-08:00",
    "CommentCount": 0,
    "Custom": null,
    "Description": "If you have a VM with snapshots, running get-vmdisk will show you the latest info for the snapshot and point to an avhd, not the parent vhd.",
    "LastUpdatedDate": "2013-05-16T04:39:48.937-07:00",
    "PlannedForRelease": "",
    "ReleaseVisibleToPublic": false,
    "Priority": {
      "Name": "Low",
      "Severity": 50,
      "Id": 1
    },
    "ProjectName": "PSHyperv",
    "ReportedDate": "2008-09-22T17:09:36.32-07:00",
    "Status": {
      "Name": "Closed",
      "Id": 4
    },
    "ReasonClosed": {
      "Name": "Unassigned"
    },
    "Summary": "Difficult to determine parent VHD file of VM if it has snapshots",
    "Type": {
      "Name": "Issue",
      "Id": 3
    },
    "VoteCount": 1,
    "Id": 3011
  },
  "FileAttachments": [],
  "Comments": [
    {
      "Message": "That is correct behavior.  Ahvd is attached to the VM, the parent of the avhd will be the original VHD (or an intermediate aVHD) - in a similar way to a differencing disk. \r\n\r\nI'm not sure of the best way to handle this because anything that assumes the disk gives complete information is going to come unstuck when there is a snapshot or a differencing disk in use. If places where you'd expect a disk to be returned if multiple disks are returned that would also cause confusion. \r\n \r\nI'll give it some thought but any suggestions on the best way to handle it would be gratefully recieved. \r\n",
      "PostedDate": "2008-09-30T02:26:42.757-07:00",
      "Id": -2147483648
    },
    {
      "Message": "The reason I wanted this was so I could easily delete a VM and the main Diff VHD that goes with it.  I can then delete the VM which will delete all the snapshots that go with it, and then I could delete the main Diff.  Otherwise, I have to go through each Snapshot until I get to the one that points the main Diff VHD.\r\n\r\nPerhaps more information is returned in the get-vmdisk function which will include all linked VHDs back to the main VHD.  So it returns the DiskPath to the current VHD (or AVHD) that it's linked to, and then either through another switch parameter or not it will also display which VHD (or AVHD) that is up the chain from that one until and repeat until it reaches the end of the chain.",
      "PostedDate": "2008-10-03T11:47:07.25-07:00",
      "Id": -2147483648
    },
    {
      "Message": "This is how I would do it in C++:\r\n1. Query WMI ParentChildSettingData to get the VM and snapshot instance ID relationships.\r\n2. Query WMI Msvm_ResourceAllocationSettingData to get the list of vhd and snapshot paths of each VM.\r\n3. Based from data above, I should be able to get the vhd path of a snapshotted VM.\r\n\r\nExample:\r\nMsvm_ParentChildSettingData\r\n\r\n Antecedent: \\\\MGHV\\root\\virtualization:Msvm_VirtualSystemSettingData.InstanceID=\"Microsoft:8F413EBA-EDD2-4D82-9285-93DBF619BAE6\" <<<<<<<<<<< use this InstanceID to get the VHD path in Msvm_ResourceAllocationSettingData\r\nDependent: \\\\MGHV\\root\\virtualization:Msvm_VirtualSystemSettingData.InstanceID=\"Microsoft:81657DD1-6CED-4433-A7A5-CB07AA481581\"\r\n \r\n\r\nMsvm_ResourceAllocationSettingData\r\n\r\n \r\nAddress: \r\nAllocationUnits: Disks\r\nAutomaticAllocation: True\r\nAutomaticDeallocation: True\r\nCaption: Hard Disk Image\r\nConnection: D:\\Snapshots\\W2K3-cluster-node01\\Snapshots\\81657DD1-6CED-4433-A7A5-CB07AA481581\\W2K3-cluster-node01_6F8500CD-1958-4B75-AC89-FCED9B8E1058.avhd\r\nConsumerVisibility: 3\r\nDescription: Settings for the Microsoft Hard Disk Image.\r\nElementName: Hard Disk Image\r\nHostResource: \r\nInstanceID: Microsoft:81657DD1-6CED-4433-A7A5-CB07AA481581\\83F8638B-8DCA-4152-9EDA-2CA8B33039B4\\0\\0\\L\r\nLimit: 1\r\nMappingBehavior: \r\nOtherResourceType: \r\nParent: \\\\MGHV\\root\\virtualization:Msvm_ResourceAllocationSettingData.InstanceID=\"Microsoft:81657DD1-6CED-4433-A7A5-CB07AA481581\\\\83F8638B-8DCA-4152-9EDA-2CA8B33039B4\\\\0\\\\0\\\\D\"\r\nPoolID: Microsoft:70BB60D2-A9D3-46aa-B654-3DE53004B4F8\\Root\r\nReservation: 1\r\nResourceSubType: Microsoft Virtual Hard Disk\r\nResourceType: 21\r\nVirtualQuantity: 1\r\nWeight: 0\r\n  \r\n\r\nAddress: \r\nAllocationUnits: Disks\r\nAutomaticAllocation: True\r\nAutomaticDeallocation: True\r\nCaption: Hard Disk Image\r\nConnection: E:\\Hyper-V\\W2K3-cluster-node01\\W2K3-cluster-node01.vhd <<<<<<<<<<<<<< our vhd path\r\nConsumerVisibility: 3\r\nDescription: Settings for the Microsoft Hard Disk Image.\r\nElementName: Hard Disk Image\r\nHostResource: \r\nInstanceID: Microsoft:8F413EBA-EDD2-4D82-9285-93DBF619BAE6\\83F8638B-8DCA-4152-9EDA-2CA8B33039B4\\0\\0\\L <<<<<<<< instance if from Msvm_ParentChildSettingData\r\nLimit: 1\r\nMappingBehavior: \r\nOtherResourceType: \r\nParent: \\\\MGHV\\root\\virtualization:Msvm_ResourceAllocationSettingData.InstanceID=\"Microsoft:8F413EBA-EDD2-4D82-9285-93DBF619BAE6\\\\83F8638B-8DCA-4152-9EDA-2CA8B33039B4\\\\0\\\\0\\\\D\"\r\nPoolID: Microsoft:70BB60D2-A9D3-46aa-B654-3DE53004B4F8\\Root\r\nReservation: 1\r\nResourceSubType: Microsoft Virtual Hard Disk\r\nResourceType: 21\r\nVirtualQuantity: 1\r\nWeight: 0\r\n\r\n",
      "PostedDate": "2008-10-14T15:50:49.26-07:00",
      "Id": -2147483648
    },
    {
      "Message": "",
      "PostedDate": "2009-12-08T16:09:09.087-08:00",
      "Id": -2147483648
    },
    {
      "Message": "",
      "PostedDate": "2013-02-21T17:24:40.923-08:00",
      "Id": -2147483648
    },
    {
      "Message": "",
      "PostedDate": "2013-05-16T04:39:48.937-07:00",
      "Id": -2147483648
    }
  ]
}