{
  "WorkItem": {
    "AffectedComponent": {
      "Name": "",
      "DisplayName": ""
    },
    "ClosedComment": "",
    "ClosedDate": "2011-03-10T13:41:25.743-08:00",
    "CommentCount": 0,
    "Custom": null,
    "Description": "Import-Module HyperV a second time should be a no-op, but it seems to disrupt some internal variables causing various WMI errors whenever commands are run.",
    "LastUpdatedDate": "2013-05-16T04:39:44.727-07:00",
    "PlannedForRelease": "",
    "ReleaseVisibleToPublic": false,
    "Priority": {
      "Name": "Low",
      "Severity": 50,
      "Id": 1
    },
    "ProjectName": "PSHyperv",
    "ReportedDate": "2010-12-15T04:59:46.3-08:00",
    "Status": {
      "Name": "Closed",
      "Id": 4
    },
    "ReasonClosed": {
      "Name": "Unassigned"
    },
    "Summary": "Import-Module HyperV multiple times causes errors",
    "Type": {
      "Name": "Issue",
      "Id": 3
    },
    "VoteCount": 3,
    "Id": 7685
  },
  "FileAttachments": [],
  "Comments": [
    {
      "Message": "Import-Module -Force overcomes this problem. It is common with other modules requires a large amount of work to prevent. \r\n\r\nIf anyone has problems *even with -force* please log them. I will leave the item open but Propose No Fix. ",
      "PostedDate": "2011-02-04T02:27:35.483-08:00",
      "Id": -2147483648
    },
    {
      "Message": "Interesting. I worked around it from the other direction. My scripts now check to see if the module they need has already been imported.  Simplified example:\r\n\r\nif (!(Get-Module -Name HyperV)) { Import-Module HyperV }\r\n",
      "PostedDate": "2011-02-04T10:54:52.907-08:00",
      "Id": -2147483648
    },
    {
      "Message": "",
      "PostedDate": "2011-03-04T04:02:11.393-08:00",
      "Id": -2147483648
    },
    {
      "Message": "",
      "PostedDate": "2011-03-10T13:41:25.743-08:00",
      "Id": -2147483648
    },
    {
      "Message": "Plase add this warning of use into the manual with a big /!\\ . I lose some time with that issue.",
      "PostedDate": "2011-05-23T07:07:38.427-07:00",
      "Id": -2147483648
    },
    {
      "Message": "",
      "PostedDate": "2013-02-21T17:24:35.047-08:00",
      "Id": -2147483648
    },
    {
      "Message": "",
      "PostedDate": "2013-05-16T04:39:44.727-07:00",
      "Id": -2147483648
    }
  ]
}