{
  "WorkItem": {
    "AffectedComponent": {
      "Name": "",
      "DisplayName": ""
    },
    "ClosedComment": "",
    "ClosedDate": null,
    "CommentCount": 0,
    "Custom": null,
    "Description": "At the last step of the setup, when the console pops up, I got the following error message:\n \nImport-Module : File C:\\Program Files\\modules\\hyperV\\en-us.ps1 cannot be loaded\n because the execution of scripts is disabled on this system. Please see \"get-h\nelp about_signing\" for more details.\nAt line:1 char:14\n+ Import-Module <<<<  'C:\\Program Files\\modules\\hyperV'\n    + CategoryInfo          : NotSpecified: (:) [Import-Module], PSSecurityExc\n   eption\n    + FullyQualifiedErrorId : RuntimeException,Microsoft.PowerShell.Commands.I\n   mportModuleCommand",
    "LastUpdatedDate": "2013-02-21T17:24:32.9-08:00",
    "PlannedForRelease": "",
    "ReleaseVisibleToPublic": false,
    "Priority": {
      "Name": "Low",
      "Severity": 50,
      "Id": 1
    },
    "ProjectName": "PSHyperv",
    "ReportedDate": "2011-06-04T04:18:50.727-07:00",
    "Status": {
      "Name": "Proposed",
      "Id": 1
    },
    "ReasonClosed": {
      "Name": "Unassigned"
    },
    "Summary": "Setup failed",
    "Type": {
      "Name": "Issue",
      "Id": 3
    },
    "VoteCount": 1,
    "Id": 8326
  },
  "FileAttachments": [],
  "Comments": [
    {
      "Message": "I had the same issue, I unblocked the install files by using streams.exe -d -s *.* before running the install.\r\n\r\nDownload streams from http://technet.microsoft.com/en-us/sysinternals/bb897440 on sysinternals.",
      "PostedDate": "2011-07-28T14:06:25.14-07:00",
      "Id": -2147483648
    },
    {
      "Message": "Unblock, but be CAREFUL you don't run that command from your filesystem root !! Unzip files to c:\\psv for example and do\r\n\r\ncd c:\\psv\r\nunblock -d -s *.*",
      "PostedDate": "2012-03-27T04:22:05.17-07:00",
      "Id": -2147483648
    },
    {
      "Message": "",
      "PostedDate": "2013-02-21T17:24:32.9-08:00",
      "Id": -2147483648
    }
  ]
}