{
  "WorkItem": {
    "AffectedComponent": {
      "Name": "",
      "DisplayName": ""
    },
    "ClosedComment": "",
    "ClosedDate": null,
    "CommentCount": 0,
    "Custom": null,
    "Description": "Mount-VHD and Dismount-VHD cmdlets have -Server parameter but not really using it and all intrinsic WMI calls are executed against the local computer. This parameter is not exposed in the help for those cmdlets as well. This is quite embarrassing and must be an oversight, since it is very easy to fix and affects so many scenarios.",
    "LastUpdatedDate": "2013-02-21T17:24:29.97-08:00",
    "PlannedForRelease": "",
    "ReleaseVisibleToPublic": false,
    "Priority": {
      "Name": "Low",
      "Severity": 50,
      "Id": 1
    },
    "ProjectName": "PSHyperv",
    "ReportedDate": "2012-09-05T13:59:48.853-07:00",
    "Status": {
      "Name": "Proposed",
      "Id": 1
    },
    "ReasonClosed": {
      "Name": "Unassigned"
    },
    "Summary": "Mount-VHD, Dismount-VHD do not work for remote server.",
    "Type": {
      "Name": "Issue",
      "Id": 3
    },
    "VoteCount": 1,
    "Id": 9621
  },
  "FileAttachments": [],
  "Comments": []
}