{
  "WorkItem": {
    "AffectedComponent": {
      "Name": "",
      "DisplayName": ""
    },
    "ClosedComment": "Fixed in the SP1 release ",
    "ClosedDate": "2011-03-10T13:12:45.993-08:00",
    "CommentCount": 0,
    "Custom": null,
    "Description": "hello, I'm deploying hyper-v R2 infrastructure on many systems in parallel, and had to rollback the VM switches due to autoconfiguration errors (other issue).\nthe problem I face is that I even cannot remove my switches from the remote console.\nthe command line I form is: Remove-VMSwitch -server $strServerName -VirtualSwitchName $strSwitchName -Force\nand in $strSwitchName I use the same name I used for switch creation\nthe situation goes for both an internal and a bridged switch,\nand returns red lines:\nGet-WmiObject : Invalid namespace\nAt C:\\Windows\\system32\\WindowsPowerShell\\v1.0\\Modules\\hyperv\\network.ps1:163 char:22\n+         Get-WmiObject <<<<  -computerName $server -NameSpace  $HyperVNamespace   -query \"Select * From MsVM_VirtualSw\nitch Where elementname like '$VirtualSwitchname' \"\n    + CategoryInfo          : InvalidOperation: (:) [Get-WmiObject], ManagementException\n    + FullyQualifiedErrorId : GetWMIManagementException,Microsoft.PowerShell.Commands.GetWmiObjectCommand\n \nThe variable cannot be validated because the value  is not a valid value for the VirtualSwitch variable.\nAt C:\\Windows\\system32\\WindowsPowerShell\\v1.0\\Modules\\hyperv\\network.ps1:336 char:57\n+         if ($virtualSwitch -is [String]) {$virtualSwitch <<<< =get-vmswitch $virtualSwitch}\n    + CategoryInfo          : MetadataError: (:) [], ValidationMetadataException\n    + FullyQualifiedErrorId : ValidateSetFailure\n \nany idea? thanks,",
    "LastUpdatedDate": "2013-05-16T04:39:45.787-07:00",
    "PlannedForRelease": "",
    "ReleaseVisibleToPublic": false,
    "Priority": {
      "Name": "Low",
      "Severity": 50,
      "Id": 1
    },
    "ProjectName": "PSHyperv",
    "ReportedDate": "2010-03-10T09:17:23.783-08:00",
    "Status": {
      "Name": "Closed",
      "Id": 4
    },
    "ReasonClosed": {
      "Name": "Unassigned"
    },
    "Summary": "remove-vmswitch fails with an invalid namespace",
    "Type": {
      "Name": "Issue",
      "Id": 3
    },
    "VoteCount": 1,
    "Id": 6168
  },
  "FileAttachments": [
    {
      "FileId": 2037,
      "FileName": "Remove-SwitchConfigurationVM.ps1",
      "DownloadUrl": ".\\2037"
    }
  ],
  "Comments": []
}