{
  "WorkItem": {
    "AffectedComponent": {
      "Name": "",
      "DisplayName": ""
    },
    "ClosedComment": "",
    "ClosedDate": null,
    "CommentCount": 0,
    "Custom": null,
    "Description": "The original code within the R2 version was incorrectly working.  I've fixed it as written below.\n \nIssues:\n1. The VHDPath variable was being ignored if it was an absolute path and not a scriptblock.\n2. corrected the ParentVHDPath by adding the documented \"ParentVHD\" as an alias\n3. Also corrected the ParentVHD variable within the function which was calling a completely different variable... resulting in the inability to create a differencing disk.\n \n \nFunction Add-VMNewHardDisk \n{# .ExternalHelp  MAML-VMDisk.XML\n    [CmdletBinding(SupportsShouldProcess=$True)]\n    param(\n        [parameter(Mandatory = $true, ValueFromPipeline = $true)]\n        $VM,\n        [int]$ControllerID=0, \n        [int]$LUN=0, \n        \n        [ValidateNotNullOrEmpty()]\n        $VHDPath, \n           \n        [ValidateRange(1,2040GB)]\n        [long]$Size = 127GB, \n        \n        [ValidateNotNullOrEmpty()][Alias(\"ParentDiskPath\",\"ParentPath\",\"ParentVHD\")]\n        $ParentVHDPath,\n        \n        [ValidateNotNullOrEmpty()] \n        [string]$Server = \".\", \n        [switch]$Fixed, \n        [switch]$SCSI,\n        $PSC, \n        [switch]$Force\n    )\n    process {\n        if ($psc -eq $null)  {$psc = $pscmdlet} ; if (-not $PSBoundParameters.psc) {$PSBoundParameters.add(\"psc\",$psc)}\n        if ($VM -is [String])                    {$VM = Get-VM -Name $VM -Server $Server}\n        if ($VM.count -gt 1  -and -not $VHdPath) {[Void]$PSBoundParameters.Remove(\"VM\") ;  $VM | ForEach-object {Add-VMNewHardDisk  -VM $_  @PSBoundParameters}}\n        if ($VHDPath -is [scriptblock])          { $NewVHD  = Invoke-Expression \".{$VHDPath}\"  } else { $NewVHD = $VHDPath }\n        if ($VM.__CLASS -eq 'Msvm_ComputerSystem')  {        \t\n\t\t\tif (-not $NewVHD) { $NewVHD = (Get-VhdDefaultPath $vm.__Server) + \"\\\" + ($vm.elementname + \".VHD\")             }\n\t\t\t\n\t\t\tif ($ParentVHDPath) { $vhd = New-VHD -wait -Psc $PSC -force:$force -Server $VM.__Server -VhdPath $NewVHD -ParentVHD $parentVHDPath  }\n\t\t\telseif ($fixed)     { $vhd = New-VHD -wait -Psc $PSC -force:$force -Server $VM.__Server -VhdPath $NewVHD -Size $size -Fixed         }\n            else                { $vhd = New-VHD -wait -Psc $PSC -force:$force -Server $VM.__Server -VhdPath $NewVHD -Size $size                }\n            $drive = Add-VMDRIVE -psc $PSC -force:$force -VM $VM -ControllerID  $ControllerID -LUN $LUN -scsi:$scsi                              \n                     Add-VMDISK  -psc $PSC -force:$force -DriveRASD $Drive -VHDPath $vhd.path\n        }\n    }    \n}",
    "LastUpdatedDate": "2013-02-21T17:24:30.817-08:00",
    "PlannedForRelease": "",
    "ReleaseVisibleToPublic": false,
    "Priority": {
      "Name": "Low",
      "Severity": 50,
      "Id": 1
    },
    "ProjectName": "PSHyperv",
    "ReportedDate": "2012-03-14T16:20:55.223-07:00",
    "Status": {
      "Name": "Proposed",
      "Id": 1
    },
    "ReasonClosed": {
      "Name": "Unassigned"
    },
    "Summary": "Add-VMNewHardDisk",
    "Type": {
      "Name": "Issue",
      "Id": 3
    },
    "VoteCount": 1,
    "Id": 9245
  },
  "FileAttachments": [],
  "Comments": []
}