{
  "WorkItem": {
    "AffectedComponent": {
      "Name": "",
      "DisplayName": ""
    },
    "ClosedComment": "",
    "ClosedDate": null,
    "CommentCount": 0,
    "Custom": null,
    "Description": "While Executing: Get-VM\n \nIf one of the VM names in the -VM parameter contains the characters \"[\" or \"]\" the nested command (in the VM.ps1 script) ...\n \nGet-WmiObject -computername $Server -NameSpace $HyperVNamespace -Query $WQL | Add-Member -MemberType ALIASPROPERTY -Name \"VMElementName\" -Value \"ElementName\" -PassThru\n \n...returns a NULL value.\n \nAs a quick fix, I just added the following (right after the existing $Name = $Name.Replace(\"*\",\"%\")\nline 58):\n \n            $Name = $Name.Replace(\"[\",\"%\")\n            $Name = $Name.Replace(\"]\",\"%\")\n \nI didn't want to have to ask the end user to change the name of their VMs, so I thought this would be the best way to handle this \"issue\" (I am not even sure it is an issue).\n \nThoughts?",
    "LastUpdatedDate": "2014-10-02T10:27:17.507-07:00",
    "PlannedForRelease": "",
    "ReleaseVisibleToPublic": false,
    "Priority": {
      "Name": "Low",
      "Severity": 50,
      "Id": 1
    },
    "ProjectName": "PSHyperv",
    "ReportedDate": "2011-03-18T17:50:32.997-07:00",
    "Status": {
      "Name": "Proposed",
      "Id": 1
    },
    "ReasonClosed": {
      "Name": "Unassigned"
    },
    "Summary": "Get-VM - Ability to Handle \"[\" and \"]\" Characters?",
    "Type": {
      "Name": "Issue",
      "Id": 3
    },
    "VoteCount": 1,
    "Id": 8030
  },
  "FileAttachments": [],
  "Comments": [
    {
      "Message": "I'm not sure I would want to replace brackets with a wildcard. I've ran into the same problem and I would prefer brackets to be replaced with parentheses. \n```\n $Name = $Name.Replace(\"[\",\"(\")\n $Name = $Name.Replace(\"]\",\")\")\n```",
      "PostedDate": "2014-10-02T10:27:17.507-07:00",
      "Id": -2147483648
    }
  ]
}