{
  "WorkItem": {
    "AffectedComponent": {
      "Name": "",
      "DisplayName": ""
    },
    "ClosedComment": "",
    "ClosedDate": null,
    "CommentCount": 0,
    "Custom": null,
    "Description": "The functions Get-VMIntegrationComponent and Set-VMIntegrationComponent (and as a result also the function Get-VMBuildScript) are not working on some localized installations of windows server. The problem result from the localized value of the wmi element \"AllocationUnits\" (in e.g. Msvm_VssComponentSettingData) which has e.g. in German the translated value \"Integrationskomponenten\" instead of \"Integration Components\".\nA solution could replace for function Get-VMIntegrationComponent (VMConfig.ps1) the original line\n   (Get-vmSettingData -vm $vm -Server $Vm.__server).getRelated()  | Where-Object {$_.allocationUnits -eq \"integration Components\"}  |\nwith\n   (Get-vmSettingData -vm $vm -Server $Vm.__server).getRelated()  | Where-Object {$_.allocationUnits -like \"Integration*\"}  |\n \nAdditional replace for function Set-VMIntegrationComponent (VMConfig.ps1) the original line\n   where-object {($_.allocationUnits -eq \"integration Components\") -and ($_.elementName -like \"$c*\")} |\nwith\n   where-object {($_.allocationUnits -like \"Integration*\") -and ($_.elementName -like \"$c*\")} |\nI’m not sure if this will work with all localizations but at least it works for English an German.",
    "LastUpdatedDate": "2013-02-21T17:24:31.66-08:00",
    "PlannedForRelease": "",
    "ReleaseVisibleToPublic": false,
    "Priority": {
      "Name": "Low",
      "Severity": 50,
      "Id": 1
    },
    "ProjectName": "PSHyperv",
    "ReportedDate": "2011-08-14T11:35:48.707-07:00",
    "Status": {
      "Name": "Proposed",
      "Id": 1
    },
    "ReasonClosed": {
      "Name": "Unassigned"
    },
    "Summary": "VMIntegrationComponent how to localize",
    "Type": {
      "Name": "Issue",
      "Id": 3
    },
    "VoteCount": 1,
    "Id": 8610
  },
  "FileAttachments": [],
  "Comments": []
}