{
  "WorkItem": {
    "AffectedComponent": {
      "Name": "",
      "DisplayName": ""
    },
    "ClosedComment": "",
    "ClosedDate": "2009-01-26T13:04:19.933-08:00",
    "CommentCount": 0,
    "Custom": null,
    "Description": "Several new powershell users have been unaware that for the functions to remain loaded when the script completes, they need to do dot source the script, so releases after 0.9  will have detect this and tell the user how to invoke the script correctly.",
    "LastUpdatedDate": "2013-05-16T04:39:49.68-07:00",
    "PlannedForRelease": "",
    "ReleaseVisibleToPublic": false,
    "Priority": {
      "Name": "Low",
      "Severity": 50,
      "Id": 1
    },
    "ProjectName": "PSHyperv",
    "ReportedDate": "2008-08-05T03:58:19.9-07:00",
    "Status": {
      "Name": "Closed",
      "Id": 4
    },
    "ReasonClosed": {
      "Name": "Unassigned"
    },
    "Summary": "Detection of the script not being dot-sourced",
    "Type": {
      "Name": "Feature",
      "Id": 1
    },
    "VoteCount": 1,
    "Id": 2828
  },
  "FileAttachments": [],
  "Comments": []
}