{
  "WorkItem": {
    "AffectedComponent": {
      "Name": "",
      "DisplayName": ""
    },
    "ClosedComment": "",
    "ClosedDate": null,
    "CommentCount": 0,
    "Custom": null,
    "Description": "Import-Module : There were errors in loading the format data file:\nMicrosoft.PowerShell, , C:\\Program Files\\modules\\Hyperv\\hyperv.Format.ps1xml : File skipped bec\nause of the following validation exception: File C:\\Program Files\\modules\\Hyperv\\hyperv.Format.\nps1xml cannot be loaded. The file C:\\Program Files\\modules\\Hyperv\\hyperv.Format.ps1xml is not d\nigitally signed. The script will not execute on the system. Please see \"get-help about_signing\"\n for more details...\nAt line:1 char:14\n+ Import-Module <<<<  'C:\\Program Files\\modules\\Hyperv'\n    + CategoryInfo          : InvalidOperation: (:) [Import-Module], RuntimeException\n    + FullyQualifiedErrorId : FormatXmlUpateException,Microsoft.PowerShell.Commands.ImportModu\n   leCommand\n\nPS C:\\sdspb\\install>",
    "LastUpdatedDate": "2013-12-22T17:15:30.943-08:00",
    "PlannedForRelease": "",
    "ReleaseVisibleToPublic": false,
    "Priority": {
      "Name": "Unassigned",
      "Severity": 0,
      "Id": 0
    },
    "ProjectName": "PSHyperv",
    "ReportedDate": "2013-12-22T17:15:30.943-08:00",
    "Status": {
      "Name": "Proposed",
      "Id": 1
    },
    "ReasonClosed": {
      "Name": "Unassigned"
    },
    "Summary": "Instalation Issues",
    "Type": {
      "Name": "Unassigned",
      "Id": 5
    },
    "VoteCount": 1,
    "Id": 10479
  },
  "FileAttachments": [],
  "Comments": []
}