{
  "WorkItem": {
    "AffectedComponent": {
      "Name": "",
      "DisplayName": ""
    },
    "ClosedComment": "",
    "ClosedDate": null,
    "CommentCount": 0,
    "Custom": null,
    "Description": "With 2008 R2, scsis disks can be added and removed from a VM without downtime. Can we please have a matching remove-vmdisk to go with the existing add-vmdisk?\n\nI find it useful to be able to remove a vhd from a vm, mount it locally to copy data off it, unmount it, and then re-add the vhd back to the vm... all without any downtime to the vm. This is essential for transferring files between vm's with restricted network access.\n\nThanks!",
    "LastUpdatedDate": "2013-08-09T05:18:51.867-07:00",
    "PlannedForRelease": "",
    "ReleaseVisibleToPublic": false,
    "Priority": {
      "Name": "Unassigned",
      "Severity": 0,
      "Id": 0
    },
    "ProjectName": "PSHyperv",
    "ReportedDate": "2013-08-09T05:18:51.867-07:00",
    "Status": {
      "Name": "Proposed",
      "Id": 1
    },
    "ReasonClosed": {
      "Name": "Unassigned"
    },
    "Summary": "Feature request: remove-vmdisk",
    "Type": {
      "Name": "Unassigned",
      "Id": 5
    },
    "VoteCount": 1,
    "Id": 10273
  },
  "FileAttachments": [],
  "Comments": []
}