{
  "WorkItem": {
    "AffectedComponent": {
      "Name": "",
      "DisplayName": ""
    },
    "ClosedComment": "For SP1 all the JPEG &#47; JPG references are now .PNG references. ",
    "ClosedDate": "2011-03-10T11:59:58.673-08:00",
    "CommentCount": 0,
    "Custom": null,
    "Description": "just found out that the actual file format generated is a PNG, not a JPG !\npls update doc, get-help, pdf, ... accordingly :-).\nLB",
    "LastUpdatedDate": "2013-05-16T04:39:45.517-07:00",
    "PlannedForRelease": "",
    "ReleaseVisibleToPublic": false,
    "Priority": {
      "Name": "Low",
      "Severity": 50,
      "Id": 1
    },
    "ProjectName": "PSHyperv",
    "ReportedDate": "2010-03-19T15:37:45.72-07:00",
    "Status": {
      "Name": "Closed",
      "Id": 4
    },
    "ReasonClosed": {
      "Name": "Unassigned"
    },
    "Summary": "Get-VMThumbnail does NOT create a JPG-format file!",
    "Type": {
      "Name": "Issue",
      "Id": 3
    },
    "VoteCount": 1,
    "Id": 6212
  },
  "FileAttachments": [],
  "Comments": [
    {
      "Message": "Under investigation.",
      "PostedDate": "2011-02-04T04:14:05.697-08:00",
      "Id": -2147483648
    },
    {
      "Message": "OK. I thought you were crazy. The signature in the first few bytes of the file shows it is a PNG not a JPEG.  Interestingly the tools I opened files with on my server don't mind what the file extension is. I'll change the docs, but also change the default extension in the Powershell script. This will be out in the \"before march 1st 2011\" version.\r\n",
      "PostedDate": "2011-02-04T09:30:59.143-08:00",
      "Id": -2147483648
    },
    {
      "Message": "",
      "PostedDate": "2011-03-10T11:59:58.673-08:00",
      "Id": -2147483648
    },
    {
      "Message": "",
      "PostedDate": "2013-02-21T17:24:35.98-08:00",
      "Id": -2147483648
    },
    {
      "Message": "",
      "PostedDate": "2013-05-16T04:39:45.517-07:00",
      "Id": -2147483648
    }
  ]
}