{
  "WorkItem": {
    "AffectedComponent": {
      "Name": "",
      "DisplayName": ""
    },
    "ClosedComment": "",
    "ClosedDate": "2009-01-26T13:02:39.873-08:00",
    "CommentCount": 0,
    "Custom": null,
    "Description": "From: Matt Meredith \nTo: James O'Neill\nSubject: Renamed Remove-VMNIC function in PSHYPERV script\n \n I think you renamed the Remove-VMNIC function.  When passing in an array of NICs, I was getting errors saying \n \n“The term 'Remove-VMNICConnection' is not recognized as a cmdlet, function, …”\nLine 1151 currently is:    if ($NIC -is [Array]) {$NIC | ForEach-Object {Remove-VMNICConnection -VM $VM -NIC $_ } }\nshould be:      if ($NIC -is [Array]) {$NIC | ForEach-Object {Remove-VMNIC -VM $VM -NIC $_ } }",
    "LastUpdatedDate": "2013-05-16T04:39:49.977-07:00",
    "PlannedForRelease": "0.9 Beta",
    "ReleaseVisibleToPublic": false,
    "Priority": {
      "Name": "Low",
      "Severity": 50,
      "Id": 1
    },
    "ProjectName": "PSHyperv",
    "ReportedDate": "2008-07-12T09:28:48.193-07:00",
    "Status": {
      "Name": "Closed",
      "Id": 4
    },
    "ReasonClosed": {
      "Name": "Unassigned"
    },
    "Summary": "Remove-VMNIC function - Renamed not completed properly",
    "Type": {
      "Name": "Issue",
      "Id": 3
    },
    "VoteCount": 1,
    "Id": 2726
  },
  "FileAttachments": [],
  "Comments": []
}