{
  "WorkItem": {
    "AffectedComponent": {
      "Name": "",
      "DisplayName": ""
    },
    "ClosedComment": "",
    "ClosedDate": null,
    "CommentCount": 0,
    "Custom": null,
    "Description": "PowerShell V3 in Windows 8 seems to be more strict about syntax and HyperV module fails to load:\n \nPS>Import-Module .\\HyperV.psd1\nAt D:\\HyperV\\Menu.ps1:276 char:79\n+               20   {  $SelectedVHD = (Select-List -InputObject $vhd -Property ,@ ...\n+                                                                               ~\nMissing argument in parameter list.\nAt D:\\HyperV\\Menu.ps1:1141 char:79\n+               20   {  $SelectedVHD = (Select-List -InputObject $vhd -Property ,@ ...\n+                                                                               ~\nMissing argument in parameter list.\n    + CategoryInfo          : ParserError: (:) [], ParentContainsErrorRecordException\n    + FullyQualifiedErrorId : MissingArgument",
    "LastUpdatedDate": "2014-10-06T07:48:29.837-07:00",
    "PlannedForRelease": "",
    "ReleaseVisibleToPublic": false,
    "Priority": {
      "Name": "Low",
      "Severity": 50,
      "Id": 1
    },
    "ProjectName": "PSHyperv",
    "ReportedDate": "2012-09-05T11:00:38.89-07:00",
    "Status": {
      "Name": "Proposed",
      "Id": 1
    },
    "ReasonClosed": {
      "Name": "Unassigned"
    },
    "Summary": "In Windows 8, module load fails with 'Missing argument in parameter list' error.",
    "Type": {
      "Name": "Issue",
      "Id": 3
    },
    "VoteCount": 8,
    "Id": 9620
  },
  "FileAttachments": [],
  "Comments": [
    {
      "Message": "Suggested fix:\r\n\r\nchange from\r\n\r\n              20   {  $SelectedVHD = (Select-List -InputObject $vhd -Property ,@{Name=\"Name\"; expression={$_.Name -replace ($folder+\"\\\").replace(\"\\\",\"\\\\\"),\"\"}}).name     }\r\n\r\nto\r\n\r\n              20   {  $SelectedVHD = (Select-List -InputObject $vhd -Property @(@{Name=\"Name\"; expression={$_.Name -replace ($folder+\"\\\").replace(\"\\\",\"\\\\\"),\"\"}}).name)     }\r\n",
      "PostedDate": "2012-09-05T11:09:53.397-07:00",
      "Id": -2147483648
    },
    {
      "Message": "",
      "PostedDate": "2012-09-26T09:11:02.36-07:00",
      "Id": -2147483648
    },
    {
      "Message": "This worked for me. It appears in two places within the menu.ps1 file",
      "PostedDate": "2012-10-03T02:43:29.6-07:00",
      "Id": -2147483648
    },
    {
      "Message": "",
      "PostedDate": "2013-01-23T09:14:39.66-08:00",
      "Id": -2147483648
    },
    {
      "Message": "Got the same on 2008 R2 as well. Not just Windows 8 by the look of it.",
      "PostedDate": "2013-01-23T09:15:03.46-08:00",
      "Id": -2147483648
    },
    {
      "Message": "",
      "PostedDate": "2013-02-21T17:24:30.2-08:00",
      "Id": -2147483648
    },
    {
      "Message": "",
      "PostedDate": "2013-05-31T11:41:30.29-07:00",
      "Id": -2147483648
    },
    {
      "Message": "",
      "PostedDate": "2013-06-24T13:04:57.44-07:00",
      "Id": -2147483648
    },
    {
      "Message": "Actually the problem is not related to Windows 8 as such but to PowerShell 3.x as I get the same error on Windows 7 with PS3:\r\n\r\nAt WindowsPowerShell\\Modules\\HyperV\\Menu.ps1:276 char:79\n+               20   {  $SelectedVHD = (Select-List -InputObject $vhd -Property ,@ ...\n+                                                                               ~\nMissing argument in parameter list.\nAt WindowsPowerShell\\Modules\\HyperV\\Menu.ps1:1141 char:79\n+               20   {  $SelectedVHD = (Select-List -InputObject $vhd -Property ,@ ...\n+                                                                               ~\nMissing argument in parameter list.\n    + CategoryInfo          : ParserError: (:) [], ParentContainsErrorRecordException\n    + FullyQualifiedErrorId : MissingArgument",
      "PostedDate": "2013-07-19T12:54:42.33-07:00",
      "Id": -2147483648
    },
    {
      "Message": "",
      "PostedDate": "2013-07-19T15:03:51.593-07:00",
      "Id": -2147483648
    },
    {
      "Message": "",
      "PostedDate": "2014-04-01T12:54:58.453-07:00",
      "Id": -2147483648
    },
    {
      "Message": "Same here.  This worked for me, and I'm on 2008 R2. Thanks!",
      "PostedDate": "2014-05-16T10:29:24.26-07:00",
      "Id": -2147483648
    },
    {
      "Message": "",
      "PostedDate": "2014-10-06T07:29:29.4-07:00",
      "Id": -2147483648
    },
    {
      "Message": "Worked for me.\nThanks for that.\nBe nice if someone could apply this small patch?\nIts not much work.\r\n\r\nMike",
      "PostedDate": "2014-10-06T07:48:29.837-07:00",
      "Id": -2147483648
    }
  ]
}