{
  "WorkItem": {
    "AffectedComponent": {
      "Name": "",
      "DisplayName": ""
    },
    "ClosedComment": "",
    "ClosedDate": null,
    "CommentCount": 0,
    "Custom": null,
    "Description": "I've been doing a lot of hyper-v delegation work recently, where I have to set the scope of the VM so I can assocaite permissions to that scope.\n \nDoing this requires going through some WMI gymnastics and assocaitors. I can get the scope with a series of WMI queries, but can't figure out how to set it with this method http://msdn.microsoft.com/en-us/library/cc136809(v=VS.85).aspx . Please add this functionality (getting and setting VM scope) to your wonderful module.",
    "LastUpdatedDate": "2013-02-21T17:24:31.443-08:00",
    "PlannedForRelease": "",
    "ReleaseVisibleToPublic": false,
    "Priority": {
      "Name": "Low",
      "Severity": 50,
      "Id": 1
    },
    "ProjectName": "PSHyperv",
    "ReportedDate": "2011-09-22T17:12:06.53-07:00",
    "Status": {
      "Name": "Proposed",
      "Id": 1
    },
    "ReasonClosed": {
      "Name": "Unassigned"
    },
    "Summary": "Feature Req: Need to get and Set VM \"Scope of Residence\"",
    "Type": {
      "Name": "Issue",
      "Id": 3
    },
    "VoteCount": 1,
    "Id": 8716
  },
  "FileAttachments": [],
  "Comments": []
}