{
  "WorkItem": {
    "AffectedComponent": {
      "Name": "",
      "DisplayName": ""
    },
    "ClosedComment": "This was fixed some time ago , closing the the issue",
    "ClosedDate": "2011-03-10T13:40:14.57-08:00",
    "CommentCount": 0,
    "Custom": null,
    "Description": "Finally been able to repro !! \n \nIt only affects Running VMs with snapshots. \n \nIn the Formatting XML search for memory and you'll find a section with this line in it\n \n           <scriptBlock>(get-wmiobject -computername $_.__Server -namespace root\\virtualization -query \"associators of {$_} \").elementName</scriptBlock>\n \nit need to be changed to            \n<scriptBlock>(get-wmiobject -computername $_.__Server -namespace root\\virtualization -query \"associators of {$_}  where resultclass=Msvm_VirtualSystemSettingData\").elementName</scriptBlock>\n \nOtherwise where there are snapshots multiple items will be returned. \n \nI've now got to go through the XML looking for other places where this might occur before posting a proper fix",
    "LastUpdatedDate": "2013-05-16T04:39:47.763-07:00",
    "PlannedForRelease": "",
    "ReleaseVisibleToPublic": false,
    "Priority": {
      "Name": "Low",
      "Severity": 50,
      "Id": 1
    },
    "ProjectName": "PSHyperv",
    "ReportedDate": "2009-03-16T07:35:20.96-07:00",
    "Status": {
      "Name": "Closed",
      "Id": 4
    },
    "ReasonClosed": {
      "Name": "Unassigned"
    },
    "Summary": "VmElementName not showing when using getvmmemory for running VMs with snapshots.",
    "Type": {
      "Name": "Issue",
      "Id": 3
    },
    "VoteCount": 1,
    "Id": 3920
  },
  "FileAttachments": [],
  "Comments": []
}