{
  "WorkItem": {
    "AffectedComponent": {
      "Name": "",
      "DisplayName": ""
    },
    "ClosedComment": "",
    "ClosedDate": "2009-01-30T17:49:40.37-08:00",
    "CommentCount": 0,
    "Custom": null,
    "Description": "I wrote the following to get a few additional statistics (I also posted it on MSDN documentation).  It could use some cleanup but may be helpful for someone.  Strange how the API keeps the same information (number of cpus, uptime, etc.) in a bunch of different places....\n \nfunction Get-VirtualSystemManagementService \n{\n    return gwmi -class \"Msvm_VirtualSystemManagementService\" -namespace \"root\\virtualization\"\n}\n \nfunction Get-VirtualMachine([string] $Name=\"\")\n{\n    $query = \"select * from Msvm_ComputerSystem where ElementName='\" + $Name + \"'\"\n    return gwmi -namespace \"root\\virtualization\" -query $query\n}\n \nfunction Get-VirtualMachineSettingData([string] $Name=\"\")\n{    \n    $virtualMachine = Get-VirtualMachine($Name)\n    $query = \"ASSOCIATORS OF {\" + $virtualMachine.__Path + \"} WHERE resultClass = Msvm_VirtualSystemsettingData\"\n    return gwmi -query $query -namespace \"root\\virtualization\"\n}\n \nfunction Get-VirtualMachineSummaryInformation([string] $Name=\"\")\n{\n    $requestedProperties = 0,1,2,3,4,5,6,7,100,101,102,103,104,105,106,107,108,109\n    $service = Get-VirtualSystemManagementService\n    $settings = Get-VirtualMachineSettingData($Name)\n    $summaryList = $service.GetSummaryInformation($settings.__PATH, $requestedProperties)\n    foreach($summary in $summaryList.SummaryInformation)\n    {\n        return $summary\n    }\n}\n \nUsage:\n \n$results = Get-VirtualMachineSummaryInformation(\"WinXPx32\")\n \nDisplaying Output:\n \n\"Name: \" + $results.Name\n\"ElementName: \" + $results.ElementName\n\"MemoryUsage: \" + $results.MemoryUsage\n\"GuestOperatingSystem: \" + $results.GuestOperatingSystem\n\"HealthState: \" + $results.HealthState\n\"Heartbeat: \" + $results.Heartbeat\n\"Notes: \" + $results.Notes\n\"NumberOfProcessors: \" + $results.NumberOfProcessors\n\"ProcessorLoad: \" + $results.ProcessorLoad\n\"UpTime: \" + $results.UpTime\n \nSample Output:\n \nName: B0C19E9D-C09F-46FD-B548-D8249032A485\nElementName: WinXPx32\nMemoryUsage: 2048\nGuestOperatingSystem: Microsoft Windows XP\nHealthState: 5\nHeartbeat: 2\nNotes:\nNumberOfProcessors: 1\nProcessorLoad: 0\nUpTime: 5865112",
    "LastUpdatedDate": "2013-05-16T04:39:49.207-07:00",
    "PlannedForRelease": "",
    "ReleaseVisibleToPublic": false,
    "Priority": {
      "Name": "Low",
      "Severity": 50,
      "Id": 1
    },
    "ProjectName": "PSHyperv",
    "ReportedDate": "2008-08-22T17:06:57.823-07:00",
    "Status": {
      "Name": "Closed",
      "Id": 4
    },
    "ReasonClosed": {
      "Name": "Unassigned"
    },
    "Summary": "Add Get-VMSummaryInformation",
    "Type": {
      "Name": "Feature",
      "Id": 1
    },
    "VoteCount": 1,
    "Id": 2904
  },
  "FileAttachments": [
    {
      "FileId": 1159,
      "FileName": "Get-VMSummaryInformation.ps1",
      "DownloadUrl": ".\\1159"
    }
  ],
  "Comments": [
    {
      "Message": "I will add the code to the next release. I've reworked it somewhat and it now looks like this .\r\nFilter Get-VirtualMachineSummaryInformation\r\n{param ($vm , $Server=\".\")\r\n if ($vm -eq $null) {$vssd=Get-VMSettingData $_  $Server}\r\n else               {$vssd=Get-VMSettingData $vm $server}\r\n $settingPath = @()\r\n $vssd | foreach-object {$settingPath += $_.__Path ; $Server=$_.__Server}\r\n $arguments=@($SettingPath, @(0,1,2,3,4,100,101,102,103,104,105,106,107,108), $null)\r\n $VSMgtSvc=Get-WmiObject -computerName $Server -NameSpace \"root\\virtualization\" -Class \"MsVM_virtualSystemManagementService\"          \r\n $result=$VSMgtSvc.psbase.InvokeMethod(\"GetSummaryInformation\",$arguments)\r\n if ($Result -eq 0) {$arguments[2] | foreach-object {\r\n        $SiObj = New-Object -TypeName System.Object\r\n\tAdd-Member -inputObject $siObj -MemberType NoteProperty   -Name \"Name\"             -Value $_.name\r\n\tAdd-Member -inputObject $siObj -MemberType NoteProperty   -Name \"ElementName\"      -Value $_.elementname\r\n\tAdd-Member -inputObject $siObj -MemberType NoteProperty   -Name \"CreationTime\"     -Value $_.CreationTime\r\n\tAdd-Member -inputObject $siObj -MemberType NoteProperty   -Name \"EnabledState\"     -Value $_.EnabledState\r\n\tAdd-Member -inputObject $siObj -MemberType NoteProperty   -Name \"EnabledStateText\" -Value (convert-vmState($_.EnabledState))\r\n\tAdd-Member -inputObject $siObj -MemberType NoteProperty   -Name \"Notes\"            -Value $_.Notes\r\n\tAdd-Member -inputObject $siObj -MemberType NoteProperty   -Name \"CPUCount\"         -Value $_.NumberOfProcessors\r\n\tAdd-Member -inputObject $siObj -MemberType NoteProperty   -Name \"CPULoad\"          -Value $_.ProcessorLoad\r\n\tAdd-Member -inputObject $siObj -MemberType NoteProperty   -Name \"CPULoadHistory\"   -Value $_.ProcessorLoadHistory\r\n\tAdd-Member -inputObject $siObj -MemberType NoteProperty   -Name \"MemoryUsage\"      -Value $_.MemoryUsage\r\n\tAdd-Member -inputObject $siObj -MemberType NoteProperty   -Name \"Heartbeat\"        -Value $_.Heartbeat\r\n\tAdd-Member -inputObject $siObj -MemberType NoteProperty   -Name \"HeartbeatText\"    -Value @{2=\"OK\"; 6=\"Error\"; 12=\"No Contact\";13=\"Lost Communication\"}[[int]$_.Heartbeat]\r\n\tAdd-Member -inputObject $siObj -MemberType NoteProperty   -Name \"Uptime\" \t   -Value $_.UpTime\r\n\tAdd-Member -inputObject $siObj -MemberType ScriptProperty -Name \"UptimeFormatted\"  -Value {if ($This.uptime -gt 0) {([datetime]0).addmilliseconds($This.UpTime).tostring(\"hh:mm:ss\")} else {0} }\r\n\tAdd-Member -inputObject $siObj -MemberType NoteProperty   -Name \"GuestOS\"          -Value $_.GuestOperatingSystem;\r\n\tAdd-Member -inputObject $siObj -MemberType NoteProperty   -Name \"Snapshots\"        -Value $_.Snapshots.count\r\n\tAdd-Member -inputObject $siObj -MemberType NoteProperty   -Name \"Jobs\"             -Value $_.AsynchronousTasks \r\n\t$siObj } }\r\n    else {\"Get Summary info :\" + $ReturnCode[[string]$result] | Out-host }\r\n}\r\n",
      "PostedDate": "2008-08-26T16:50:37.37-07:00",
      "Id": -2147483648
    },
    {
      "Message": "",
      "PostedDate": "2008-08-26T16:52:35.793-07:00",
      "Id": -2147483648
    },
    {
      "Message": "Cool, I was wondering what a good work around would be for the fact that the results were not a proper object. ",
      "PostedDate": "2008-08-27T14:42:02.35-07:00",
      "Id": -2147483648
    },
    {
      "Message": "This has become Get-VMSummary in V1.00a",
      "PostedDate": "2009-01-30T17:49:29.29-08:00",
      "Id": -2147483648
    },
    {
      "Message": "",
      "PostedDate": "2009-01-30T17:49:40.37-08:00",
      "Id": -2147483648
    },
    {
      "Message": "",
      "PostedDate": "2013-02-21T17:24:41.297-08:00",
      "Id": -2147483648
    },
    {
      "Message": "",
      "PostedDate": "2013-05-16T04:39:49.207-07:00",
      "Id": -2147483648
    }
  ]
}