{
  "WorkItem": {
    "AffectedComponent": {
      "Name": "",
      "DisplayName": ""
    },
    "ClosedComment": "",
    "ClosedDate": null,
    "CommentCount": 0,
    "Custom": null,
    "Description": "There is wrong syntax in Network.ps1 file - line 524, column 62. \nOriginal source code:\n                               foreach-object {Get-WmiObject -Namespace -ComputerName $Nic.__Server $HyperVNamespace -q \"associators of {$_} where assocClass=MSVM_NetWorkElementSettingData\"}\n \nshould be:\n                               foreach-object {Get-WmiObject -ComputerName $Nic.__Server -Namespace $HyperVNamespace -q \"associators of {$_} where assocClass=MSVM_NetWorkElementSettingData\"}",
    "LastUpdatedDate": "2013-02-21T17:24:30.593-08:00",
    "PlannedForRelease": "",
    "ReleaseVisibleToPublic": false,
    "Priority": {
      "Name": "Low",
      "Severity": 50,
      "Id": 1
    },
    "ProjectName": "PSHyperv",
    "ReportedDate": "2012-03-18T21:32:59.417-07:00",
    "Status": {
      "Name": "Proposed",
      "Id": 1
    },
    "ReasonClosed": {
      "Name": "Unassigned"
    },
    "Summary": "SET-VMNICVlan - failing due to moved parameters in source code",
    "Type": {
      "Name": "Issue",
      "Id": 3
    },
    "VoteCount": 2,
    "Id": 9254
  },
  "FileAttachments": [],
  "Comments": []
}