{
  "WorkItem": {
    "AffectedComponent": {
      "Name": "",
      "DisplayName": ""
    },
    "ClosedComment": "Fixed in 1.0c",
    "ClosedDate": "2009-09-03T10:01:39.033-07:00",
    "CommentCount": 0,
    "Custom": null,
    "Description": "PS D:\\> Get-VM | Set-VM -AutoStartup 0\nModified VM Global Settings object  for HV-plp\nModified VM Global Settings object  for HV-plp\nModified VM Global Settings object  for HV-plp\nPS D:\\> Get-VM | foreach { Set-VM $_ -AutoStartup 0 }\nModified VM Global Settings object  for HV-plp\nModified VM Global Settings object  for HV-proton-gprs\nModified VM Global Settings object  for HV-zerostudio",
    "LastUpdatedDate": "2013-05-16T04:39:47.13-07:00",
    "PlannedForRelease": "",
    "ReleaseVisibleToPublic": false,
    "Priority": {
      "Name": "Low",
      "Severity": 50,
      "Id": 1
    },
    "ProjectName": "PSHyperv",
    "ReportedDate": "2009-07-08T15:57:01.16-07:00",
    "Status": {
      "Name": "Closed",
      "Id": 4
    },
    "ReasonClosed": {
      "Name": "Unassigned"
    },
    "Summary": "BUG with pipe: Set-VM -AutoStartup",
    "Type": {
      "Name": "Issue",
      "Id": 3
    },
    "VoteCount": 1,
    "Id": 4502
  },
  "FileAttachments": [],
  "Comments": [
    {
      "Message": "Thanks. There should have been a line at the end of the filter $vm=$null. \r\nThis is fixed in 1.0c",
      "PostedDate": "2009-09-03T10:01:22.99-07:00",
      "Id": -2147483648
    },
    {
      "Message": "",
      "PostedDate": "2009-09-03T10:01:39.033-07:00",
      "Id": -2147483648
    },
    {
      "Message": "",
      "PostedDate": "2013-02-21T17:24:38.377-08:00",
      "Id": -2147483648
    },
    {
      "Message": "",
      "PostedDate": "2013-05-16T04:39:47.13-07:00",
      "Id": -2147483648
    }
  ]
}