{
  "WorkItem": {
    "AffectedComponent": {
      "Name": "",
      "DisplayName": ""
    },
    "ClosedComment": "",
    "ClosedDate": null,
    "CommentCount": 0,
    "Custom": null,
    "Description": "Some functions and filters do not have example code and those which do don't cover all the ways it can be used\n \nBecause powershell itself can easily extract and run the the example lines I'm thinking of something which will run each of the examples to prove that various bits are (or are not) working.",
    "LastUpdatedDate": "2013-02-21T17:24:43.127-08:00",
    "PlannedForRelease": "",
    "ReleaseVisibleToPublic": false,
    "Priority": {
      "Name": "Low",
      "Severity": 50,
      "Id": 1
    },
    "ProjectName": "PSHyperv",
    "ReportedDate": "2008-06-17T07:44:01.78-07:00",
    "Status": {
      "Name": "Active",
      "Id": 2
    },
    "ReasonClosed": {
      "Name": "Unassigned"
    },
    "Summary": "Examples incomplete",
    "Type": {
      "Name": "Task",
      "Id": 2
    },
    "VoteCount": 4,
    "Id": 2440
  },
  "FileAttachments": [],
  "Comments": [
    {
      "Message": "There is now some documentation with reasonably complete examples, provided as part of release 1.0",
      "PostedDate": "2009-01-26T09:36:48.287-08:00",
      "Id": -2147483648
    },
    {
      "Message": "",
      "PostedDate": "2009-01-26T09:36:49.13-08:00",
      "Id": -2147483648
    },
    {
      "Message": "",
      "PostedDate": "2011-10-12T01:56:18.467-07:00",
      "Id": -2147483648
    },
    {
      "Message": "",
      "PostedDate": "2013-02-21T17:24:43.127-08:00",
      "Id": -2147483648
    }
  ]
}