{
  "WorkItem": {
    "AffectedComponent": {
      "Name": "",
      "DisplayName": ""
    },
    "ClosedComment": "",
    "ClosedDate": null,
    "CommentCount": 0,
    "Custom": null,
    "Description": "After the \"C:\\Tools\\HyperV\\hyperV-Backup.ps1 –VM Mediaserver –ExportPath G:\\ –StartDelay 60\" I have the following Error on my Windows 8.1 Machine.\n\nError \"MSVM_ComputerSystem in Programm Files \\modules\\Hyperv\\vm.ps1:70 Zeichen :13\n\nhave any person an Idea? Can I run the Script with winows 8.1 with Hyper V. I have installated .Net Framework 4.5 or higher",
    "LastUpdatedDate": "2013-12-24T04:42:39.37-08:00",
    "PlannedForRelease": "",
    "ReleaseVisibleToPublic": false,
    "Priority": {
      "Name": "Unassigned",
      "Severity": 0,
      "Id": 0
    },
    "ProjectName": "PSHyperv",
    "ReportedDate": "2013-12-24T04:42:39.37-08:00",
    "Status": {
      "Name": "Proposed",
      "Id": 1
    },
    "ReasonClosed": {
      "Name": "Unassigned"
    },
    "Summary": "Problem after Installation HyperVTools",
    "Type": {
      "Name": "Unassigned",
      "Id": 5
    },
    "VoteCount": 1,
    "Id": 10483
  },
  "FileAttachments": [],
  "Comments": []
}