{
  "WorkItem": {
    "AffectedComponent": {
      "Name": "",
      "DisplayName": ""
    },
    "ClosedComment": "",
    "ClosedDate": "2009-01-26T13:04:21.84-08:00",
    "CommentCount": 0,
    "Custom": null,
    "Description": "As the title says, here is the fixed version:\n \nFilter New-VMSnapshot\n{Param( $VM , $Server=\".\", [switch]$Wait)\n if ($VM -eq $null) {$VM=$_ }\n if ($VM -is [String]) {$VM=(Get-VM -Name $VM -Server $server) }\n if ($VM -is [Array]) {$VM | ForEach-Object {New-VMSnapshot -VM  $_} }\n if ($VM -is [System.Management.ManagementObject]) {\n      #We are going to invoke CreateVirtualSystemSnapshot. Following from MSDN\n      #CreateVirtualSystemSnapshot. (\n      #  [in]   CIM_ComputerSystem Ref SourceSystem,  // Reference to the virtual computer system to be snapshotted.\n      #  [out]  CIM_VirtualSystemSettingData Ref SnapshotSettingData,  //The CIM_VirtualSystemSettingData instance that was created to represent the snapshot.\n      #  [out]  CIM_ConcreteJob Ref Job );\n      #If this method is executed synchronously, it returns 0 if it succeeds. \n      #If this method is executed asynchronously, it returns 4096 and the Job output parameter can be used to track the progress of the asynchronous operation.\n      # Any other return value indicates an error.\n      # Virtual system Setting data never seems to be set. \n     $arguments=($VM,$Null,$null) \n     $VSMgtSvc=Get-WmiObject -ComputerName $VM.__server -NameSpace  \"root\\virtualization\" -Class \"MsVM_virtualSystemManagementService\"\n     $result=$VSMgtSvc.psbase.invokeMethod(\"CreateVirtualSystemSnapshot\",$arguments)\n\t if ($Wait) {test-wmijob $arguments[2]  -wait -Description \"Snapshoting VM $($vm.elementName)\"}\n   \t else{\t\"Snapshoting VM '$($vm.elementName)': \"+ $ReturnCode[[string]$result] | Out-host\n     \t\t$arguments[2] }\n $vm=$null\n }\n}",
    "LastUpdatedDate": "2013-05-16T04:39:48.617-07:00",
    "PlannedForRelease": "",
    "ReleaseVisibleToPublic": false,
    "Priority": {
      "Name": "Low",
      "Severity": 50,
      "Id": 1
    },
    "ProjectName": "PSHyperv",
    "ReportedDate": "2008-11-24T07:51:03.47-08:00",
    "Status": {
      "Name": "Closed",
      "Id": 4
    },
    "ReasonClosed": {
      "Name": "Unassigned"
    },
    "Summary": "New-VMSnapshot does not support -Wait",
    "Type": {
      "Name": "Issue",
      "Id": 3
    },
    "VoteCount": 1,
    "Id": 3407
  },
  "FileAttachments": [],
  "Comments": [
    {
      "Message": "-wait switch is now supported in V1.0",
      "PostedDate": "2009-01-26T09:34:33.803-08:00",
      "Id": -2147483648
    },
    {
      "Message": "",
      "PostedDate": "2009-01-26T09:34:45.583-08:00",
      "Id": -2147483648
    },
    {
      "Message": "",
      "PostedDate": "2009-01-26T13:04:21.84-08:00",
      "Id": -2147483648
    },
    {
      "Message": "",
      "PostedDate": "2013-02-21T17:24:40.523-08:00",
      "Id": -2147483648
    },
    {
      "Message": "",
      "PostedDate": "2013-05-16T04:39:48.617-07:00",
      "Id": -2147483648
    }
  ]
}