{
  "WorkItem": {
    "AffectedComponent": {
      "Name": "",
      "DisplayName": ""
    },
    "ClosedComment": "Thank you, this was a bug I hadn&#39;t spotted, and the fix has been added to the SP1 release. ",
    "ClosedDate": "2011-03-10T11:48:29.53-08:00",
    "CommentCount": 0,
    "Custom": null,
    "Description": "I was able to fix this issue, but I wanted to document it here, in case someone else ran into the same thing...\n \nWHY:\nTo \"uncheck\" the \"Allow management operating system to share this network adapter\" after running the New-VMExternalSwitch command.\n \nWHAT:\nWhen executing the following: Remove-VMSwitchNIC -Server \"HYPERVSERVER\" -Name \"External NIC Name\" -force\n \nRESULT:\nI receive the following error:\n \nGet-WmiObject : Invalid namespace \nAt C:\\Program Files\\modules\\HyperV\\Network.ps1:364 char:41\n+      $nic                = get-wmiObject <<<<  -namespace $HyperVNamespace  -query \"Select * from Msvm_InternalEthernetPort where elementName = '$Name' \"\n    + CategoryInfo          : InvalidOperation: (:) [Get-WmiObject], ManagementException\n    + FullyQualifiedErrorId : GetWMIManagementException,Microsoft.PowerShell.Commands.GetWmiObjectCommand\n \nRESOLUTION:\nI have FIXED this by modifying the \"Network.ps1\" file at Line 364:\n \nFROM:\n$nic                = get-wmiObject -namespace $HyperVNamespace  -query \"Select * from Msvm_InternalEthernetPort where elementName = '$Name' \"\n \nTO:\n$nic                = get-wmiObject -computername $server -namespace $HyperVNamespace  -query \"Select * from Msvm_InternalEthernetPort where elementName = '$Name' \"\n \nDELTA:\nAdd \"-computername $server\" so that the script realizes that it is a remote machine that it is working on, not the local machine where the script is being executed.",
    "LastUpdatedDate": "2013-05-16T04:39:44.43-07:00",
    "PlannedForRelease": "",
    "ReleaseVisibleToPublic": false,
    "Priority": {
      "Name": "Low",
      "Severity": 50,
      "Id": 1
    },
    "ProjectName": "PSHyperv",
    "ReportedDate": "2011-02-19T02:34:50.92-08:00",
    "Status": {
      "Name": "Closed",
      "Id": 4
    },
    "ReasonClosed": {
      "Name": "Unassigned"
    },
    "Summary": "Remove-VMSwitchNIC - \"Invalid namespace\" Error when executing from Remote Server",
    "Type": {
      "Name": "Issue",
      "Id": 3
    },
    "VoteCount": 1,
    "Id": 7941
  },
  "FileAttachments": [],
  "Comments": []
}