{
  "WorkItem": {
    "AffectedComponent": {
      "Name": "",
      "DisplayName": ""
    },
    "ClosedComment": "",
    "ClosedDate": null,
    "CommentCount": 0,
    "Custom": null,
    "Description": "Hi,\n\nI have a host server running with W2k8R2 SP1 with Powershell Version 3 installed. I used the Powershell Management Library for monitoring the VMs.\n\nI have no issues in importing the module but when I run Get-VMSTATE I got the following error.\n\nPlease help.\n\nThanks\n\n==========================\n\nGet-WmiObject : Invalid object path\nAt C:\\Windows\\system32\\WindowsPowerShell\\v1.0\\Modules\\hyperv\\VMConfig.ps1:267 char:13\n+             Get-WmiObject -ComputerName $vm.__server -namespace $HyperVNamespace ...\n+ ~~~~~~~~~~~~~~~~~~~~~~~~~~~~~~~~~~~~~~~~~~~~~~~~~~~~~~~~~~~~~~~~~~~~~~~~~~~~~~~~\n    + CategoryInfo          : InvalidOperation: (:) [Get-WmiObject], ManagementException\n    + FullyQualifiedErrorId : GetWMIManagementException,Microsoft.PowerShell.Commands.GetWmiObjectCommand\n\nGet-WmiObject : Invalid object path\nAt C:\\Windows\\system32\\WindowsPowerShell\\v1.0\\Modules\\hyperv\\VMConfig.ps1:267 char:13\n+             Get-WmiObject -ComputerName $vm.__server -namespace $HyperVNamespace ...\n+ ~~~~~~~~~~~~~~~~~~~~~~~~~~~~~~~~~~~~~~~~~~~~~~~~~~~~~~~~~~~~~~~~~~~~~~~~~~~~~~~~\n    + CategoryInfo          : InvalidOperation: (:) [Get-WmiObject], ManagementException\n    + FullyQualifiedErrorId : GetWMIManagementException,Microsoft.PowerShell.Commands.GetWmiObjectCommand\n\nGet-WmiObject : Invalid object path\nAt C:\\Windows\\system32\\WindowsPowerShell\\v1.0\\Modules\\hyperv\\VMConfig.ps1:267 char:13\n+             Get-WmiObject -ComputerName $vm.__server -namespace $HyperVNamespace ...\n+ ~~~~~~~~~~~~~~~~~~~~~~~~~~~~~~~~~~~~~~~~~~~~~~~~~~~~~~~~~~~~~~~~~~~~~~~~~~~~~~~~\n    + CategoryInfo          : InvalidOperation: (:) [Get-WmiObject], ManagementException\n    + FullyQualifiedErrorId : GetWMIManagementException,Microsoft.PowerShell.Commands.GetWmiObjectCommand",
    "LastUpdatedDate": "2015-08-04T05:39:17.28-07:00",
    "PlannedForRelease": "",
    "ReleaseVisibleToPublic": false,
    "Priority": {
      "Name": "Unassigned",
      "Severity": 0,
      "Id": 0
    },
    "ProjectName": "PSHyperv",
    "ReportedDate": "2015-08-04T05:39:17.28-07:00",
    "Status": {
      "Name": "Proposed",
      "Id": 1
    },
    "ReasonClosed": {
      "Name": "Unassigned"
    },
    "Summary": "Get-VMSTATE error with GWMI",
    "Type": {
      "Name": "Unassigned",
      "Id": 5
    },
    "VoteCount": 1,
    "Id": 10967
  },
  "FileAttachments": [],
  "Comments": []
}