{
  "WorkItem": {
    "AffectedComponent": {
      "Name": "",
      "DisplayName": ""
    },
    "ClosedComment": "",
    "ClosedDate": null,
    "CommentCount": 0,
    "Custom": null,
    "Description": "After a while using the pshyperv stuff, I get \"Get-WmiObject : Invalid class\"\n \nIf I set $HyperVNamespace back to 'root\\virtualization', it starts working again.",
    "LastUpdatedDate": "2013-02-21T17:24:32.693-08:00",
    "PlannedForRelease": "",
    "ReleaseVisibleToPublic": false,
    "Priority": {
      "Name": "Low",
      "Severity": 50,
      "Id": 1
    },
    "ProjectName": "PSHyperv",
    "ReportedDate": "2011-06-13T06:57:31.54-07:00",
    "Status": {
      "Name": "Proposed",
      "Id": 1
    },
    "ReasonClosed": {
      "Name": "Unassigned"
    },
    "Summary": "Scripts forget $HyperVNamespace",
    "Type": {
      "Name": "Issue",
      "Id": 3
    },
    "VoteCount": 5,
    "Id": 8362
  },
  "FileAttachments": [
    {
      "FileId": 2972,
      "FileName": "HyperV.zip",
      "DownloadUrl": ".\\2972"
    }
  ],
  "Comments": [
    {
      "Message": "Looks like it happens if I Import-Module HyperV twice.",
      "PostedDate": "2011-06-13T07:02:38.93-07:00",
      "Id": -2147483648
    },
    {
      "Message": "",
      "PostedDate": "2011-10-06T04:32:23.18-07:00",
      "Id": -2147483648
    },
    {
      "Message": "",
      "PostedDate": "2011-11-22T19:01:04.417-08:00",
      "Id": -2147483648
    },
    {
      "Message": "",
      "PostedDate": "2012-03-31T14:57:09.5-07:00",
      "Id": -2147483648
    },
    {
      "Message": "",
      "PostedDate": "2012-03-31T15:00:10.11-07:00",
      "Id": -2147483648
    },
    {
      "Message": "Using a root script module to dot-source the module's *.ps1 files instead of referring to them using the ModuleManifest's NestedModules fixes this bug. See attachment for updated files.",
      "PostedDate": "2012-03-31T15:00:12.153-07:00",
      "Id": -2147483648
    },
    {
      "Message": "",
      "PostedDate": "2012-09-05T10:54:10.84-07:00",
      "Id": -2147483648
    },
    {
      "Message": "",
      "PostedDate": "2013-02-21T17:24:32.693-08:00",
      "Id": -2147483648
    }
  ]
}