{
  "WorkItem": {
    "AffectedComponent": {
      "Name": "",
      "DisplayName": ""
    },
    "ClosedComment": "",
    "ClosedDate": "2009-01-26T13:04:20.823-08:00",
    "CommentCount": 0,
    "Custom": null,
    "Description": "Title says it all. \nThis has been added for builds after 0.9",
    "LastUpdatedDate": "2013-05-16T04:39:49.41-07:00",
    "PlannedForRelease": "",
    "ReleaseVisibleToPublic": false,
    "Priority": {
      "Name": "Low",
      "Severity": 50,
      "Id": 1
    },
    "ProjectName": "PSHyperv",
    "ReportedDate": "2008-08-10T15:55:54.777-07:00",
    "Status": {
      "Name": "Closed",
      "Id": 4
    },
    "ReasonClosed": {
      "Name": "Unassigned"
    },
    "Summary": "Add support for capturing a thumbnail JPG of a running VM",
    "Type": {
      "Name": "Issue",
      "Id": 3
    },
    "VoteCount": 1,
    "Id": 2845
  },
  "FileAttachments": [],
  "Comments": [
    {
      "Message": "\r\n\r\n** Closed by jamesone 8/10/2008 3:56 PM",
      "PostedDate": "2008-08-10T15:56:59.9-07:00",
      "Id": -2147483648
    },
    {
      "Message": "",
      "PostedDate": "2008-08-10T15:57:00.23-07:00",
      "Id": -2147483648
    },
    {
      "Message": "",
      "PostedDate": "2008-08-10T15:57:10.23-07:00",
      "Id": -2147483648
    },
    {
      "Message": "",
      "PostedDate": "2009-01-26T13:04:20.823-08:00",
      "Id": -2147483648
    },
    {
      "Message": "",
      "PostedDate": "2013-02-21T17:24:41.487-08:00",
      "Id": -2147483648
    },
    {
      "Message": "",
      "PostedDate": "2013-05-16T04:39:49.41-07:00",
      "Id": -2147483648
    }
  ]
}