{
  "WorkItem": {
    "AffectedComponent": {
      "Name": "",
      "DisplayName": ""
    },
    "ClosedComment": "Changed for the SP1 release",
    "ClosedDate": "2011-03-10T12:48:54.22-08:00",
    "CommentCount": 0,
    "Custom": null,
    "Description": "1. Open a x86 powershell console on a 64bit system.\n2. Enter \n \nnew-vmconnectsession -vm myvm -server myserver\n \nThat doesn't work. Error: \"Can not run VMConnect is on this system. Skipping\". New-vmconnectsession searches vmconnect.exe in $env:programfiles. Should also look in $env:programW6432 when running in an x86 shell on x64 systems.",
    "LastUpdatedDate": "2013-05-16T04:39:45.363-07:00",
    "PlannedForRelease": "",
    "ReleaseVisibleToPublic": false,
    "Priority": {
      "Name": "Low",
      "Severity": 50,
      "Id": 1
    },
    "ProjectName": "PSHyperv",
    "ReportedDate": "2010-03-29T06:43:26.293-07:00",
    "Status": {
      "Name": "Closed",
      "Id": 4
    },
    "ReasonClosed": {
      "Name": "Unassigned"
    },
    "Summary": "new-vmconnectsession returns \"Can not run VMConnect is on this system.\" in x86 shell on x64 system",
    "Type": {
      "Name": "Issue",
      "Id": 3
    },
    "VoteCount": 2,
    "Id": 6250
  },
  "FileAttachments": [],
  "Comments": [
    {
      "Message": "Is there a work around?  I am under the impression that vmconnect is not installed on hyper-v server, can that be done?",
      "PostedDate": "2010-11-26T06:35:15.047-08:00",
      "Id": -2147483648
    },
    {
      "Message": "Jeff : As far as I remember VMConnect.exe isn't on Hyper-V server or Server Core and copying the files on doesn't work because some of the deeper things that needed to get them to work aren't present. \r\n\r\nMartinL The only work round I can see (the glib answer would be to say only X64 is supported) is hard code it to look in default program files folder, which will break if for some reason program files is on D: instead of C.   I think you're safe to do that but I propose **not to change** the library. ",
      "PostedDate": "2011-02-04T04:05:58.8-08:00",
      "Id": -2147483648
    },
    {
      "Message": "I have changed the function so that it looks for the environment variables which indicate it is running in 32 bit PowerShell, and it will look in the right folder. ",
      "PostedDate": "2011-03-10T12:48:14.867-08:00",
      "Id": -2147483648
    },
    {
      "Message": "",
      "PostedDate": "2011-03-10T12:48:54.22-08:00",
      "Id": -2147483648
    },
    {
      "Message": "",
      "PostedDate": "2013-02-21T17:24:35.8-08:00",
      "Id": -2147483648
    },
    {
      "Message": "",
      "PostedDate": "2013-05-16T04:39:45.363-07:00",
      "Id": -2147483648
    }
  ]
}