{
  "WorkItem": {
    "AffectedComponent": {
      "Name": "",
      "DisplayName": ""
    },
    "ClosedComment": "Fixed in SP1",
    "ClosedDate": "2011-03-10T11:56:17.54-08:00",
    "CommentCount": 0,
    "Custom": null,
    "Description": "Hello,\nWhen calling Merge-VHD to execute on a remote server, the function returns without error AND without doing anything.\nTracing with debugpreference = \"Continue\", I found out in disk.ps1 that line 756 has a bad syntax to compare $Server to \".\"; should be -eq \".\", like on line 759.\nThere's no other occurence of a similar error in disk.ps1.\nthx,\nLB",
    "LastUpdatedDate": "2013-05-16T04:39:44.86-07:00",
    "PlannedForRelease": "",
    "ReleaseVisibleToPublic": false,
    "Priority": {
      "Name": "Low",
      "Severity": 50,
      "Id": 1
    },
    "ProjectName": "PSHyperv",
    "ReportedDate": "2010-07-04T03:48:29.41-07:00",
    "Status": {
      "Name": "Closed",
      "Id": 4
    },
    "ReasonClosed": {
      "Name": "Unassigned"
    },
    "Summary": "Merge-VHD has a bug and I corrected it",
    "Type": {
      "Name": "Issue",
      "Id": 3
    },
    "VoteCount": 2,
    "Id": 6944
  },
  "FileAttachments": [],
  "Comments": [
    {
      "Message": "Under investigation.",
      "PostedDate": "2011-02-04T04:08:04.68-08:00",
      "Id": -2147483648
    },
    {
      "Message": "This only affected remote servers and you have correctly identified the cause. Thank you. It's fixed in the SP1 release. \r\n",
      "PostedDate": "2011-03-10T11:56:05.727-08:00",
      "Id": -2147483648
    },
    {
      "Message": "",
      "PostedDate": "2011-03-10T11:56:17.54-08:00",
      "Id": -2147483648
    },
    {
      "Message": "",
      "PostedDate": "2013-02-21T17:24:35.24-08:00",
      "Id": -2147483648
    },
    {
      "Message": "",
      "PostedDate": "2013-05-16T04:39:44.86-07:00",
      "Id": -2147483648
    }
  ]
}