[
  {
    "Id": "0",
    "Name": "R2 Release candidate2",
    "DevelopmentStatus": "Beta",
    "Description": "The code was updated to RC2 on December 8th. Changes are very minor. \n\nThis release was produced to exploit PowerShell V2 and as a PowerShell _module_ *it will not run on v1* If you are running and R2 server OS, or are doing remote management from Windows 7 then you have PowerShell V2. If you  are running on \"Classic\" 2008, you will need to upgrade the supplied PowerShell V1 to V2 or stick to [V1 of the library |http://pshyperv.codeplex.com/Release/ProjectReleases.aspx?ReleaseId=21642] \n\nFrom any computer which runs PowerShell Version 2, the Module will manage remotely or locally manage \"classic\" or R2 versions of Hyper-V. It can be installed on servers, and in R2, Core installations and Hyper-V server support PowerShell. \nChanges for \"2\" \n*Online help\n*Support for localization (only English is provided, but there is a single place to make changes to support other languages) \n*Menu system similar to the [PowerShell configurator|http://psconfig.codeplex.com/] \n*Support for -whatif -confirm -verbose -force switches throughout. \n*Improved flexibility with parameters and piping of data. \n*Functions use standardized PowerShell verbs with aliases to provide backwards compatibility. \n\nThanks to the people who helped out with this release, too many to mention but I will single out Mike Kolitz as the person who has given most help. \n\nWith V1 people who were new to PowerShell asked a number of questions which are covered in the documentation, (how to load the functions), so please have a look at it. If you have checked the documentation and are stuck, or you get an error that you think you shouldn't or want to improve something +But +please say so+.  This build is designated a release candidate so *your feed back is still wanted*.  I've created a thread on the issue tracker for typing and spelling errors in V2 Messages, help and documentation. The current download is built from 30382 in the source tree. The documentation was built for an earlier release and needs some updates.\n\nOne final request. I work as an evangelist for Microsoft, not a developer. This project has been done with some \"work\" time and some \"personal\" time; because it stems from my employment the copyright in it belongs to Microsoft but it is licensed in way that gives you the maximum amount of freedom.  If you using it has made you feel more positive about Hyper-V , PowerShell or Microsoft in general, or you have used it in an interesting project then a quick mail to me so I can show people it was worth doing would be appreciated. \n",
    "ReleasedDatge": "0001-01-01T00:00:00",
    "ModifiedDate": "2010-01-18T11:46:22.333-08:00",
    "Files": [
      {
        "Id": "b505117f-a4d8-465e-b8e5-0a8b714f6f54",
        "FileName": "HyperV.zip",
        "Url": "./0/b505117f-a4d8-465e-b8e5-0a8b714f6f54",
        "Type": "Application",
        "UploadDate": "2009-12-08T15:48:40.267-08:00"
      },
      {
        "Id": "07a3b02c-eb11-4c4d-b5cd-2062baa3d2f2",
        "FileName": "PShyperv-v2.pdf",
        "Url": "./0/07a3b02c-eb11-4c4d-b5cd-2062baa3d2f2",
        "Type": "Documentation",
        "UploadDate": "2009-09-07T02:48:08.943-07:00"
      }
    ]
  },
  {
    "Id": "1",
    "Name": "1.00b",
    "DevelopmentStatus": "Stable",
    "Description": "*Please Note* a \"1.00b\" was posted in the small hours of the morning on Jan 31st.  Prior to this there was an issue which prevented New-VM working on PowerShell 1.0. (2.0 was OK).  The same issue applied to Add-VMKvp and Remove-VMKVP, and an unresolved bug was also found in Remove-VMKVP. Finally the Get-VMSummary which appeared in the issues was not incorpated into 1,00 as planned, and this was corrected in 1.00b\n\n\nThis release has been longer in preparation than I planned. \n\nSome basic things\n1. The script needs to be loaded with . <path>  will warn you if you do not included the leading dot and if you do not appear to have sufficient rights. These have been the two most common questions. \n2. There is now an XML formatting file so that functions can return raw objects but have them nicely formatted. You can change the XML file if need be. \n3. There is documentation !\n4. Some very simple testing has been done against Server-2008 R2 - nothing seems to have broken. \n\nThe number of changes from the previous build is quite large, but I home very few things will break. I have tried to support more ways of calling functions - including many more supporting the Piping of input, more consistent naming, and using the formatting file I have removed the LIST- functions which went with many of the GET- Functions. \n\n",
    "ReleasedDatge": "0001-01-01T00:00:00",
    "ModifiedDate": "2009-01-30T18:52:28.173-08:00",
    "Files": [
      {
        "Id": "50478346-8b1d-4371-80fd-52ffa82541a2",
        "FileName": "hyperv.zip",
        "Url": "./1/50478346-8b1d-4371-80fd-52ffa82541a2",
        "Type": "Application",
        "UploadDate": "2009-01-30T18:49:20.017-08:00"
      },
      {
        "Id": "cea7c416-f607-44ff-b956-f064117c8431",
        "FileName": "PShyperv.pdf",
        "Url": "./1/cea7c416-f607-44ff-b956-f064117c8431",
        "Type": "Documentation",
        "UploadDate": "2009-01-25T14:21:46.65-08:00"
      }
    ]
  },
  {
    "Id": "2",
    "Name": "0.95a Beta",
    "DevelopmentStatus": "None",
    "Description": "Several minor bugs have been fixed, including 2 which were in the non -a release and there is more consistency with parameter passing. \n\n* where a command had a MachineName parameter it is now simply Name. \n\n* Get-VMDrive has been renamed Get-VMDriveByController, and Get-VMDisk has been renamed Get-VMDiskByDrive\n* The old List-VMState and List-VMDisk have become Get-VMState and Get-VMdisk\n\n* A Get-VMJpeg function has been added to get snapshots\n\n* Functions have been added to support the creation of Network interfaces, Choose-VMExternalEthernet, New-VMExternalSwitch, VMNewIntrnalSwitch, New-VMPrivateSwitch\n\n* Get-VMNic will return Legacy and VMBus NICs if neither type is specified (previously -Legacy and -Vmbus needed to used)\n\n* New VHD functions have been added for Expand-VHD, Convert-VHD, Test-VHD, Merge-VHD\n\n* Apply-snapshot now supports -Force and -Restart switches. \n\n* A bug in the reg file has been fixed - there was a space missing before /C \n\nThis is now \"feature complete\". I'm aware there are still several places where functions should be able to accept an array or piped input can not do so.  I'm going to try to tidy-up those items and finalize the examples embedded in the script and move onto to documenting the code. \n\nMany thanks to the 700 people who downloaded the previous version. Because of the number of chnages I'd really value any feedback, bug reports etc. before declaring this to be the final version.",
    "ReleasedDatge": "0001-01-01T00:00:00",
    "ModifiedDate": "2008-08-26T12:32:05.557-07:00",
    "Files": [
      {
        "Id": "bc3f5df4-ade6-4006-9cf8-ff8c679c3c03",
        "FileName": "hyperv.zip",
        "Url": "./2/bc3f5df4-ade6-4006-9cf8-ff8c679c3c03",
        "Type": "Source Code",
        "UploadDate": "2008-08-26T12:32:16.133-07:00"
      }
    ]
  },
  {
    "Id": "3",
    "Name": "R2 SP1",
    "DevelopmentStatus": "Beta",
    "Description": "*Before Downloading* \nWhen you download a Zip it is flagged as coming from the internet. You should +go to file properties and remove the block on the file before Unzipping it+ and using the the contents. If you don't do this PowerShell's execution policy will block the files unless you set it to \"bypass. \"\nThere is a cmd file to configure the library, please run this from a command prompt not from explorer. \n\nThe R2 \"Gold\" version has been stable for just over a year. \nIn SP1 I have fixed the bugs I was notified of , and more which I found. The help files contained numerous errors which have been fixed, although I daresay a few remain.\nThe final changes are still being made to the documentation the [url:previous version|http://pshyperv.codeplex.com/releases/view/38769#DownloadId=101935] is still available. \nI have introduced support for script blocks in a few places where I could see it would make sense,  So for example, you can pipe VMs into Add-VMDisk, and use an code block to turn the VM names into VHD names. \nI have added support to Ping-VM for the IP address which is now sent back from the VM by the Key/Value Pair integration components\nI have also added support for the RemoteFX graphics controllers introduced in SP1 and , last but not least\nSet-VMmemory and handling of the memory settings WMI object now support dynamic memory. \n\nWhen I have tested the download process works sucessfully this message will be removed and this release will be made the default.",
    "ReleasedDatge": "0001-01-01T00:00:00",
    "ModifiedDate": "2011-04-15T14:44:17.94-07:00",
    "Files": [
      {
        "Id": "eb4298cd-f908-4399-81c2-138ea752761e",
        "FileName": "PsHyperV.zip",
        "Url": "./3/eb4298cd-f908-4399-81c2-138ea752761e",
        "Type": "Application",
        "UploadDate": "2011-03-19T17:20:27.263-07:00"
      }
    ]
  },
  {
    "Id": "4",
    "Name": "R2 Gold",
    "DevelopmentStatus": "Beta",
    "Description": "Release Notes\nThis update from the RC version contains more changes than would be normal , hence it is designated as \"Gold\" rather than \"release\".  I expect there to be corrections to the on-line help text. \n\nThis release was produced to exploit PowerShell V2 and as a PowerShell module it +*will not run on v1*+ If you are running an R2 server OS, or are doing remote management from Windows 7 then you have PowerShell V2. If you are running on \"Classic\" 2008, you will need to upgrade the supplied PowerShell V1 to V2 or stick to V1 of the library \n\nFrom any computer which runs PowerShell Version 2, the Module will manage remotely or locally manage \"classic\" or R2 versions of Hyper-V. It can be installed on servers, and in R2, Core installations and Hyper-V server support PowerShell. \nChanges for \"2\" \n*Online help\n*Support for localization (only English is provided, but there is a single place to make changes to support other languages) \n*Menu system similar to the PowerShell configurator \n*Support for -whatif -confirm -verbose -force switches throughout. \n*Improved flexibility with parameters and piping of data. \n*Functions use standardized PowerShell verbs with aliases to provide backwards compatibility. \n\nSince the RC stage I have added \n*Support for PowerShell remoting \n*Support for clustering \n\nThanks to the people who helped out with this release, too many to mention but I will single out Mike Kolitz as the person who has given most help. \n\nWith V1 people who were new to PowerShell asked a number of questions which are covered in the documentation, (how to load the functions), so please have a look at it. If you have checked the documentation and are stuck, or you get an error that you think you shouldn't or want to improve something please say so+. Your feed back is still wanted. I've created a thread on the issue tracker for typing and spelling errors in V2 Messages, help and documentation. \n\n\nOne final request. I work as an evangelist for Microsoft, not a developer. This project has been done with some \"work\" time and some \"personal\" time; because it stems from my employment the copyright in it belongs to Microsoft but it is licensed in way that gives you the maximum amount of freedom. If you using it has made you feel more positive about Hyper-V , PowerShell or Microsoft in general, or you have used it in an interesting project then a quick mail to me so I can show people it was worth doing would be appreciated.",
    "ReleasedDatge": "0001-01-01T00:00:00",
    "ModifiedDate": "2010-01-18T11:54:04.803-08:00",
    "Files": [
      {
        "Id": "bf23b6d1-ec52-4e7a-8359-083b572ce220",
        "FileName": "PShyperv-R2.pdf",
        "Url": "./4/bf23b6d1-ec52-4e7a-8359-083b572ce220",
        "Type": "Documentation",
        "UploadDate": "2010-01-18T10:10:05.87-08:00"
      },
      {
        "Id": "8de7b5d4-2ea9-4c4a-84b6-01f4e10106dd",
        "FileName": "HyperV_Install.zip",
        "Url": "./4/8de7b5d4-2ea9-4c4a-84b6-01f4e10106dd",
        "Type": "Application",
        "UploadDate": "2010-01-18T11:54:04.63-08:00"
      }
    ]
  }
]