[
  {
    "Id": "1117294",
    "ThreadId": "465321",
    "Html": "I am able to use the source package and modify it to include additional properties that I want extracted from the PDF and assigned as metadata in SharePoint (2013). The project builds fine without any errors however when I deploy and activate the feature I receive &quot;Event manager error: Could not load type 'ik.SharePoint2013.PDFUploadMetadataExtractor.EventReceiver1.EventReceiver1' from assembly 'ik.SharePoint2013.PDFUploadMetadataExtractor, Version=1.0.0.0, Culture=neutral, PublicKeyToken=2d7fb7a4db63a90b'.&quot;\r<br />\n<br />\nDo you have ideas in terms of what would cause this behavior?<br />\n",
    "PostedDate": "2013-11-04T09:47:59.56-08:00",
    "UserRole": null,
    "MarkedAsAnswerDate": null
  }
]