{
  "WorkItem": {
    "AffectedComponent": {
      "Name": "",
      "DisplayName": ""
    },
    "ClosedComment": "",
    "ClosedDate": "2013-02-23T03:15:20.913-08:00",
    "CommentCount": 0,
    "Custom": null,
    "Description": "You may get an error while opening the solution in VS2012 on your SP2010 dev environment because the SP2013 dev tools are not installed. \n\nThis is not a big problem! - Just remove the SP2013 project from the solution...",
    "LastUpdatedDate": "2013-05-15T19:44:43.45-07:00",
    "PlannedForRelease": "SharePoint PDF Upload Metadata Extractor - v1.0",
    "ReleaseVisibleToPublic": true,
    "Priority": {
      "Name": "Low",
      "Severity": 50,
      "Id": 1
    },
    "ProjectName": "sppdfmetadataextract",
    "ReportedDate": "2013-02-23T03:12:21.933-08:00",
    "Status": {
      "Name": "Closed",
      "Id": 4
    },
    "ReasonClosed": {
      "Name": "Unassigned"
    },
    "Summary": "Error while open solution in VS2012 on SP2010 dev environment",
    "Type": {
      "Name": "Issue",
      "Id": 3
    },
    "VoteCount": 1,
    "Id": 1611
  },
  "FileAttachments": [],
  "Comments": [
    {
      "Message": "** Closed by ikarstein 2/23/2013 3:14 AM",
      "PostedDate": "2013-02-23T03:14:54.403-08:00",
      "Id": -2147483648
    },
    {
      "Message": "",
      "PostedDate": "2013-02-23T03:14:54.557-08:00",
      "Id": -2147483648
    },
    {
      "Message": "",
      "PostedDate": "2013-02-23T03:15:20.913-08:00",
      "Id": -2147483648
    },
    {
      "Message": "",
      "PostedDate": "2013-05-15T19:44:43.45-07:00",
      "Id": -2147483648
    }
  ]
}