[
  {
    "Id": "0",
    "Name": "SharePoint PDF Upload Metadata Extractor - v1.0",
    "DevelopmentStatus": "Stable",
    "Description": "Version 1.0",
    "ReleasedDatge": "0001-01-01T00:00:00",
    "ModifiedDate": "2013-02-22T14:36:26.317-08:00",
    "Files": [
      {
        "Id": "e4230b45-18bd-4b67-b206-2eee18887cb1",
        "FileName": "PDFUploadMetadataExtractor-v1.0.0.0-bin.zip",
        "Url": "./0/e4230b45-18bd-4b67-b206-2eee18887cb1",
        "Type": "Application",
        "UploadDate": "2013-02-22T14:34:01.223-08:00"
      },
      {
        "Id": "b238ae3f-a1e6-4b21-902f-fe82d542c525",
        "FileName": "PDFUploadMetadataExtractor-v1.0.0.0-src.zip",
        "Url": "./0/b238ae3f-a1e6-4b21-902f-fe82d542c525",
        "Type": "Application",
        "UploadDate": "2013-02-22T14:34:49.77-08:00"
      }
    ]
  }
]