[
  {
    "Id": "0",
    "Name": "ik.LongPathSupport-v0.1.0.0",
    "DevelopmentStatus": "Beta",
    "Description": "! This is version 0.1.0.0 of \"LongPathSupport\".\n\n*This is the corresponding blog article*\n[url:http://ikarstein.wordpress.com/2011/08/22/longpathsupport-operate-with-files-and-directories-with-long-paths-in-net-codeplex-project/]",
    "ReleasedDatge": "0001-01-01T00:00:00",
    "ModifiedDate": "2011-09-08T13:58:53.037-07:00",
    "Files": [
      {
        "Id": "90f50805-3616-4472-ba53-083aeed70e95",
        "FileName": "ikLongPathSupport-src-v0.1.0.0.zip",
        "Url": "./0/90f50805-3616-4472-ba53-083aeed70e95",
        "Type": "Source Code",
        "UploadDate": "2011-08-22T02:34:26.1-07:00"
      },
      {
        "Id": "c4b33773-c21f-4699-a9c7-ca9cbb591238",
        "FileName": "ikLongPathSupport-bin-v0.1.0.0.zip",
        "Url": "./0/c4b33773-c21f-4699-a9c7-ca9cbb591238",
        "Type": "Application",
        "UploadDate": "2011-08-22T02:33:59.243-07:00"
      }
    ]
  }
]