[
  {
    "Id": "0",
    "Name": "SPWebPSConsole-v0.1.0.0",
    "DevelopmentStatus": "Alpha",
    "Description": "Release version 0.1.0.0\n\ncorresponding blog post:",
    "ReleasedDatge": "0001-01-01T00:00:00",
    "ModifiedDate": "2011-09-09T13:02:54.517-07:00",
    "Files": [
      {
        "Id": "a1a8d81a-3633-4db9-8355-cdce211e0eea",
        "FileName": "SPWebPSConsole-v0.1.0.0-src.zip",
        "Url": "./0/a1a8d81a-3633-4db9-8355-cdce211e0eea",
        "Type": "Application",
        "UploadDate": "2011-09-09T13:02:21.403-07:00"
      },
      {
        "Id": "ac65f7b7-b5d4-47ea-a858-2d65736cbf49",
        "FileName": "SPWebPSConsole-v0.1.0.0-bin.zip",
        "Url": "./0/ac65f7b7-b5d4-47ea-a858-2d65736cbf49",
        "Type": "Application",
        "UploadDate": "2011-09-09T13:01:59.95-07:00"
      }
    ]
  }
]