[
  {
    "Title": "Home",
    "Id": "471157",
    "ParentWikiTitle": "",
    "FileExtension": "html",
    "UpdatedDate": "2011-09-09T13:08:52.22-07:00",
    "FileAttachments": [
      {
        "Id": "be32c0b2-087e-4b30-b3e4-2fb5a8f070a9",
        "FileName": "image_thumb13_4.png",
        "DownloadUri": "./471157/be32c0b2-087e-4b30-b3e4-2fb5a8f070a9"
      },
      {
        "Id": "a6dd7a67-b9d3-42a5-94ea-1a995f21a394",
        "FileName": "image_thumb13_thumb_1.png",
        "DownloadUri": "./471157/a6dd7a67-b9d3-42a5-94ea-1a995f21a394"
      },
      {
        "Id": "f5dc0d8f-de43-427d-b24c-c8fc63340caf",
        "FileName": "image_thumb12_4.png",
        "DownloadUri": "./471157/f5dc0d8f-de43-427d-b24c-c8fc63340caf"
      },
      {
        "Id": "cf30d353-bd75-4f74-baae-1202cf30ad4a",
        "FileName": "image_thumb12_thumb_1.png",
        "DownloadUri": "./471157/cf30d353-bd75-4f74-baae-1202cf30ad4a"
      },
      {
        "Id": "96999edb-939f-40fc-ab8b-cd5747f39ba3",
        "FileName": "image_thumb11_4.png",
        "DownloadUri": "./471157/96999edb-939f-40fc-ab8b-cd5747f39ba3"
      },
      {
        "Id": "4f7d6266-5df4-4401-9e32-f617346489a8",
        "FileName": "image_thumb11_thumb_1.png",
        "DownloadUri": "./471157/4f7d6266-5df4-4401-9e32-f617346489a8"
      },
      {
        "Id": "eddcf454-ec02-4541-b053-59897a7676e9",
        "FileName": "image_thumb10_4.png",
        "DownloadUri": "./471157/eddcf454-ec02-4541-b053-59897a7676e9"
      },
      {
        "Id": "94d118c1-85ab-4b37-aba6-c8c94e7c7b06",
        "FileName": "image_thumb10_thumb_1.png",
        "DownloadUri": "./471157/94d118c1-85ab-4b37-aba6-c8c94e7c7b06"
      },
      {
        "Id": "43150a73-890a-4583-a8dc-5748a6755f39",
        "FileName": "image_thumb9_4.png",
        "DownloadUri": "./471157/43150a73-890a-4583-a8dc-5748a6755f39"
      },
      {
        "Id": "a82b6b56-4f6d-479b-a673-c64d379359f9",
        "FileName": "image_thumb9_thumb_1.png",
        "DownloadUri": "./471157/a82b6b56-4f6d-479b-a673-c64d379359f9"
      },
      {
        "Id": "70935250-0709-4d65-94f3-a5c5a981039a",
        "FileName": "image_thumb8_4.png",
        "DownloadUri": "./471157/70935250-0709-4d65-94f3-a5c5a981039a"
      },
      {
        "Id": "58353334-9bcc-4bf9-b238-37298ac22875",
        "FileName": "image_thumb8_thumb_1.png",
        "DownloadUri": "./471157/58353334-9bcc-4bf9-b238-37298ac22875"
      },
      {
        "Id": "e41421a2-afef-4d63-a5d4-b129ed7cbccb",
        "FileName": "image_thumb7_4.png",
        "DownloadUri": "./471157/e41421a2-afef-4d63-a5d4-b129ed7cbccb"
      },
      {
        "Id": "6671411e-d850-4b62-baaf-baa07406c8fe",
        "FileName": "image_thumb7_thumb_1.png",
        "DownloadUri": "./471157/6671411e-d850-4b62-baaf-baa07406c8fe"
      }
    ]
  }
]
