[
  {
    "Id": "0",
    "Name": "WebPSConsole-v0.1.0.0",
    "DevelopmentStatus": "Alpha",
    "Description": "! This is v0.1.0.0 of project \"Web based PowerShell Console\".\n\nSee the corresponding article on my blog:\n[url:http://ikarstein.wordpress.com/2011/09/02/webpsconsole-web-based-powershell-console-a-new-project-on-codeplex/]",
    "ReleasedDatge": "0001-01-01T00:00:00",
    "ModifiedDate": "2011-09-05T00:36:16.977-07:00",
    "Files": [
      {
        "Id": "8127c208-9a92-4c5e-9b08-f125418863cd",
        "FileName": "WebPSConsole-v0.1.0.0-src.zip",
        "Url": "./0/8127c208-9a92-4c5e-9b08-f125418863cd",
        "Type": "Source Code",
        "UploadDate": "2011-09-02T01:45:54.86-07:00"
      },
      {
        "Id": "24ae1b98-da11-4792-9f3b-30b4aea95ed2",
        "FileName": "WebPSConsole-v0.1.0.0-bin.zip",
        "Url": "./0/24ae1b98-da11-4792-9f3b-30b4aea95ed2",
        "Type": "Application",
        "UploadDate": "2011-09-02T01:45:27.353-07:00"
      }
    ]
  }
]