[
  {
    "Title": "Home",
    "Id": "468045",
    "ParentWikiTitle": "",
    "FileExtension": "html",
    "UpdatedDate": "2011-09-02T02:46:52.077-07:00",
    "FileAttachments": [
      {
        "Id": "befbf8aa-3578-4886-b64b-f78fad953345",
        "FileName": "image_2.png",
        "DownloadUri": "./468045/befbf8aa-3578-4886-b64b-f78fad953345"
      },
      {
        "Id": "1fb90a91-7c34-4131-a122-b95ed440f45a",
        "FileName": "image_thumb.png",
        "DownloadUri": "./468045/1fb90a91-7c34-4131-a122-b95ed440f45a"
      },
      {
        "Id": "1e00c1a5-dc59-4e5c-9c56-1c580397f112",
        "FileName": "image_4.png",
        "DownloadUri": "./468045/1e00c1a5-dc59-4e5c-9c56-1c580397f112"
      },
      {
        "Id": "665b08b6-2fa4-4c11-ac7d-7fda3bdc5e59",
        "FileName": "image_thumb_1.png",
        "DownloadUri": "./468045/665b08b6-2fa4-4c11-ac7d-7fda3bdc5e59"
      },
      {
        "Id": "e32c7df8-d65c-4e6e-92bc-3e2de4e1e348",
        "FileName": "image_6.png",
        "DownloadUri": "./468045/e32c7df8-d65c-4e6e-92bc-3e2de4e1e348"
      },
      {
        "Id": "fe3747c4-f77b-470f-9d53-b4fee09686ab",
        "FileName": "image_thumb_2.png",
        "DownloadUri": "./468045/fe3747c4-f77b-470f-9d53-b4fee09686ab"
      },
      {
        "Id": "4b5e1810-12f2-4d1e-bc33-641501bf8b72",
        "FileName": "image_8.png",
        "DownloadUri": "./468045/4b5e1810-12f2-4d1e-bc33-641501bf8b72"
      },
      {
        "Id": "3b01d1eb-1f68-4a17-b77f-7645567cd524",
        "FileName": "image_thumb_3.png",
        "DownloadUri": "./468045/3b01d1eb-1f68-4a17-b77f-7645567cd524"
      },
      {
        "Id": "f08db7fa-6ef6-4864-9d36-20892a0f1597",
        "FileName": "image_10.png",
        "DownloadUri": "./468045/f08db7fa-6ef6-4864-9d36-20892a0f1597"
      },
      {
        "Id": "dc254c08-8ffb-4b7f-85f6-2a10df16204b",
        "FileName": "image_thumb_4.png",
        "DownloadUri": "./468045/dc254c08-8ffb-4b7f-85f6-2a10df16204b"
      },
      {
        "Id": "e471b428-74f2-48c3-a1d7-bbcd87638f59",
        "FileName": "image_12.png",
        "DownloadUri": "./468045/e471b428-74f2-48c3-a1d7-bbcd87638f59"
      },
      {
        "Id": "c0b697be-fa0e-415f-ac06-385cc1357137",
        "FileName": "image_thumb_5.png",
        "DownloadUri": "./468045/c0b697be-fa0e-415f-ac06-385cc1357137"
      },
      {
        "Id": "001020c8-5585-4c39-b4e6-039fd5b2fe47",
        "FileName": "image_14.png",
        "DownloadUri": "./468045/001020c8-5585-4c39-b4e6-039fd5b2fe47"
      },
      {
        "Id": "b5ba95aa-fe7a-4795-9405-05bc5d96bc0e",
        "FileName": "image_thumb_6.png",
        "DownloadUri": "./468045/b5ba95aa-fe7a-4795-9405-05bc5d96bc0e"
      },
      {
        "Id": "610a6719-a3e9-4929-9216-79c7b507ebc9",
        "FileName": "image_16.png",
        "DownloadUri": "./468045/610a6719-a3e9-4929-9216-79c7b507ebc9"
      },
      {
        "Id": "3a2aa90c-3a80-40a6-b5be-acc14b12abf5",
        "FileName": "image_thumb_7.png",
        "DownloadUri": "./468045/3a2aa90c-3a80-40a6-b5be-acc14b12abf5"
      },
      {
        "Id": "183db396-b248-42fb-89aa-3ebd9e0a168e",
        "FileName": "image_18.png",
        "DownloadUri": "./468045/183db396-b248-42fb-89aa-3ebd9e0a168e"
      },
      {
        "Id": "8b9f1596-f4ee-4f8f-8814-c4d43f9ccf89",
        "FileName": "image_thumb_8.png",
        "DownloadUri": "./468045/8b9f1596-f4ee-4f8f-8814-c4d43f9ccf89"
      },
      {
        "Id": "1fe6f62c-8ae1-4d36-91a6-ccc28d453df0",
        "FileName": "image_20.png",
        "DownloadUri": "./468045/1fe6f62c-8ae1-4d36-91a6-ccc28d453df0"
      },
      {
        "Id": "e41e448f-b4d5-482d-9065-35dceee8a258",
        "FileName": "image_thumb_9.png",
        "DownloadUri": "./468045/e41e448f-b4d5-482d-9065-35dceee8a258"
      },
      {
        "Id": "c5ef01b7-0717-4c0e-b528-badbad8e3e1b",
        "FileName": "image_22.png",
        "DownloadUri": "./468045/c5ef01b7-0717-4c0e-b528-badbad8e3e1b"
      },
      {
        "Id": "1066df92-bf5e-446a-9ff6-514580db4095",
        "FileName": "image_thumb_10.png",
        "DownloadUri": "./468045/1066df92-bf5e-446a-9ff6-514580db4095"
      },
      {
        "Id": "9315e431-ec3a-4709-8bd8-9c17feb90321",
        "FileName": "image_24.png",
        "DownloadUri": "./468045/9315e431-ec3a-4709-8bd8-9c17feb90321"
      },
      {
        "Id": "8ee01065-6f22-4b2b-9449-6e833098d04d",
        "FileName": "image_thumb_11.png",
        "DownloadUri": "./468045/8ee01065-6f22-4b2b-9449-6e833098d04d"
      },
      {
        "Id": "187a3226-28b6-4859-87d3-c462248bdf54",
        "FileName": "image_26.png",
        "DownloadUri": "./468045/187a3226-28b6-4859-87d3-c462248bdf54"
      },
      {
        "Id": "fa0785d3-c81d-43b0-bc7d-f2f70f7566a7",
        "FileName": "image_thumb_12.png",
        "DownloadUri": "./468045/fa0785d3-c81d-43b0-bc7d-f2f70f7566a7"
      },
      {
        "Id": "6f2986ba-c836-4606-aac8-745303ab72bb",
        "FileName": "image_28.png",
        "DownloadUri": "./468045/6f2986ba-c836-4606-aac8-745303ab72bb"
      },
      {
        "Id": "736dbb4e-3635-4b38-9281-feaae5e08c13",
        "FileName": "image_thumb_13.png",
        "DownloadUri": "./468045/736dbb4e-3635-4b38-9281-feaae5e08c13"
      },
      {
        "Id": "3f297fa1-aa8f-4c9c-b706-4ae971351401",
        "FileName": "image_30.png",
        "DownloadUri": "./468045/3f297fa1-aa8f-4c9c-b706-4ae971351401"
      },
      {
        "Id": "f8ad7ffa-dd61-421a-814a-0fb32635d775",
        "FileName": "image_thumb_14.png",
        "DownloadUri": "./468045/f8ad7ffa-dd61-421a-814a-0fb32635d775"
      },
      {
        "Id": "57054162-9a0e-45ed-98f8-895b0d8d0ddf",
        "FileName": "image_32.png",
        "DownloadUri": "./468045/57054162-9a0e-45ed-98f8-895b0d8d0ddf"
      },
      {
        "Id": "cc11adb6-a14d-4be1-a6ca-eb0260878c8f",
        "FileName": "image_thumb_15.png",
        "DownloadUri": "./468045/cc11adb6-a14d-4be1-a6ca-eb0260878c8f"
      },
      {
        "Id": "3cfa888e-1026-472f-9195-61ab279df9a2",
        "FileName": "image_34.png",
        "DownloadUri": "./468045/3cfa888e-1026-472f-9195-61ab279df9a2"
      },
      {
        "Id": "64b0ad9f-1261-4557-97dc-28ee2f5dc092",
        "FileName": "image_thumb_16.png",
        "DownloadUri": "./468045/64b0ad9f-1261-4557-97dc-28ee2f5dc092"
      },
      {
        "Id": "7e0b9c1a-4a20-496a-ba60-b3c26442f92c",
        "FileName": "image_36.png",
        "DownloadUri": "./468045/7e0b9c1a-4a20-496a-ba60-b3c26442f92c"
      },
      {
        "Id": "86019f82-a9cc-4263-a177-27e794e3c109",
        "FileName": "image_thumb_17.png",
        "DownloadUri": "./468045/86019f82-a9cc-4263-a177-27e794e3c109"
      },
      {
        "Id": "2bb4c76a-f8e2-458d-b9b2-f39f5c4f1df9",
        "FileName": "image_38.png",
        "DownloadUri": "./468045/2bb4c76a-f8e2-458d-b9b2-f39f5c4f1df9"
      },
      {
        "Id": "bbe13f89-fc46-4f2a-9427-e61fe12fa215",
        "FileName": "image_thumb_18.png",
        "DownloadUri": "./468045/bbe13f89-fc46-4f2a-9427-e61fe12fa215"
      },
      {
        "Id": "add9781b-8761-4bc2-a6c0-85029b10520f",
        "FileName": "image_40.png",
        "DownloadUri": "./468045/add9781b-8761-4bc2-a6c0-85029b10520f"
      },
      {
        "Id": "85f875b6-b8bb-4cbf-a720-a9d774b9203a",
        "FileName": "image_thumb_19.png",
        "DownloadUri": "./468045/85f875b6-b8bb-4cbf-a720-a9d774b9203a"
      },
      {
        "Id": "8c2d48d3-9b07-4e8e-b888-d5400d1eea13",
        "FileName": "image_42.png",
        "DownloadUri": "./468045/8c2d48d3-9b07-4e8e-b888-d5400d1eea13"
      },
      {
        "Id": "7dcb0691-ec77-428b-82cc-08efc4fb736b",
        "FileName": "image_thumb_20.png",
        "DownloadUri": "./468045/7dcb0691-ec77-428b-82cc-08efc4fb736b"
      },
      {
        "Id": "a61b89bd-bc6b-4bca-afb5-d79dbd1c3868",
        "FileName": "image_44.png",
        "DownloadUri": "./468045/a61b89bd-bc6b-4bca-afb5-d79dbd1c3868"
      },
      {
        "Id": "59772382-79c5-4162-b2f7-76139e7380f2",
        "FileName": "image_thumb_21.png",
        "DownloadUri": "./468045/59772382-79c5-4162-b2f7-76139e7380f2"
      },
      {
        "Id": "c40a10b4-88d0-4704-8033-4c600d788b61",
        "FileName": "image_46.png",
        "DownloadUri": "./468045/c40a10b4-88d0-4704-8033-4c600d788b61"
      },
      {
        "Id": "c2e54048-0ae0-468d-8cef-6afd0ce87b02",
        "FileName": "image_thumb_22.png",
        "DownloadUri": "./468045/c2e54048-0ae0-468d-8cef-6afd0ce87b02"
      },
      {
        "Id": "c013ec79-df26-4cbf-bb6c-b11148818acc",
        "FileName": "image_48.png",
        "DownloadUri": "./468045/c013ec79-df26-4cbf-bb6c-b11148818acc"
      },
      {
        "Id": "dd804c4a-bbf1-44b6-81fb-33404aee2bf9",
        "FileName": "image_thumb_23.png",
        "DownloadUri": "./468045/dd804c4a-bbf1-44b6-81fb-33404aee2bf9"
      },
      {
        "Id": "c4441327-9feb-4594-ad7a-a2cc3868ad2c",
        "FileName": "image_50.png",
        "DownloadUri": "./468045/c4441327-9feb-4594-ad7a-a2cc3868ad2c"
      },
      {
        "Id": "ecd94fa5-ccfc-4af3-8206-64a29d2b91fc",
        "FileName": "image_thumb_24.png",
        "DownloadUri": "./468045/ecd94fa5-ccfc-4af3-8206-64a29d2b91fc"
      },
      {
        "Id": "53a50a1c-125a-4c90-893f-164a29c86123",
        "FileName": "image_52.png",
        "DownloadUri": "./468045/53a50a1c-125a-4c90-893f-164a29c86123"
      },
      {
        "Id": "c29f44bd-bd85-4582-a971-f8b5bcec2f3d",
        "FileName": "image_thumb_25.png",
        "DownloadUri": "./468045/c29f44bd-bd85-4582-a971-f8b5bcec2f3d"
      },
      {
        "Id": "f2deecc9-e653-4742-984e-578252e8b39b",
        "FileName": "image_54.png",
        "DownloadUri": "./468045/f2deecc9-e653-4742-984e-578252e8b39b"
      },
      {
        "Id": "5afd2900-9287-4213-9617-80872f1be900",
        "FileName": "image_thumb_26.png",
        "DownloadUri": "./468045/5afd2900-9287-4213-9617-80872f1be900"
      },
      {
        "Id": "31f6cc2b-c8b2-4629-bbc9-39c178a34f24",
        "FileName": "image_56.png",
        "DownloadUri": "./468045/31f6cc2b-c8b2-4629-bbc9-39c178a34f24"
      },
      {
        "Id": "b19baa40-2095-4196-9d21-a4a19c95a6e6",
        "FileName": "image_thumb_27.png",
        "DownloadUri": "./468045/b19baa40-2095-4196-9d21-a4a19c95a6e6"
      },
      {
        "Id": "f90b117c-9117-47ae-9f15-669b7233cdc2",
        "FileName": "image_60.png",
        "DownloadUri": "./468045/f90b117c-9117-47ae-9f15-669b7233cdc2"
      },
      {
        "Id": "dc1eeeb0-57a0-4143-9db2-279be362a33a",
        "FileName": "image_thumb_29.png",
        "DownloadUri": "./468045/dc1eeeb0-57a0-4143-9db2-279be362a33a"
      },
      {
        "Id": "e75a423d-bbb4-46c3-b1ed-02cf5e49a827",
        "FileName": "image_62.png",
        "DownloadUri": "./468045/e75a423d-bbb4-46c3-b1ed-02cf5e49a827"
      },
      {
        "Id": "b43693ad-6a08-48fb-91bd-275a1b601c85",
        "FileName": "image_thumb_30.png",
        "DownloadUri": "./468045/b43693ad-6a08-48fb-91bd-275a1b601c85"
      },
      {
        "Id": "5018d9f2-635f-457b-acb0-144ca3bc4529",
        "FileName": "image_64.png",
        "DownloadUri": "./468045/5018d9f2-635f-457b-acb0-144ca3bc4529"
      },
      {
        "Id": "f73c9c50-679c-4801-949b-97eed6129970",
        "FileName": "image_thumb_31.png",
        "DownloadUri": "./468045/f73c9c50-679c-4801-949b-97eed6129970"
      },
      {
        "Id": "47bcd470-8e16-483a-83f7-a73e840c32b5",
        "FileName": "image_66.png",
        "DownloadUri": "./468045/47bcd470-8e16-483a-83f7-a73e840c32b5"
      },
      {
        "Id": "8270234f-6715-4887-ba2f-eeba62856350",
        "FileName": "image_thumb_32.png",
        "DownloadUri": "./468045/8270234f-6715-4887-ba2f-eeba62856350"
      },
      {
        "Id": "75f92dd1-f8bf-4c2b-baf2-b5e3fc9ffb28",
        "FileName": "image_68.png",
        "DownloadUri": "./468045/75f92dd1-f8bf-4c2b-baf2-b5e3fc9ffb28"
      },
      {
        "Id": "2171fe9a-49f3-44a0-8e84-fbbb8cfe504b",
        "FileName": "image_thumb_33.png",
        "DownloadUri": "./468045/2171fe9a-49f3-44a0-8e84-fbbb8cfe504b"
      },
      {
        "Id": "66993945-3455-4a28-ace5-5c1525d9871d",
        "FileName": "image_70.png",
        "DownloadUri": "./468045/66993945-3455-4a28-ace5-5c1525d9871d"
      },
      {
        "Id": "5f1082d1-ffd5-40da-a356-38cc52917215",
        "FileName": "image_thumb_34.png",
        "DownloadUri": "./468045/5f1082d1-ffd5-40da-a356-38cc52917215"
      },
      {
        "Id": "5d9ca104-56a5-4160-a4cd-b6bfb9bb4e31",
        "FileName": "image_72.png",
        "DownloadUri": "./468045/5d9ca104-56a5-4160-a4cd-b6bfb9bb4e31"
      },
      {
        "Id": "bc69d2ff-7f41-4eb7-b588-1b4a88825b2c",
        "FileName": "image_thumb_35.png",
        "DownloadUri": "./468045/bc69d2ff-7f41-4eb7-b588-1b4a88825b2c"
      },
      {
        "Id": "ba2ae225-03b3-4006-8947-ae0e48339853",
        "FileName": "image_2.png",
        "DownloadUri": "./468045/ba2ae225-03b3-4006-8947-ae0e48339853"
      },
      {
        "Id": "e11608de-2e58-497a-8c88-8fe9f125c1fc",
        "FileName": "image_thumb.png",
        "DownloadUri": "./468045/e11608de-2e58-497a-8c88-8fe9f125c1fc"
      },
      {
        "Id": "a9ea3aa5-3eb5-4fbe-9548-184382c3a1c8",
        "FileName": "image_4.png",
        "DownloadUri": "./468045/a9ea3aa5-3eb5-4fbe-9548-184382c3a1c8"
      },
      {
        "Id": "77b80b77-14e5-4b22-9b54-9bcdf664eef8",
        "FileName": "image_thumb_1.png",
        "DownloadUri": "./468045/77b80b77-14e5-4b22-9b54-9bcdf664eef8"
      },
      {
        "Id": "91b82dbd-c22f-46b8-9e85-2086ff6f562b",
        "FileName": "image_6.png",
        "DownloadUri": "./468045/91b82dbd-c22f-46b8-9e85-2086ff6f562b"
      },
      {
        "Id": "5a54fca2-5e5b-464d-b24c-333b1ddbc496",
        "FileName": "image_thumb_2.png",
        "DownloadUri": "./468045/5a54fca2-5e5b-464d-b24c-333b1ddbc496"
      },
      {
        "Id": "1a37e38f-901f-46ac-ac10-5f9435fe97f3",
        "FileName": "image_8.png",
        "DownloadUri": "./468045/1a37e38f-901f-46ac-ac10-5f9435fe97f3"
      },
      {
        "Id": "b9b08896-90a5-4ae9-aa9e-ef2ac6503e9d",
        "FileName": "image_thumb_3.png",
        "DownloadUri": "./468045/b9b08896-90a5-4ae9-aa9e-ef2ac6503e9d"
      },
      {
        "Id": "8658a5c7-c400-4f9f-8ca7-0204282770e8",
        "FileName": "image_10.png",
        "DownloadUri": "./468045/8658a5c7-c400-4f9f-8ca7-0204282770e8"
      },
      {
        "Id": "b8be1a49-ad8a-4138-9339-76ae731c1edc",
        "FileName": "image_thumb_4.png",
        "DownloadUri": "./468045/b8be1a49-ad8a-4138-9339-76ae731c1edc"
      },
      {
        "Id": "c07eefc6-0de3-41aa-835f-ead5c31f0aed",
        "FileName": "image_12.png",
        "DownloadUri": "./468045/c07eefc6-0de3-41aa-835f-ead5c31f0aed"
      },
      {
        "Id": "bfd5c312-9dbc-4960-bf60-17ca1728b0c1",
        "FileName": "image_thumb_5.png",
        "DownloadUri": "./468045/bfd5c312-9dbc-4960-bf60-17ca1728b0c1"
      },
      {
        "Id": "66bf0838-8f02-4a26-a282-da4396b5e742",
        "FileName": "image_14.png",
        "DownloadUri": "./468045/66bf0838-8f02-4a26-a282-da4396b5e742"
      },
      {
        "Id": "1519e088-0fdd-49a3-ac50-c3674353e8f5",
        "FileName": "image_thumb_6.png",
        "DownloadUri": "./468045/1519e088-0fdd-49a3-ac50-c3674353e8f5"
      },
      {
        "Id": "af781667-c740-446e-8044-fc0e89ca4546",
        "FileName": "image_16.png",
        "DownloadUri": "./468045/af781667-c740-446e-8044-fc0e89ca4546"
      },
      {
        "Id": "d614a21a-9624-465f-b5bc-e7a64a67ba8e",
        "FileName": "image_thumb_7.png",
        "DownloadUri": "./468045/d614a21a-9624-465f-b5bc-e7a64a67ba8e"
      },
      {
        "Id": "9af32c0a-963c-4ce2-97da-f6570b78ad4b",
        "FileName": "image_18.png",
        "DownloadUri": "./468045/9af32c0a-963c-4ce2-97da-f6570b78ad4b"
      },
      {
        "Id": "104e1846-535b-4e5a-b521-2b22f8a6fb9c",
        "FileName": "image_thumb_8.png",
        "DownloadUri": "./468045/104e1846-535b-4e5a-b521-2b22f8a6fb9c"
      },
      {
        "Id": "5220db69-676d-4055-9210-c9fccf4c1b69",
        "FileName": "image_20.png",
        "DownloadUri": "./468045/5220db69-676d-4055-9210-c9fccf4c1b69"
      },
      {
        "Id": "8f801a50-308b-46ed-a05f-90082f9505ed",
        "FileName": "image_thumb_9.png",
        "DownloadUri": "./468045/8f801a50-308b-46ed-a05f-90082f9505ed"
      },
      {
        "Id": "9bdc5ce7-f7ed-4960-bcbb-91aff003ef2e",
        "FileName": "image_22.png",
        "DownloadUri": "./468045/9bdc5ce7-f7ed-4960-bcbb-91aff003ef2e"
      },
      {
        "Id": "e6c3f72a-456d-4e0b-9d68-7269d7089334",
        "FileName": "image_thumb_10.png",
        "DownloadUri": "./468045/e6c3f72a-456d-4e0b-9d68-7269d7089334"
      },
      {
        "Id": "3a80779f-1d7c-44a9-a17b-645b6c2f8bf0",
        "FileName": "image_24.png",
        "DownloadUri": "./468045/3a80779f-1d7c-44a9-a17b-645b6c2f8bf0"
      },
      {
        "Id": "7f868062-ded6-46c1-8b88-54754f7a21a7",
        "FileName": "image_thumb_11.png",
        "DownloadUri": "./468045/7f868062-ded6-46c1-8b88-54754f7a21a7"
      },
      {
        "Id": "6ef6a24b-b623-4eb4-93d0-c596816091ee",
        "FileName": "image_26.png",
        "DownloadUri": "./468045/6ef6a24b-b623-4eb4-93d0-c596816091ee"
      },
      {
        "Id": "44fc28a1-4443-403f-b2c5-febd848006c3",
        "FileName": "image_thumb_12.png",
        "DownloadUri": "./468045/44fc28a1-4443-403f-b2c5-febd848006c3"
      },
      {
        "Id": "e6541ca7-30b6-4a7f-857b-9aaca118cd69",
        "FileName": "image_28.png",
        "DownloadUri": "./468045/e6541ca7-30b6-4a7f-857b-9aaca118cd69"
      },
      {
        "Id": "8bb96fc6-3df8-4de2-ac02-6dae87162d37",
        "FileName": "image_thumb_13.png",
        "DownloadUri": "./468045/8bb96fc6-3df8-4de2-ac02-6dae87162d37"
      },
      {
        "Id": "e9575f67-5156-41b3-9bc8-91027ad3cdfb",
        "FileName": "image_30.png",
        "DownloadUri": "./468045/e9575f67-5156-41b3-9bc8-91027ad3cdfb"
      },
      {
        "Id": "029f0d7b-abf8-4030-81b5-1254ee4bf585",
        "FileName": "image_thumb_14.png",
        "DownloadUri": "./468045/029f0d7b-abf8-4030-81b5-1254ee4bf585"
      },
      {
        "Id": "1d2a5cec-864b-4b3e-b969-66bc1c247d7b",
        "FileName": "image_32.png",
        "DownloadUri": "./468045/1d2a5cec-864b-4b3e-b969-66bc1c247d7b"
      },
      {
        "Id": "61f5a587-733f-4da9-a1b0-9c6899887707",
        "FileName": "image_thumb_15.png",
        "DownloadUri": "./468045/61f5a587-733f-4da9-a1b0-9c6899887707"
      },
      {
        "Id": "8e580fc2-b027-465c-bdfc-3f61d9e843a1",
        "FileName": "image_34.png",
        "DownloadUri": "./468045/8e580fc2-b027-465c-bdfc-3f61d9e843a1"
      },
      {
        "Id": "f1753b59-7c21-4e1b-89f3-9af89f6f89b1",
        "FileName": "image_thumb_16.png",
        "DownloadUri": "./468045/f1753b59-7c21-4e1b-89f3-9af89f6f89b1"
      },
      {
        "Id": "561e9faa-7d2d-4405-b8e5-9b3c6eb2dd96",
        "FileName": "image_36.png",
        "DownloadUri": "./468045/561e9faa-7d2d-4405-b8e5-9b3c6eb2dd96"
      },
      {
        "Id": "45165fcf-ab00-460e-859e-584f3a677e41",
        "FileName": "image_thumb_17.png",
        "DownloadUri": "./468045/45165fcf-ab00-460e-859e-584f3a677e41"
      },
      {
        "Id": "8d2cf028-2ac2-4e46-bfbc-3e014c634fe8",
        "FileName": "image_38.png",
        "DownloadUri": "./468045/8d2cf028-2ac2-4e46-bfbc-3e014c634fe8"
      },
      {
        "Id": "5c6981b9-fa5a-46ff-a6b5-5d7b24ecd6fe",
        "FileName": "image_thumb_18.png",
        "DownloadUri": "./468045/5c6981b9-fa5a-46ff-a6b5-5d7b24ecd6fe"
      },
      {
        "Id": "f6582c45-f8f7-4255-bd4c-10de5eaffb64",
        "FileName": "image_40.png",
        "DownloadUri": "./468045/f6582c45-f8f7-4255-bd4c-10de5eaffb64"
      },
      {
        "Id": "116129b9-9a4b-4ee0-9cef-a96d99740f79",
        "FileName": "image_thumb_19.png",
        "DownloadUri": "./468045/116129b9-9a4b-4ee0-9cef-a96d99740f79"
      },
      {
        "Id": "6f4413d2-9bad-4422-b340-6527379434e1",
        "FileName": "image_42.png",
        "DownloadUri": "./468045/6f4413d2-9bad-4422-b340-6527379434e1"
      },
      {
        "Id": "360cfb89-fe68-4c9a-a9ef-000f4b2ba194",
        "FileName": "image_thumb_20.png",
        "DownloadUri": "./468045/360cfb89-fe68-4c9a-a9ef-000f4b2ba194"
      },
      {
        "Id": "5f926adb-37ac-496f-a7e3-ab42c2696ef3",
        "FileName": "image_44.png",
        "DownloadUri": "./468045/5f926adb-37ac-496f-a7e3-ab42c2696ef3"
      },
      {
        "Id": "35290105-169e-4ab3-b02f-8e378f0f1047",
        "FileName": "image_thumb_21.png",
        "DownloadUri": "./468045/35290105-169e-4ab3-b02f-8e378f0f1047"
      },
      {
        "Id": "06819d96-a659-464d-bb1d-4fe103745809",
        "FileName": "image_46.png",
        "DownloadUri": "./468045/06819d96-a659-464d-bb1d-4fe103745809"
      },
      {
        "Id": "0137161c-fc52-437c-ac9d-f0db1e324ae4",
        "FileName": "image_thumb_22.png",
        "DownloadUri": "./468045/0137161c-fc52-437c-ac9d-f0db1e324ae4"
      },
      {
        "Id": "69bebcf8-12e7-4df3-814a-0d711c26a810",
        "FileName": "image_48.png",
        "DownloadUri": "./468045/69bebcf8-12e7-4df3-814a-0d711c26a810"
      },
      {
        "Id": "26a750a2-e8f9-4c61-8840-18cbd38fb88e",
        "FileName": "image_thumb_23.png",
        "DownloadUri": "./468045/26a750a2-e8f9-4c61-8840-18cbd38fb88e"
      },
      {
        "Id": "c1c96651-216d-45a7-a60b-4b9439d2efab",
        "FileName": "image_50.png",
        "DownloadUri": "./468045/c1c96651-216d-45a7-a60b-4b9439d2efab"
      },
      {
        "Id": "81389c90-7bd6-4864-8076-f6a691eab8e4",
        "FileName": "image_thumb_24.png",
        "DownloadUri": "./468045/81389c90-7bd6-4864-8076-f6a691eab8e4"
      },
      {
        "Id": "97bdb37e-616f-4ade-9c2f-d9d11081989d",
        "FileName": "image_52.png",
        "DownloadUri": "./468045/97bdb37e-616f-4ade-9c2f-d9d11081989d"
      },
      {
        "Id": "bcb6c0d2-3de9-420b-b3bb-d52c2c72a057",
        "FileName": "image_thumb_25.png",
        "DownloadUri": "./468045/bcb6c0d2-3de9-420b-b3bb-d52c2c72a057"
      },
      {
        "Id": "c83a3b85-e8a7-41fd-82cc-de5ed4992d86",
        "FileName": "image_54.png",
        "DownloadUri": "./468045/c83a3b85-e8a7-41fd-82cc-de5ed4992d86"
      },
      {
        "Id": "18a581c6-871d-4f99-bf1a-69741fd6d3f7",
        "FileName": "image_thumb_26.png",
        "DownloadUri": "./468045/18a581c6-871d-4f99-bf1a-69741fd6d3f7"
      },
      {
        "Id": "48afbe97-156b-47ba-907a-a4969af806e7",
        "FileName": "image_56.png",
        "DownloadUri": "./468045/48afbe97-156b-47ba-907a-a4969af806e7"
      },
      {
        "Id": "96b4c4e6-7e9d-44eb-82f9-55db6562aa96",
        "FileName": "image_thumb_27.png",
        "DownloadUri": "./468045/96b4c4e6-7e9d-44eb-82f9-55db6562aa96"
      },
      {
        "Id": "2e2e06b0-365d-449e-8793-60f770dc984c",
        "FileName": "image_60.png",
        "DownloadUri": "./468045/2e2e06b0-365d-449e-8793-60f770dc984c"
      },
      {
        "Id": "cf8cca93-7a3f-486a-b1ca-1a701dd49feb",
        "FileName": "image_thumb_29.png",
        "DownloadUri": "./468045/cf8cca93-7a3f-486a-b1ca-1a701dd49feb"
      },
      {
        "Id": "b6087a02-04ac-45c9-b56f-fb718d6c84d1",
        "FileName": "image_62.png",
        "DownloadUri": "./468045/b6087a02-04ac-45c9-b56f-fb718d6c84d1"
      },
      {
        "Id": "3827ab2e-c981-4872-93f9-cd095c5c799a",
        "FileName": "image_thumb_30.png",
        "DownloadUri": "./468045/3827ab2e-c981-4872-93f9-cd095c5c799a"
      },
      {
        "Id": "a19d4584-a338-40e0-8461-3daad09a5b95",
        "FileName": "image_64.png",
        "DownloadUri": "./468045/a19d4584-a338-40e0-8461-3daad09a5b95"
      },
      {
        "Id": "f0e8d05c-7390-45d6-8eaa-879f4c17776b",
        "FileName": "image_thumb_31.png",
        "DownloadUri": "./468045/f0e8d05c-7390-45d6-8eaa-879f4c17776b"
      },
      {
        "Id": "bf9398c5-c43c-46ad-ba08-27ba252aa7f2",
        "FileName": "image_66.png",
        "DownloadUri": "./468045/bf9398c5-c43c-46ad-ba08-27ba252aa7f2"
      },
      {
        "Id": "152d2cbc-3869-4a0e-8de9-686b7c5f6b2d",
        "FileName": "image_thumb_32.png",
        "DownloadUri": "./468045/152d2cbc-3869-4a0e-8de9-686b7c5f6b2d"
      },
      {
        "Id": "88aa6d89-c38e-45ad-9a69-866da5811f32",
        "FileName": "image_68.png",
        "DownloadUri": "./468045/88aa6d89-c38e-45ad-9a69-866da5811f32"
      },
      {
        "Id": "7124fdd3-55d1-4b81-9b0a-06e5f9b8963b",
        "FileName": "image_thumb_33.png",
        "DownloadUri": "./468045/7124fdd3-55d1-4b81-9b0a-06e5f9b8963b"
      },
      {
        "Id": "11613d71-edd9-4f75-8446-dcd376a4e6d4",
        "FileName": "image_70.png",
        "DownloadUri": "./468045/11613d71-edd9-4f75-8446-dcd376a4e6d4"
      },
      {
        "Id": "34ef8942-ffa8-4224-a4aa-5ac5bbc2090f",
        "FileName": "image_thumb_34.png",
        "DownloadUri": "./468045/34ef8942-ffa8-4224-a4aa-5ac5bbc2090f"
      },
      {
        "Id": "e33240fb-d9f2-4cd6-a2dc-8c73b1795236",
        "FileName": "image_72.png",
        "DownloadUri": "./468045/e33240fb-d9f2-4cd6-a2dc-8c73b1795236"
      },
      {
        "Id": "27db9130-aeb0-4389-90b5-6d64b0d151d4",
        "FileName": "image_thumb_35.png",
        "DownloadUri": "./468045/27db9130-aeb0-4389-90b5-6d64b0d151d4"
      }
    ]
  }
]
